Nível;Cód.;Unidade da Federação e Município;Grupo de idade;Total
UF;11;Rondônia;Total;108535
UF;12;Acre;Total;58983
UF;13;Amazonas;Total;266814
UF;14;Roraima;Total;34316
UF;15;Pará;Total;577865
UF;16;Amapá;Total;50354
UF;17;Tocantins;Total;101554
UF;21;Maranhão;Total;536103
UF;22;Piauí;Total;297694
UF;23;Ceará;Total;766728
UF;24;Rio Grande do Norte;Total;285304
UF;25;Paraíba;Total;334563
UF;26;Pernambuco;Total;788647
UF;27;Alagoas;Total;291546
UF;28;Sergipe;Total;186218
UF;29;Bahia;Total;1093719
UF;31;Minas Gerais;Total;1472199
UF;32;Espírito Santo;Total;268820
UF;33;Rio de Janeiro;Total;1160784
UF;35;São Paulo;Total;2755978
UF;41;Paraná;Total;715143
UF;42;Santa Catarina;Total;447842
UF;43;Rio Grande do Sul;Total;772077
UF;50;Mato Grosso do Sul;Total;174859
UF;51;Mato Grosso;Total;202822
UF;52;Goiás;Total;482007
UF;53;Distrito Federal;Total;169396
MU;1100015;Alta Floresta D'Oeste (RO);Total;1432
MU;1100023;Ariquemes (RO);Total;5956
MU;1100031;Cabixi (RO);Total;292
MU;1100049;Cacoal (RO);Total;6110
MU;1100056;Cerejeiras (RO);Total;830
MU;1100064;Colorado do Oeste (RO);Total;1039
MU;1100072;Corumbiara (RO);Total;267
MU;1100080;Costa Marques (RO);Total;1007
MU;1100098;Espigão D'Oeste (RO);Total;2017
MU;1100106;Guajará-Mirim (RO);Total;2510
MU;1100114;Jaru (RO);Total;3280
MU;1100122;Ji-Paraná (RO);Total;8103
MU;1100130;Machadinho D'Oeste (RO);Total;2763
MU;1100148;Nova Brasilândia D'Oeste (RO);Total;1030
MU;1100155;Ouro Preto do Oeste (RO);Total;2046
MU;1100189;Pimenta Bueno (RO);Total;2596
MU;1100205;Porto Velho (RO);Total;33263
MU;1100254;Presidente Médici (RO);Total;914
MU;1100262;Rio Crespo (RO);Total;284
MU;1100288;Rolim de Moura (RO);Total;4037
MU;1100296;Santa Luzia D'Oeste (RO);Total;677
MU;1100304;Vilhena (RO);Total;5590
MU;1100320;São Miguel do Guaporé (RO);Total;1565
MU;1100338;Nova Mamoré (RO);Total;2050
MU;1100346;Alvorada D'Oeste (RO);Total;859
MU;1100379;Alto Alegre dos Parecis (RO);Total;667
MU;1100403;Alto Paraíso (RO);Total;1480
MU;1100452;Buritis (RO);Total;2336
MU;1100502;Novo Horizonte do Oeste (RO);Total;517
MU;1100601;Cacaulândia (RO);Total;293
MU;1100700;Campo Novo de Rondônia (RO);Total;467
MU;1100809;Candeias do Jamari (RO);Total;1853
MU;1100908;Castanheiras (RO);Total;273
MU;1100924;Chupinguaia (RO);Total;410
MU;1100940;Cujubim (RO);Total;935
MU;1101005;Governador Jorge Teixeira (RO);Total;400
MU;1101104;Itapuã do Oeste (RO);Total;665
MU;1101203;Ministro Andreazza (RO);Total;361
MU;1101302;Mirante da Serra (RO);Total;585
MU;1101401;Monte Negro (RO);Total;745
MU;1101435;Nova União (RO);Total;475
MU;1101450;Parecis (RO);Total;211
MU;1101468;Pimenteiras do Oeste (RO);Total;129
MU;1101476;Primavera de Rondônia (RO);Total;306
MU;1101484;São Felipe D'Oeste (RO);Total;504
MU;1101492;São Francisco do Guaporé (RO);Total;1261
MU;1101500;Seringueiras (RO);Total;672
MU;1101559;Teixeirópolis (RO);Total;345
MU;1101609;Theobroma (RO);Total;497
MU;1101708;Urupá (RO);Total;537
MU;1101757;Vale do Anari (RO);Total;619
MU;1101807;Vale do Paraíso (RO);Total;474
MU;1200013;Acrelândia (AC);Total;905
MU;1200054;Assis Brasil (AC);Total;513
MU;1200104;Brasiléia (AC);Total;2255
MU;1200138;Bujari (AC);Total;1066
MU;1200179;Capixaba (AC);Total;508
MU;1200203;Cruzeiro do Sul (AC);Total;5628
MU;1200252;Epitaciolândia (AC);Total;1238
MU;1200302;Feijó (AC);Total;2736
MU;1200328;Jordão (AC);Total;457
MU;1200336;Mâncio Lima (AC);Total;1244
MU;1200344;Manoel Urbano (AC);Total;804
MU;1200351;Marechal Thaumaturgo (AC);Total;1015
MU;1200385;Plácido de Castro (AC);Total;1634
MU;1200393;Porto Walter (AC);Total;762
MU;1200401;Rio Branco (AC);Total;27085
MU;1200427;Rodrigues Alves (AC);Total;1158
MU;1200435;Santa Rosa do Purus (AC);Total;215
MU;1200450;Senador Guiomard (AC);Total;1214
MU;1200500;Sena Madureira (AC);Total;2645
MU;1200609;Tarauacá (AC);Total;3052
MU;1200708;Xapuri (AC);Total;1407
MU;1200807;Porto Acre (AC);Total;1443
MU;1300029;Alvarães (AM);Total;541
MU;1300060;Amaturá (AM);Total;452
MU;1300086;Anamã (AM);Total;708
MU;1300102;Anori (AM);Total;907
MU;1300144;Apuí (AM);Total;1238
MU;1300201;Atalaia do Norte (AM);Total;1014
MU;1300300;Autazes (AM);Total;2562
MU;1300409;Barcelos (AM);Total;618
MU;1300508;Barreirinha (AM);Total;1382
MU;1300607;Benjamin Constant (AM);Total;1715
MU;1300631;Beruri (AM);Total;1112
MU;1300680;Boa Vista do Ramos (AM);Total;765
MU;1300706;Boca do Acre (AM);Total;2406
MU;1300805;Borba (AM);Total;2046
MU;1300839;Caapiranga (AM);Total;936
MU;1300904;Canutama (AM);Total;1748
MU;1301001;Carauari (AM);Total;2125
MU;1301100;Careiro (AM);Total;3331
MU;1301159;Careiro da Várzea (AM);Total;1605
MU;1301209;Coari (AM);Total;4388
MU;1301308;Codajás (AM);Total;1470
MU;1301407;Eirunepé (AM);Total;2259
MU;1301506;Envira (AM);Total;1508
MU;1301605;Fonte Boa (AM);Total;1357
MU;1301654;Guajará (AM);Total;1018
MU;1301704;Humaitá (AM);Total;3533
MU;1301803;Ipixuna (AM);Total;1170
MU;1301852;Iranduba (AM);Total;4777
MU;1301902;Itacoatiara (AM);Total;7022
MU;1301951;Itamarati (AM);Total;719
MU;1302009;Itapiranga (AM);Total;925
MU;1302108;Japurá (AM);Total;436
MU;1302207;Juruá (AM);Total;1273
MU;1302306;Jutaí (AM);Total;1088
MU;1302405;Lábrea (AM);Total;3085
MU;1302504;Manacapuru (AM);Total;8320
MU;1302553;Manaquiri (AM);Total;1268
MU;1302603;Manaus (AM);Total;147873
MU;1302702;Manicoré (AM);Total;2422
MU;1302801;Maraã (AM);Total;1219
MU;1302900;Maués (AM);Total;3153
MU;1303007;Nhamundá (AM);Total;906
MU;1303106;Nova Olinda do Norte (AM);Total;2259
MU;1303205;Novo Airão (AM);Total;1695
MU;1303304;Novo Aripuanã (AM);Total;1753
MU;1303403;Parintins (AM);Total;6026
MU;1303502;Pauini (AM);Total;1254
MU;1303536;Presidente Figueiredo (AM);Total;2457
MU;1303569;Rio Preto da Eva (AM);Total;2484
MU;1303601;Santa Isabel do Rio Negro (AM);Total;507
MU;1303700;Santo Antônio do Içá (AM);Total;1174
MU;1303809;São Gabriel da Cachoeira (AM);Total;1989
MU;1303908;São Paulo de Olivença (AM);Total;1074
MU;1303957;São Sebastião do Uatumã (AM);Total;701
MU;1304005;Silves (AM);Total;664
MU;1304062;Tabatinga (AM);Total;3101
MU;1304104;Tapauá (AM);Total;1412
MU;1304203;Tefé (AM);Total;6030
MU;1304237;Tonantins (AM);Total;1015
MU;1304260;Uarini (AM);Total;796
MU;1304302;Urucará (AM);Total;1124
MU;1304401;Urucurituba (AM);Total;900
MU;1400027;Amajari (RR);Total;421
MU;1400050;Alto Alegre (RR);Total;800
MU;1400100;Boa Vista (RR);Total;23602
MU;1400159;Bonfim (RR);Total;488
MU;1400175;Cantá (RR);Total;997
MU;1400209;Caracaraí (RR);Total;1576
MU;1400233;Caroebe (RR);Total;555
MU;1400282;Iracema (RR);Total;701
MU;1400308;Mucajaí (RR);Total;967
MU;1400407;Normandia (RR);Total;439
MU;1400456;Pacaraima (RR);Total;898
MU;1400472;Rorainópolis (RR);Total;1627
MU;1400506;São João da Baliza (RR);Total;692
MU;1400605;São Luiz (RR);Total;342
MU;1400704;Uiramutã (RR);Total;212
MU;1500107;Abaetetuba (PA);Total;14524
MU;1500131;Abel Figueiredo (PA);Total;643
MU;1500206;Acará (PA);Total;3963
MU;1500305;Afuá (PA);Total;2402
MU;1500347;Água Azul do Norte (PA);Total;731
MU;1500404;Alenquer (PA);Total;3771
MU;1500503;Almeirim (PA);Total;2167
MU;1500602;Altamira (PA);Total;8665
MU;1500701;Anajás (PA);Total;1419
MU;1500800;Ananindeua (PA);Total;36914
MU;1500859;Anapu (PA);Total;1857
MU;1500909;Augusto Corrêa (PA);Total;3272
MU;1500958;Aurora do Pará (PA);Total;1741
MU;1501006;Aveiro (PA);Total;947
MU;1501105;Bagre (PA);Total;1199
MU;1501204;Baião (PA);Total;2313
MU;1501253;Bannach (PA);Total;208
MU;1501303;Barcarena (PA);Total;8941
MU;1501402;Belém (PA);Total;108490
MU;1501451;Belterra (PA);Total;1267
MU;1501501;Benevides (PA);Total;5176
MU;1501576;Bom Jesus do Tocantins (PA);Total;1588
MU;1501600;Bonito (PA);Total;1100
MU;1501709;Bragança (PA);Total;9965
MU;1501725;Brasil Novo (PA);Total;1075
MU;1501758;Brejo Grande do Araguaia (PA);Total;526
MU;1501782;Breu Branco (PA);Total;3541
MU;1501808;Breves (PA);Total;8764
MU;1501907;Bujaru (PA);Total;2167
MU;1501956;Cachoeira do Piriá (PA);Total;1477
MU;1502004;Cachoeira do Arari (PA);Total;1420
MU;1502103;Cametá (PA);Total;10774
MU;1502152;Canaã dos Carajás (PA);Total;3695
MU;1502202;Capanema (PA);Total;6112
MU;1502301;Capitão Poço (PA);Total;3917
MU;1502400;Castanhal (PA);Total;14538
MU;1502509;Chaves (PA);Total;870
MU;1502608;Colares (PA);Total;1124
MU;1502707;Conceição do Araguaia (PA);Total;3475
MU;1502756;Concórdia do Pará (PA);Total;2794
MU;1502764;Cumaru do Norte (PA);Total;766
MU;1502772;Curionópolis (PA);Total;1335
MU;1502806;Curralinho (PA);Total;2473
MU;1502855;Curuá (PA);Total;566
MU;1502905;Curuçá (PA);Total;3018
MU;1502939;Dom Eliseu (PA);Total;3572
MU;1502954;Eldorado do Carajás (PA);Total;1782
MU;1503002;Faro (PA);Total;375
MU;1503044;Floresta do Araguaia (PA);Total;1425
MU;1503077;Garrafão do Norte (PA);Total;1682
MU;1503093;Goianésia do Pará (PA);Total;1969
MU;1503101;Gurupá (PA);Total;1996
MU;1503200;Igarapé-Açu (PA);Total;2731
MU;1503309;Igarapé-Miri (PA);Total;5633
MU;1503408;Inhangapi (PA);Total;717
MU;1503457;Ipixuna do Pará (PA);Total;1661
MU;1503507;Irituia (PA);Total;3211
MU;1503606;Itaituba (PA);Total;6457
MU;1503705;Itupiranga (PA);Total;2398
MU;1503754;Jacareacanga (PA);Total;988
MU;1503804;Jacundá (PA);Total;2840
MU;1503903;Juruti (PA);Total;2648
MU;1504000;Limoeiro do Ajuru (PA);Total;2110
MU;1504059;Mãe do Rio (PA);Total;2632
MU;1504109;Magalhães Barata (PA);Total;548
MU;1504208;Marabá (PA);Total;16732
MU;1504307;Maracanã (PA);Total;2032
MU;1504406;Marapanim (PA);Total;2198
MU;1504422;Marituba (PA);Total;8873
MU;1504455;Medicilândia (PA);Total;2017
MU;1504505;Melgaço (PA);Total;1499
MU;1504604;Mocajuba (PA);Total;2691
MU;1504703;Moju (PA);Total;5794
MU;1504752;Mojuí dos Campos (PA);Total;1472
MU;1504802;Monte Alegre (PA);Total;4407
MU;1504901;Muaná (PA);Total;3755
MU;1504950;Nova Esperança do Piriá (PA);Total;1477
MU;1504976;Nova Ipixuna (PA);Total;944
MU;1505007;Nova Timboteua (PA);Total;1087
MU;1505031;Novo Progresso (PA);Total;1380
MU;1505064;Novo Repartimento (PA);Total;3963
MU;1505106;Óbidos (PA);Total;3160
MU;1505205;Oeiras do Pará (PA);Total;2013
MU;1505304;Oriximiná (PA);Total;4220
MU;1505403;Ourém (PA);Total;1430
MU;1505437;Ourilândia do Norte (PA);Total;1565
MU;1505486;Pacajá (PA);Total;2671
MU;1505494;Palestina do Pará (PA);Total;428
MU;1505502;Paragominas (PA);Total;5953
MU;1505536;Parauapebas (PA);Total;12657
MU;1505551;Pau D'Arco (PA);Total;573
MU;1505601;Peixe-Boi (PA);Total;690
MU;1505635;Piçarra (PA);Total;657
MU;1505650;Placas (PA);Total;846
MU;1505700;Ponta de Pedras (PA);Total;1900
MU;1505809;Portel (PA);Total;4466
MU;1505908;Porto de Moz (PA);Total;2310
MU;1506005;Prainha (PA);Total;1573
MU;1506104;Primavera (PA);Total;873
MU;1506112;Quatipuru (PA);Total;1092
MU;1506138;Redenção (PA);Total;6145
MU;1506161;Rio Maria (PA);Total;1546
MU;1506187;Rondon do Pará (PA);Total;3366
MU;1506195;Rurópolis (PA);Total;1871
MU;1506203;Salinópolis (PA);Total;3649
MU;1506302;Salvaterra (PA);Total;2105
MU;1506351;Santa Bárbara do Pará (PA);Total;2128
MU;1506401;Santa Cruz do Arari (PA);Total;499
MU;1506500;Santa Izabel do Pará (PA);Total;4863
MU;1506559;Santa Luzia do Pará (PA);Total;1985
MU;1506583;Santa Maria das Barreiras (PA);Total;1242
MU;1506609;Santa Maria do Pará (PA);Total;1958
MU;1506708;Santana do Araguaia (PA);Total;2132
MU;1506807;Santarém (PA);Total;19465
MU;1506906;Santarém Novo (PA);Total;325
MU;1507003;Santo Antônio do Tauá (PA);Total;2560
MU;1507102;São Caetano de Odivelas (PA);Total;1049
MU;1507151;São Domingos do Araguaia (PA);Total;1946
MU;1507201;São Domingos do Capim (PA);Total;2057
MU;1507300;São Félix do Xingu (PA);Total;3451
MU;1507409;São Francisco do Pará (PA);Total;1001
MU;1507458;São Geraldo do Araguaia (PA);Total;1439
MU;1507466;São João da Ponta (PA);Total;435
MU;1507474;São João de Pirabas (PA);Total;2139
MU;1507508;São João do Araguaia (PA);Total;1598
MU;1507607;São Miguel do Guamá (PA);Total;4700
MU;1507706;São Sebastião da Boa Vista (PA);Total;1706
MU;1507755;Sapucaia (PA);Total;176
MU;1507805;Senador José Porfírio (PA);Total;1872
MU;1507904;Soure (PA);Total;1478
MU;1507953;Tailândia (PA);Total;5235
MU;1507961;Terra Alta (PA);Total;944
MU;1507979;Terra Santa (PA);Total;1154
MU;1508001;Tomé-Açu (PA);Total;4661
MU;1508035;Tracuateua (PA);Total;2538
MU;1508050;Trairão (PA);Total;814
MU;1508084;Tucumã (PA);Total;2099
MU;1508100;Tucuruí (PA);Total;6255
MU;1508126;Ulianópolis (PA);Total;1510
MU;1508159;Uruará (PA);Total;2584
MU;1508209;Vigia (PA);Total;4893
MU;1508308;Viseu (PA);Total;4648
MU;1508357;Vitória do Xingu (PA);Total;1666
MU;1508407;Xinguara (PA);Total;3513
MU;1600055;Serra do Navio (AP);Total;274
MU;1600105;Amapá (AP);Total;475
MU;1600154;Pedra Branca do Amapari (AP);Total;825
MU;1600204;Calçoene (AP);Total;448
MU;1600212;Cutias (AP);Total;252
MU;1600238;Ferreira Gomes (AP);Total;490
MU;1600253;Itaubal (AP);Total;204
MU;1600279;Laranjal do Jari (AP);Total;3033
MU;1600303;Macapá (AP);Total;29863
MU;1600402;Mazagão (AP);Total;1231
MU;1600501;Oiapoque (AP);Total;1129
MU;1600535;Porto Grande (AP);Total;1263
MU;1600550;Pracuúba (AP);Total;89
MU;1600600;Santana (AP);Total;9222
MU;1600709;Tartarugalzinho (AP);Total;727
MU;1600808;Vitória do Jari (AP);Total;829
MU;1700251;Abreulândia (TO);Total;131
MU;1700301;Aguiarnópolis (TO);Total;373
MU;1700350;Aliança do Tocantins (TO);Total;430
MU;1700400;Almas (TO);Total;457
MU;1700707;Alvorada (TO);Total;1186
MU;1701002;Ananás (TO);Total;787
MU;1701051;Angico (TO);Total;264
MU;1701101;Aparecida do Rio Negro (TO);Total;362
MU;1701309;Aragominas (TO);Total;446
MU;1701903;Araguacema (TO);Total;272
MU;1702000;Araguaçu (TO);Total;502
MU;1702109;Araguaína (TO);Total;12580
MU;1702158;Araguanã (TO);Total;374
MU;1702208;Araguatins (TO);Total;2164
MU;1702307;Arapoema (TO);Total;318
MU;1702406;Arraias (TO);Total;546
MU;1702554;Augustinópolis (TO);Total;1159
MU;1702703;Aurora do Tocantins (TO);Total;276
MU;1702901;Axixá do Tocantins (TO);Total;628
MU;1703008;Babaçulândia (TO);Total;530
MU;1703057;Bandeirantes do Tocantins (TO);Total;194
MU;1703073;Barra do Ouro (TO);Total;333
MU;1703107;Barrolândia (TO);Total;422
MU;1703206;Bernardo Sayão (TO);Total;359
MU;1703305;Bom Jesus do Tocantins (TO);Total;359
MU;1703602;Brasilândia do Tocantins (TO);Total;146
MU;1703701;Brejinho de Nazaré (TO);Total;434
MU;1703800;Buriti do Tocantins (TO);Total;507
MU;1703826;Cachoeirinha (TO);Total;165
MU;1703842;Campos Lindos (TO);Total;310
MU;1703867;Cariri do Tocantins (TO);Total;191
MU;1703883;Carmolândia (TO);Total;165
MU;1703891;Carrasco Bonito (TO);Total;106
MU;1703909;Caseara (TO);Total;409
MU;1704105;Centenário (TO);Total;86
MU;1704600;Chapada de Areia (TO);Total;113
MU;1705102;Chapada da Natividade (TO);Total;244
MU;1705508;Colinas do Tocantins (TO);Total;2638
MU;1705557;Combinado (TO);Total;230
MU;1705607;Conceição do Tocantins (TO);Total;187
MU;1706001;Couto Magalhães (TO);Total;583
MU;1706100;Cristalândia (TO);Total;422
MU;1706258;Crixás do Tocantins (TO);Total;118
MU;1706506;Darcinópolis (TO);Total;399
MU;1707009;Dianópolis (TO);Total;1132
MU;1707108;Divinópolis do Tocantins (TO);Total;346
MU;1707207;Dois Irmãos do Tocantins (TO);Total;550
MU;1707306;Dueré (TO);Total;511
MU;1707405;Esperantina (TO);Total;694
MU;1707553;Fátima (TO);Total;311
MU;1707652;Figueirópolis (TO);Total;343
MU;1707702;Filadélfia (TO);Total;541
MU;1708205;Formoso do Araguaia (TO);Total;1200
MU;1708254;Tabocão (TO);Total;121
MU;1708304;Goianorte (TO);Total;305
MU;1709005;Goiatins (TO);Total;565
MU;1709302;Guaraí (TO);Total;2129
MU;1709500;Gurupi (TO);Total;4770
MU;1709807;Ipueiras (TO);Total;45
MU;1710508;Itacajá (TO);Total;589
MU;1710706;Itaguatins (TO);Total;429
MU;1710904;Itapiratins (TO);Total;196
MU;1711100;Itaporã do Tocantins (TO);Total;282
MU;1711506;Jaú do Tocantins (TO);Total;266
MU;1711803;Juarina (TO);Total;223
MU;1711902;Lagoa da Confusão (TO);Total;567
MU;1711951;Lagoa do Tocantins (TO);Total;275
MU;1712009;Lajeado (TO);Total;118
MU;1712157;Lavandeira (TO);Total;112
MU;1712405;Lizarda (TO);Total;185
MU;1712454;Luzinópolis (TO);Total;148
MU;1712504;Marianópolis do Tocantins (TO);Total;559
MU;1712702;Mateiros (TO);Total;144
MU;1712801;Maurilândia do Tocantins (TO);Total;326
MU;1713205;Miracema do Tocantins (TO);Total;1610
MU;1713304;Miranorte (TO);Total;888
MU;1713601;Monte do Carmo (TO);Total;637
MU;1713700;Monte Santo do Tocantins (TO);Total;198
MU;1713809;Palmeiras do Tocantins (TO);Total;309
MU;1713957;Muricilândia (TO);Total;352
MU;1714203;Natividade (TO);Total;379
MU;1714302;Nazaré (TO);Total;464
MU;1714880;Nova Olinda (TO);Total;857
MU;1715002;Nova Rosalândia (TO);Total;332
MU;1715101;Novo Acordo (TO);Total;301
MU;1715150;Novo Alegre (TO);Total;140
MU;1715259;Novo Jardim (TO);Total;126
MU;1715507;Oliveira de Fátima (TO);Total;80
MU;1715705;Palmeirante (TO);Total;399
MU;1715754;Palmeirópolis (TO);Total;608
MU;1716109;Paraíso do Tocantins (TO);Total;3684
MU;1716208;Paranã (TO);Total;706
MU;1716307;Pau D'Arco (TO);Total;383
MU;1716505;Pedro Afonso (TO);Total;938
MU;1716604;Peixe (TO);Total;602
MU;1716653;Pequizeiro (TO);Total;560
MU;1716703;Colméia (TO);Total;1031
MU;1717008;Pindorama do Tocantins (TO);Total;363
MU;1717206;Piraquê (TO);Total;218
MU;1717503;Pium (TO);Total;565
MU;1717800;Ponte Alta do Bom Jesus (TO);Total;197
MU;1717909;Ponte Alta do Tocantins (TO);Total;588
MU;1718006;Porto Alegre do Tocantins (TO);Total;138
MU;1718204;Porto Nacional (TO);Total;4257
MU;1718303;Praia Norte (TO);Total;549
MU;1718402;Presidente Kennedy (TO);Total;177
MU;1718451;Pugmil (TO);Total;225
MU;1718501;Recursolândia (TO);Total;103
MU;1718550;Riachinho (TO);Total;391
MU;1718659;Rio da Conceição (TO);Total;57
MU;1718709;Rio dos Bois (TO);Total;320
MU;1718758;Rio Sono (TO);Total;363
MU;1718808;Sampaio (TO);Total;393
MU;1718840;Sandolândia (TO);Total;259
MU;1718865;Santa Fé do Araguaia (TO);Total;481
MU;1718881;Santa Maria do Tocantins (TO);Total;184
MU;1718899;Santa Rita do Tocantins (TO);Total;80
MU;1718907;Santa Rosa do Tocantins (TO);Total;253
MU;1719004;Santa Tereza do Tocantins (TO);Total;214
MU;1720002;Santa Terezinha do Tocantins (TO);Total;167
MU;1720101;São Bento do Tocantins (TO);Total;339
MU;1720150;São Félix do Tocantins (TO);Total;116
MU;1720200;São Miguel do Tocantins (TO);Total;1179
MU;1720259;São Salvador do Tocantins (TO);Total;182
MU;1720309;São Sebastião do Tocantins (TO);Total;473
MU;1720499;São Valério (TO);Total;285
MU;1720655;Silvanópolis (TO);Total;247
MU;1720804;Sítio Novo do Tocantins (TO);Total;717
MU;1720853;Sucupira (TO);Total;137
MU;1720903;Taguatinga (TO);Total;909
MU;1720937;Taipas do Tocantins (TO);Total;169
MU;1720978;Talismã (TO);Total;142
MU;1721000;Palmas (TO);Total;15631
MU;1721109;Tocantínia (TO);Total;433
MU;1721208;Tocantinópolis (TO);Total;1462
MU;1721257;Tupirama (TO);Total;168
MU;1721307;Tupiratins (TO);Total;208
MU;1722081;Wanderlândia (TO);Total;1108
MU;1722107;Xambioá (TO);Total;629
MU;2100055;Açailândia (MA);Total;8812
MU;2100105;Afonso Cunha (MA);Total;413
MU;2100154;Água Doce do Maranhão (MA);Total;747
MU;2100204;Alcântara (MA);Total;1582
MU;2100303;Aldeias Altas (MA);Total;1715
MU;2100402;Altamira do Maranhão (MA);Total;695
MU;2100436;Alto Alegre do Maranhão (MA);Total;2528
MU;2100477;Alto Alegre do Pindaré (MA);Total;2022
MU;2100501;Alto Parnaíba (MA);Total;690
MU;2100550;Amapá do Maranhão (MA);Total;560
MU;2100600;Amarante do Maranhão (MA);Total;2252
MU;2100709;Anajatuba (MA);Total;2626
MU;2100808;Anapurus (MA);Total;741
MU;2100832;Apicum-Açu (MA);Total;1534
MU;2100873;Araguanã (MA);Total;897
MU;2100907;Araioses (MA);Total;3874
MU;2100956;Arame (MA);Total;1640
MU;2101004;Arari (MA);Total;2673
MU;2101103;Axixá (MA);Total;1037
MU;2101202;Bacabal (MA);Total;8451
MU;2101251;Bacabeira (MA);Total;1273
MU;2101301;Bacuri (MA);Total;1560
MU;2101350;Bacurituba (MA);Total;500
MU;2101400;Balsas (MA);Total;7575
MU;2101509;Barão de Grajaú (MA);Total;1869
MU;2101608;Barra do Corda (MA);Total;8640
MU;2101707;Barreirinhas (MA);Total;5936
MU;2101731;Belágua (MA);Total;722
MU;2101772;Bela Vista do Maranhão (MA);Total;1015
MU;2101806;Benedito Leite (MA);Total;390
MU;2101905;Bequimão (MA);Total;2347
MU;2101939;Bernardo do Mearim (MA);Total;358
MU;2101970;Boa Vista do Gurupi (MA);Total;684
MU;2102002;Bom Jardim (MA);Total;2808
MU;2102036;Bom Jesus das Selvas (MA);Total;2528
MU;2102077;Bom Lugar (MA);Total;1139
MU;2102101;Brejo (MA);Total;3460
MU;2102150;Brejo de Areia (MA);Total;698
MU;2102200;Buriti (MA);Total;2832
MU;2102309;Buriti Bravo (MA);Total;2193
MU;2102325;Buriticupu (MA);Total;5126
MU;2102358;Buritirana (MA);Total;1012
MU;2102374;Cachoeira Grande (MA);Total;1044
MU;2102408;Cajapió (MA);Total;538
MU;2102507;Cajari (MA);Total;1292
MU;2102556;Campestre do Maranhão (MA);Total;1092
MU;2102606;Cândido Mendes (MA);Total;1702
MU;2102705;Cantanhede (MA);Total;1855
MU;2102754;Capinzal do Norte (MA);Total;1199
MU;2102804;Carolina (MA);Total;1966
MU;2102903;Carutapera (MA);Total;1834
MU;2103000;Caxias (MA);Total;14216
MU;2103109;Cedral (MA);Total;867
MU;2103125;Central do Maranhão (MA);Total;717
MU;2103158;Centro do Guilherme (MA);Total;946
MU;2103174;Centro Novo do Maranhão (MA);Total;1412
MU;2103208;Chapadinha (MA);Total;5716
MU;2103257;Cidelândia (MA);Total;1152
MU;2103307;Codó (MA);Total;10944
MU;2103406;Coelho Neto (MA);Total;3605
MU;2103505;Colinas (MA);Total;3641
MU;2103554;Conceição do Lago-Açu (MA);Total;1075
MU;2103604;Coroatá (MA);Total;5125
MU;2103703;Cururupu (MA);Total;2892
MU;2103752;Davinópolis (MA);Total;1187
MU;2103802;Dom Pedro (MA);Total;2439
MU;2103901;Duque Bacelar (MA);Total;794
MU;2104008;Esperantinópolis (MA);Total;1178
MU;2104057;Estreito (MA);Total;2235
MU;2104073;Feira Nova do Maranhão (MA);Total;484
MU;2104081;Fernando Falcão (MA);Total;811
MU;2104099;Formosa da Serra Negra (MA);Total;1108
MU;2104107;Fortaleza dos Nogueiras (MA);Total;887
MU;2104206;Fortuna (MA);Total;1065
MU;2104305;Godofredo Viana (MA);Total;577
MU;2104404;Gonçalves Dias (MA);Total;1454
MU;2104503;Governador Archer (MA);Total;703
MU;2104552;Governador Edison Lobão (MA);Total;2082
MU;2104602;Governador Eugênio Barros (MA);Total;1508
MU;2104628;Governador Luiz Rocha (MA);Total;687
MU;2104651;Governador Newton Bello (MA);Total;766
MU;2104677;Governador Nunes Freire (MA);Total;1224
MU;2104701;Graça Aranha (MA);Total;436
MU;2104800;Grajaú (MA);Total;4629
MU;2104909;Guimarães (MA);Total;842
MU;2105005;Humberto de Campos (MA);Total;2126
MU;2105104;Icatu (MA);Total;1715
MU;2105153;Igarapé do Meio (MA);Total;1231
MU;2105203;Igarapé Grande (MA);Total;1006
MU;2105302;Imperatriz (MA);Total;17852
MU;2105351;Itaipava do Grajaú (MA);Total;863
MU;2105401;Itapecuru Mirim (MA);Total;4940
MU;2105427;Itinga do Maranhão (MA);Total;1977
MU;2105450;Jatobá (MA);Total;729
MU;2105476;Jenipapo dos Vieiras (MA);Total;825
MU;2105500;João Lisboa (MA);Total;1718
MU;2105609;Joselândia (MA);Total;1190
MU;2105658;Junco do Maranhão (MA);Total;421
MU;2105708;Lago da Pedra (MA);Total;3885
MU;2105807;Lago do Junco (MA);Total;1161
MU;2105906;Lago Verde (MA);Total;1184
MU;2105922;Lagoa do Mato (MA);Total;750
MU;2105948;Lago dos Rodrigues (MA);Total;631
MU;2105963;Lagoa Grande do Maranhão (MA);Total;720
MU;2105989;Lajeado Novo (MA);Total;410
MU;2106003;Lima Campos (MA);Total;884
MU;2106102;Loreto (MA);Total;764
MU;2106201;Luís Domingues (MA);Total;376
MU;2106300;Magalhães de Almeida (MA);Total;1461
MU;2106326;Maracaçumé (MA);Total;2012
MU;2106359;Marajá do Sena (MA);Total;308
MU;2106375;Maranhãozinho (MA);Total;568
MU;2106409;Mata Roma (MA);Total;1530
MU;2106508;Matinha (MA);Total;2086
MU;2106607;Matões (MA);Total;3334
MU;2106631;Matões do Norte (MA);Total;803
MU;2106672;Milagres do Maranhão (MA);Total;845
MU;2106706;Mirador (MA);Total;1517
MU;2106755;Miranda do Norte (MA);Total;1657
MU;2106805;Mirinzal (MA);Total;1199
MU;2106904;Monção (MA);Total;2978
MU;2107001;Montes Altos (MA);Total;679
MU;2107100;Morros (MA);Total;1071
MU;2107209;Nina Rodrigues (MA);Total;953
MU;2107258;Nova Colinas (MA);Total;322
MU;2107308;Nova Iorque (MA);Total;224
MU;2107357;Nova Olinda do Maranhão (MA);Total;1322
MU;2107407;Olho d'Água das Cunhãs (MA);Total;1503
MU;2107456;Olinda Nova do Maranhão (MA);Total;902
MU;2107506;Paço do Lumiar (MA);Total;9446
MU;2107605;Palmeirândia (MA);Total;1607
MU;2107704;Paraibano (MA);Total;1404
MU;2107803;Parnarama (MA);Total;1728
MU;2107902;Passagem Franca (MA);Total;1092
MU;2108009;Pastos Bons (MA);Total;1413
MU;2108058;Paulino Neves (MA);Total;1592
MU;2108108;Paulo Ramos (MA);Total;1621
MU;2108207;Pedreiras (MA);Total;3847
MU;2108256;Pedro do Rosário (MA);Total;1227
MU;2108306;Penalva (MA);Total;2029
MU;2108405;Peri Mirim (MA);Total;1328
MU;2108454;Peritoró (MA);Total;2210
MU;2108504;Pindaré-Mirim (MA);Total;2430
MU;2108603;Pinheiro (MA);Total;6253
MU;2108702;Pio XII (MA);Total;2039
MU;2108801;Pirapemas (MA);Total;1467
MU;2108900;Poção de Pedras (MA);Total;1231
MU;2109007;Porto Franco (MA);Total;1919
MU;2109056;Porto Rico do Maranhão (MA);Total;682
MU;2109106;Presidente Dutra (MA);Total;3714
MU;2109205;Presidente Juscelino (MA);Total;978
MU;2109239;Presidente Médici (MA);Total;408
MU;2109270;Presidente Sarney (MA);Total;1544
MU;2109304;Presidente Vargas (MA);Total;695
MU;2109403;Primeira Cruz (MA);Total;877
MU;2109452;Raposa (MA);Total;2428
MU;2109502;Riachão (MA);Total;1704
MU;2109551;Ribamar Fiquene (MA);Total;544
MU;2109601;Rosário (MA);Total;2730
MU;2109700;Sambaíba (MA);Total;288
MU;2109759;Santa Filomena do Maranhão (MA);Total;428
MU;2109809;Santa Helena (MA);Total;2864
MU;2109908;Santa Inês (MA);Total;7384
MU;2110005;Santa Luzia (MA);Total;4938
MU;2110039;Santa Luzia do Paruá (MA);Total;1729
MU;2110104;Santa Quitéria do Maranhão (MA);Total;1685
MU;2110203;Santa Rita (MA);Total;2375
MU;2110237;Santana do Maranhão (MA);Total;766
MU;2110278;Santo Amaro do Maranhão (MA);Total;767
MU;2110302;Santo Antônio dos Lopes (MA);Total;1389
MU;2110401;São Benedito do Rio Preto (MA);Total;1197
MU;2110500;São Bento (MA);Total;3025
MU;2110609;São Bernardo (MA);Total;2804
MU;2110658;São Domingos do Azeitão (MA);Total;527
MU;2110708;São Domingos do Maranhão (MA);Total;3500
MU;2110807;São Félix de Balsas (MA);Total;406
MU;2110856;São Francisco do Brejão (MA);Total;740
MU;2110906;São Francisco do Maranhão (MA);Total;1322
MU;2111003;São João Batista (MA);Total;962
MU;2111029;São João do Carú (MA);Total;853
MU;2111052;São João do Paraíso (MA);Total;524
MU;2111078;São João do Soter (MA);Total;1477
MU;2111102;São João dos Patos (MA);Total;2094
MU;2111201;São José de Ribamar (MA);Total;17193
MU;2111250;São José dos Basílios (MA);Total;697
MU;2111300;São Luís (MA);Total;76739
MU;2111409;São Luís Gonzaga do Maranhão (MA);Total;1293
MU;2111508;São Mateus do Maranhão (MA);Total;3905
MU;2111532;São Pedro da Água Branca (MA);Total;751
MU;2111573;São Pedro dos Crentes (MA);Total;233
MU;2111607;São Raimundo das Mangabeiras (MA);Total;1767
MU;2111631;São Raimundo do Doca Bezerra (MA);Total;484
MU;2111672;São Roberto (MA);Total;315
MU;2111706;São Vicente Ferrer (MA);Total;1156
MU;2111722;Satubinha (MA);Total;757
MU;2111748;Senador Alexandre Costa (MA);Total;972
MU;2111763;Senador La Rocque (MA);Total;1199
MU;2111789;Serrano do Maranhão (MA);Total;1040
MU;2111805;Sítio Novo (MA);Total;1216
MU;2111904;Sucupira do Norte (MA);Total;912
MU;2111953;Sucupira do Riachão (MA);Total;536
MU;2112001;Tasso Fragoso (MA);Total;633
MU;2112100;Timbiras (MA);Total;2190
MU;2112209;Timon (MA);Total;15292
MU;2112233;Trizidela do Vale (MA);Total;1971
MU;2112274;Tufilândia (MA);Total;606
MU;2112308;Tuntum (MA);Total;2899
MU;2112407;Turiaçu (MA);Total;2545
MU;2112456;Turilândia (MA);Total;2260
MU;2112506;Tutóia (MA);Total;4487
MU;2112605;Urbano Santos (MA);Total;2334
MU;2112704;Vargem Grande (MA);Total;3098
MU;2112803;Viana (MA);Total;4710
MU;2112852;Vila Nova dos Martírios (MA);Total;800
MU;2112902;Vitória do Mearim (MA);Total;2081
MU;2113009;Vitorino Freire (MA);Total;2253
MU;2114007;Zé Doca (MA);Total;3838
MU;2200053;Acauã (PI);Total;448
MU;2200103;Agricolândia (PI);Total;645
MU;2200202;Água Branca (PI);Total;1836
MU;2200251;Alagoinha do Piauí (PI);Total;574
MU;2200277;Alegrete do Piauí (PI);Total;520
MU;2200301;Alto Longá (PI);Total;1320
MU;2200400;Altos (PI);Total;4135
MU;2200459;Alvorada do Gurguéia (PI);Total;411
MU;2200509;Amarante (PI);Total;1671
MU;2200608;Angical do Piauí (PI);Total;640
MU;2200707;Anísio de Abreu (PI);Total;837
MU;2200806;Antônio Almeida (PI);Total;350
MU;2200905;Aroazes (PI);Total;382
MU;2200954;Aroeiras do Itaim (PI);Total;197
MU;2201002;Arraial (PI);Total;553
MU;2201051;Assunção do Piauí (PI);Total;720
MU;2201101;Avelino Lopes (PI);Total;1372
MU;2201150;Baixa Grande do Ribeiro (PI);Total;627
MU;2201176;Barra D'Alcântara (PI);Total;348
MU;2201200;Barras (PI);Total;5186
MU;2201309;Barreiras do Piauí (PI);Total;377
MU;2201408;Barro Duro (PI);Total;524
MU;2201507;Batalha (PI);Total;2728
MU;2201556;Bela Vista do Piauí (PI);Total;465
MU;2201572;Belém do Piauí (PI);Total;340
MU;2201606;Beneditinos (PI);Total;940
MU;2201705;Bertolínia (PI);Total;546
MU;2201739;Betânia do Piauí (PI);Total;570
MU;2201770;Boa Hora (PI);Total;500
MU;2201804;Bocaina (PI);Total;505
MU;2201903;Bom Jesus (PI);Total;1711
MU;2201919;Bom Princípio do Piauí (PI);Total;556
MU;2201929;Bonfim do Piauí (PI);Total;757
MU;2201945;Boqueirão do Piauí (PI);Total;609
MU;2201960;Brasileira (PI);Total;707
MU;2201988;Brejo do Piauí (PI);Total;568
MU;2202000;Buriti dos Lopes (PI);Total;2228
MU;2202026;Buriti dos Montes (PI);Total;653
MU;2202059;Cabeceiras do Piauí (PI);Total;1127
MU;2202075;Cajazeiras do Piauí (PI);Total;179
MU;2202083;Cajueiro da Praia (PI);Total;503
MU;2202091;Caldeirão Grande do Piauí (PI);Total;387
MU;2202109;Campinas do Piauí (PI);Total;434
MU;2202117;Campo Alegre do Fidalgo (PI);Total;298
MU;2202133;Campo Grande do Piauí (PI);Total;526
MU;2202174;Campo Largo do Piauí (PI);Total;456
MU;2202208;Campo Maior (PI);Total;4281
MU;2202251;Canavieira (PI);Total;538
MU;2202307;Canto do Buriti (PI);Total;1527
MU;2202406;Capitão de Campos (PI);Total;1026
MU;2202455;Capitão Gervásio Oliveira (PI);Total;259
MU;2202505;Caracol (PI);Total;922
MU;2202539;Caraúbas do Piauí (PI);Total;208
MU;2202554;Caridade do Piauí (PI);Total;396
MU;2202604;Castelo do Piauí (PI);Total;2455
MU;2202653;Caxingó (PI);Total;390
MU;2202703;Cocal (PI);Total;2805
MU;2202711;Cocal de Telha (PI);Total;456
MU;2202729;Cocal dos Alves (PI);Total;854
MU;2202737;Coivaras (PI);Total;378
MU;2202752;Colônia do Gurguéia (PI);Total;526
MU;2202778;Colônia do Piauí (PI);Total;916
MU;2202802;Conceição do Canindé (PI);Total;382
MU;2202851;Coronel José Dias (PI);Total;393
MU;2202901;Corrente (PI);Total;2261
MU;2203008;Cristalândia do Piauí (PI);Total;681
MU;2203107;Cristino Castro (PI);Total;869
MU;2203206;Curimatá (PI);Total;702
MU;2203230;Currais (PI);Total;399
MU;2203255;Curralinhos (PI);Total;470
MU;2203271;Curral Novo do Piauí (PI);Total;330
MU;2203305;Demerval Lobão (PI);Total;1397
MU;2203354;Dirceu Arcoverde (PI);Total;554
MU;2203404;Dom Expedito Lopes (PI);Total;621
MU;2203420;Domingos Mourão (PI);Total;533
MU;2203453;Dom Inocêncio (PI);Total;814
MU;2203503;Elesbão Veloso (PI);Total;1453
MU;2203602;Eliseu Martins (PI);Total;530
MU;2203701;Esperantina (PI);Total;3731
MU;2203750;Fartura do Piauí (PI);Total;586
MU;2203800;Flores do Piauí (PI);Total;446
MU;2203859;Floresta do Piauí (PI);Total;185
MU;2203909;Floriano (PI);Total;5813
MU;2204006;Francinópolis (PI);Total;481
MU;2204105;Francisco Ayres (PI);Total;485
MU;2204154;Francisco Macedo (PI);Total;334
MU;2204204;Francisco Santos (PI);Total;866
MU;2204303;Fronteiras (PI);Total;956
MU;2204352;Geminiano (PI);Total;543
MU;2204402;Gilbués (PI);Total;789
MU;2204501;Guadalupe (PI);Total;1143
MU;2204550;Guaribas (PI);Total;367
MU;2204600;Hugo Napoleão (PI);Total;552
MU;2204659;Ilha Grande (PI);Total;1205
MU;2204709;Inhuma (PI);Total;1794
MU;2204808;Ipiranga do Piauí (PI);Total;1210
MU;2204907;Isaías Coelho (PI);Total;911
MU;2205003;Itainópolis (PI);Total;1377
MU;2205102;Itaueira (PI);Total;1328
MU;2205151;Jacobina do Piauí (PI);Total;555
MU;2205201;Jaicós (PI);Total;2119
MU;2205250;Jardim do Mulato (PI);Total;463
MU;2205276;Jatobá do Piauí (PI);Total;539
MU;2205300;Jerumenha (PI);Total;674
MU;2205359;João Costa (PI);Total;158
MU;2205409;Joaquim Pires (PI);Total;917
MU;2205458;Joca Marques (PI);Total;463
MU;2205508;José de Freitas (PI);Total;4940
MU;2205516;Juazeiro do Piauí (PI);Total;747
MU;2205524;Júlio Borges (PI);Total;454
MU;2205532;Jurema (PI);Total;329
MU;2205540;Lagoinha do Piauí (PI);Total;368
MU;2205557;Lagoa Alegre (PI);Total;987
MU;2205565;Lagoa do Barro do Piauí (PI);Total;351
MU;2205573;Lagoa de São Francisco (PI);Total;387
MU;2205581;Lagoa do Piauí (PI);Total;500
MU;2205599;Lagoa do Sítio (PI);Total;576
MU;2205607;Landri Sales (PI);Total;488
MU;2205706;Luís Correia (PI);Total;2637
MU;2205805;Luzilândia (PI);Total;3027
MU;2205854;Madeiro (PI);Total;715
MU;2205904;Manoel Emídio (PI);Total;487
MU;2205953;Marcolândia (PI);Total;750
MU;2206001;Marcos Parente (PI);Total;552
MU;2206050;Massapê do Piauí (PI);Total;729
MU;2206100;Matias Olímpio (PI);Total;796
MU;2206209;Miguel Alves (PI);Total;3553
MU;2206308;Miguel Leão (PI);Total;94
MU;2206357;Milton Brandão (PI);Total;778
MU;2206407;Monsenhor Gil (PI);Total;1226
MU;2206506;Monsenhor Hipólito (PI);Total;929
MU;2206605;Monte Alegre do Piauí (PI);Total;647
MU;2206654;Morro Cabeça no Tempo (PI);Total;283
MU;2206670;Morro do Chapéu do Piauí (PI);Total;749
MU;2206696;Murici dos Portelas (PI);Total;827
MU;2206704;Nazaré do Piauí (PI);Total;701
MU;2206720;Nazária (PI);Total;1060
MU;2206753;Nossa Senhora de Nazaré (PI);Total;688
MU;2206803;Nossa Senhora dos Remédios (PI);Total;975
MU;2206902;Novo Oriente do Piauí (PI);Total;751
MU;2206951;Novo Santo Antônio (PI);Total;343
MU;2207009;Oeiras (PI);Total;3225
MU;2207108;Olho D'Água do Piauí (PI);Total;192
MU;2207207;Padre Marcos (PI);Total;701
MU;2207306;Paes Landim (PI);Total;246
MU;2207355;Pajeú do Piauí (PI);Total;238
MU;2207405;Palmeira do Piauí (PI);Total;473
MU;2207504;Palmeirais (PI);Total;1355
MU;2207553;Paquetá (PI);Total;417
MU;2207603;Parnaguá (PI);Total;1070
MU;2207702;Parnaíba (PI);Total;13717
MU;2207751;Passagem Franca do Piauí (PI);Total;356
MU;2207777;Patos do Piauí (PI);Total;684
MU;2207793;Pau D'Arco do Piauí (PI);Total;289
MU;2207801;Paulistana (PI);Total;1488
MU;2207850;Pavussu (PI);Total;254
MU;2207900;Pedro II (PI);Total;3996
MU;2207934;Pedro Laurentino (PI);Total;176
MU;2207959;Nova Santa Rita (PI);Total;324
MU;2208007;Picos (PI);Total;6855
MU;2208106;Pimenteiras (PI);Total;1392
MU;2208205;Pio IX (PI);Total;1823
MU;2208304;Piracuruca (PI);Total;3086
MU;2208403;Piripiri (PI);Total;6394
MU;2208502;Porto (PI);Total;1395
MU;2208551;Porto Alegre do Piauí (PI);Total;116
MU;2208601;Prata do Piauí (PI);Total;342
MU;2208650;Queimada Nova (PI);Total;487
MU;2208700;Redenção do Gurguéia (PI);Total;798
MU;2208809;Regeneração (PI);Total;1836
MU;2208858;Riacho Frio (PI);Total;581
MU;2208874;Ribeira do Piauí (PI);Total;290
MU;2208908;Ribeiro Gonçalves (PI);Total;543
MU;2209005;Rio Grande do Piauí (PI);Total;918
MU;2209104;Santa Cruz do Piauí (PI);Total;766
MU;2209153;Santa Cruz dos Milagres (PI);Total;348
MU;2209203;Santa Filomena (PI);Total;325
MU;2209302;Santa Luz (PI);Total;418
MU;2209351;Santana do Piauí (PI);Total;587
MU;2209377;Santa Rosa do Piauí (PI);Total;431
MU;2209401;Santo Antônio de Lisboa (PI);Total;774
MU;2209450;Santo Antônio dos Milagres (PI);Total;234
MU;2209500;Santo Inácio do Piauí (PI);Total;295
MU;2209559;São Braz do Piauí (PI);Total;512
MU;2209609;São Félix do Piauí (PI);Total;326
MU;2209658;São Francisco de Assis do Piauí (PI);Total;467
MU;2209708;São Francisco do Piauí (PI);Total;644
MU;2209757;São Gonçalo do Gurguéia (PI);Total;346
MU;2209807;São Gonçalo do Piauí (PI);Total;729
MU;2209856;São João da Canabrava (PI);Total;529
MU;2209872;São João da Fronteira (PI);Total;368
MU;2209906;São João da Serra (PI);Total;564
MU;2209955;São João da Varjota (PI);Total;499
MU;2209971;São João do Arraial (PI);Total;432
MU;2210003;São João do Piauí (PI);Total;1762
MU;2210052;São José do Divino (PI);Total;405
MU;2210102;São José do Peixe (PI);Total;534
MU;2210201;São José do Piauí (PI);Total;800
MU;2210300;São Julião (PI);Total;449
MU;2210359;São Lourenço do Piauí (PI);Total;405
MU;2210375;São Luis do Piauí (PI);Total;321
MU;2210383;São Miguel da Baixa Grande (PI);Total;214
MU;2210391;São Miguel do Fidalgo (PI);Total;356
MU;2210409;São Miguel do Tapuio (PI);Total;1884
MU;2210508;São Pedro do Piauí (PI);Total;1425
MU;2210607;São Raimundo Nonato (PI);Total;3431
MU;2210623;Sebastião Barros (PI);Total;294
MU;2210631;Sebastião Leal (PI);Total;233
MU;2210656;Sigefredo Pacheco (PI);Total;1288
MU;2210706;Simões (PI);Total;1202
MU;2210805;Simplício Mendes (PI);Total;1430
MU;2210904;Socorro do Piauí (PI);Total;319
MU;2210938;Sussuapara (PI);Total;616
MU;2210953;Tamboril do Piauí (PI);Total;301
MU;2210979;Tanque do Piauí (PI);Total;335
MU;2211001;Teresina (PI);Total;66592
MU;2211100;União (PI);Total;4642
MU;2211209;Uruçuí (PI);Total;1622
MU;2211308;Valença do Piauí (PI);Total;2595
MU;2211357;Várzea Branca (PI);Total;629
MU;2211407;Várzea Grande (PI);Total;333
MU;2211506;Vera Mendes (PI);Total;332
MU;2211605;Vila Nova do Piauí (PI);Total;327
MU;2211704;Wall Ferraz (PI);Total;267
MU;2300101;Abaiara (CE);Total;800
MU;2300150;Acarape (CE);Total;1290
MU;2300200;Acaraú (CE);Total;6239
MU;2300309;Acopiara (CE);Total;5249
MU;2300408;Aiuaba (CE);Total;1249
MU;2300507;Alcântaras (CE);Total;1199
MU;2300606;Altaneira (CE);Total;523
MU;2300705;Alto Santo (CE);Total;1096
MU;2300754;Amontada (CE);Total;3203
MU;2300804;Antonina do Norte (CE);Total;676
MU;2300903;Apuiarés (CE);Total;945
MU;2301000;Aquiraz (CE);Total;6355
MU;2301109;Aracati (CE);Total;7653
MU;2301208;Aracoiaba (CE);Total;3009
MU;2301257;Ararendá (CE);Total;962
MU;2301307;Araripe (CE);Total;1792
MU;2301406;Aratuba (CE);Total;712
MU;2301505;Arneiroz (CE);Total;489
MU;2301604;Assaré (CE);Total;2390
MU;2301703;Aurora (CE);Total;2061
MU;2301802;Baixio (CE);Total;417
MU;2301851;Banabuiú (CE);Total;1426
MU;2301901;Barbalha (CE);Total;7367
MU;2301950;Barreira (CE);Total;2307
MU;2302008;Barro (CE);Total;1791
MU;2302057;Barroquinha (CE);Total;1019
MU;2302107;Baturité (CE);Total;3456
MU;2302206;Beberibe (CE);Total;6684
MU;2302305;Bela Cruz (CE);Total;2741
MU;2302404;Boa Viagem (CE);Total;5265
MU;2302503;Brejo Santo (CE);Total;3795
MU;2302602;Camocim (CE);Total;5024
MU;2302701;Campos Sales (CE);Total;1964
MU;2302800;Canindé (CE);Total;7301
MU;2302909;Capistrano (CE);Total;1289
MU;2303006;Caridade (CE);Total;2006
MU;2303105;Cariré (CE);Total;1590
MU;2303204;Caririaçu (CE);Total;2982
MU;2303303;Cariús (CE);Total;2318
MU;2303402;Carnaubal (CE);Total;1443
MU;2303501;Cascavel (CE);Total;7394
MU;2303600;Catarina (CE);Total;1378
MU;2303659;Catunda (CE);Total;775
MU;2303709;Caucaia (CE);Total;25250
MU;2303808;Cedro (CE);Total;3044
MU;2303907;Chaval (CE);Total;1346
MU;2303931;Choró (CE);Total;1156
MU;2303956;Chorozinho (CE);Total;2439
MU;2304004;Coreaú (CE);Total;2747
MU;2304103;Crateús (CE);Total;7427
MU;2304202;Crato (CE);Total;11994
MU;2304236;Croatá (CE);Total;1797
MU;2304251;Cruz (CE);Total;2007
MU;2304269;Deputado Irapuan Pinheiro (CE);Total;690
MU;2304277;Ereré (CE);Total;807
MU;2304285;Eusébio (CE);Total;2940
MU;2304301;Farias Brito (CE);Total;1875
MU;2304350;Forquilha (CE);Total;2341
MU;2304400;Fortaleza (CE);Total;205474
MU;2304459;Fortim (CE);Total;1681
MU;2304509;Frecheirinha (CE);Total;1273
MU;2304608;General Sampaio (CE);Total;503
MU;2304657;Graça (CE);Total;1744
MU;2304707;Granja (CE);Total;5538
MU;2304806;Granjeiro (CE);Total;576
MU;2304905;Groaíras (CE);Total;1258
MU;2304954;Guaiúba (CE);Total;1935
MU;2305001;Guaraciaba do Norte (CE);Total;3706
MU;2305100;Guaramiranga (CE);Total;472
MU;2305209;Hidrolândia (CE);Total;1836
MU;2305233;Horizonte (CE);Total;4763
MU;2305266;Ibaretama (CE);Total;748
MU;2305308;Ibiapina (CE);Total;2356
MU;2305332;Ibicuitinga (CE);Total;1555
MU;2305357;Icapuí (CE);Total;2285
MU;2305407;Icó (CE);Total;6630
MU;2305506;Iguatu (CE);Total;9863
MU;2305605;Independência (CE);Total;2498
MU;2305654;Ipaporanga (CE);Total;835
MU;2305704;Ipaumirim (CE);Total;1227
MU;2305803;Ipu (CE);Total;3682
MU;2305902;Ipueiras (CE);Total;4071
MU;2306009;Iracema (CE);Total;1367
MU;2306108;Irauçuba (CE);Total;2121
MU;2306207;Itaiçaba (CE);Total;646
MU;2306256;Itaitinga (CE);Total;3820
MU;2306306;Itapajé (CE);Total;4287
MU;2306405;Itapipoca (CE);Total;8929
MU;2306504;Itapiúna (CE);Total;1561
MU;2306553;Itarema (CE);Total;3246
MU;2306603;Itatira (CE);Total;2194
MU;2306702;Jaguaretama (CE);Total;1473
MU;2306801;Jaguaribara (CE);Total;1033
MU;2306900;Jaguaribe (CE);Total;3226
MU;2307007;Jaguaruana (CE);Total;3108
MU;2307106;Jardim (CE);Total;2510
MU;2307205;Jati (CE);Total;782
MU;2307254;Jijoca de Jericoacoara (CE);Total;1606
MU;2307304;Juazeiro do Norte (CE);Total;25027
MU;2307403;Jucás (CE);Total;1740
MU;2307502;Lavras da Mangabeira (CE);Total;3254
MU;2307601;Limoeiro do Norte (CE);Total;5188
MU;2307635;Madalena (CE);Total;2088
MU;2307650;Maracanaú (CE);Total;18437
MU;2307700;Maranguape (CE);Total;8576
MU;2307809;Marco (CE);Total;1725
MU;2307908;Martinópole (CE);Total;1200
MU;2308005;Massapê (CE);Total;2978
MU;2308104;Mauriti (CE);Total;4226
MU;2308203;Meruoca (CE);Total;933
MU;2308302;Milagres (CE);Total;1748
MU;2308351;Milhã (CE);Total;1194
MU;2308377;Miraíma (CE);Total;1138
MU;2308401;Missão Velha (CE);Total;2995
MU;2308500;Mombaça (CE);Total;3788
MU;2308609;Monsenhor Tabosa (CE);Total;1664
MU;2308708;Morada Nova (CE);Total;6302
MU;2308807;Moraújo (CE);Total;704
MU;2308906;Morrinhos (CE);Total;1757
MU;2309003;Mucambo (CE);Total;1826
MU;2309102;Mulungu (CE);Total;870
MU;2309201;Nova Olinda (CE);Total;1035
MU;2309300;Nova Russas (CE);Total;3560
MU;2309409;Novo Oriente (CE);Total;3107
MU;2309458;Ocara (CE);Total;2560
MU;2309508;Orós (CE);Total;1986
MU;2309607;Pacajus (CE);Total;6506
MU;2309706;Pacatuba (CE);Total;6611
MU;2309805;Pacoti (CE);Total;746
MU;2309904;Pacujá (CE);Total;1021
MU;2310001;Palhano (CE);Total;934
MU;2310100;Palmácia (CE);Total;637
MU;2310209;Paracuru (CE);Total;4303
MU;2310258;Paraipaba (CE);Total;3548
MU;2310308;Parambu (CE);Total;2979
MU;2310407;Paramoti (CE);Total;816
MU;2310506;Pedra Branca (CE);Total;3463
MU;2310605;Penaforte (CE);Total;661
MU;2310704;Pentecoste (CE);Total;3250
MU;2310803;Pereiro (CE);Total;1390
MU;2310852;Pindoretama (CE);Total;2531
MU;2310902;Piquet Carneiro (CE);Total;1362
MU;2310951;Pires Ferreira (CE);Total;795
MU;2311009;Poranga (CE);Total;1041
MU;2311108;Porteiras (CE);Total;1527
MU;2311207;Potengi (CE);Total;814
MU;2311231;Potiretama (CE);Total;715
MU;2311264;Quiterianópolis (CE);Total;1969
MU;2311306;Quixadá (CE);Total;8361
MU;2311355;Quixelô (CE);Total;1593
MU;2311405;Quixeramobim (CE);Total;7257
MU;2311504;Quixeré (CE);Total;2651
MU;2311603;Redenção (CE);Total;2520
MU;2311702;Reriutaba (CE);Total;1882
MU;2311801;Russas (CE);Total;6593
MU;2311900;Saboeiro (CE);Total;1174
MU;2311959;Salitre (CE);Total;1108
MU;2312007;Santana do Acaraú (CE);Total;2272
MU;2312106;Santana do Cariri (CE);Total;1614
MU;2312205;Santa Quitéria (CE);Total;3849
MU;2312304;São Benedito (CE);Total;3623
MU;2312403;São Gonçalo do Amarante (CE);Total;3154
MU;2312502;São João do Jaguaribe (CE);Total;695
MU;2312601;São Luís do Curu (CE);Total;965
MU;2312700;Senador Pompeu (CE);Total;2021
MU;2312809;Senador Sá (CE);Total;714
MU;2312908;Sobral (CE);Total;15431
MU;2313005;Solonópole (CE);Total;1248
MU;2313104;Tabuleiro do Norte (CE);Total;2727
MU;2313203;Tamboril (CE);Total;1811
MU;2313252;Tarrafas (CE);Total;686
MU;2313302;Tauá (CE);Total;5240
MU;2313351;Tejuçuoca (CE);Total;1081
MU;2313401;Tianguá (CE);Total;6790
MU;2313500;Trairi (CE);Total;3933
MU;2313559;Tururu (CE);Total;1495
MU;2313609;Ubajara (CE);Total;2986
MU;2313708;Umari (CE);Total;525
MU;2313757;Umirim (CE);Total;1747
MU;2313807;Uruburetama (CE);Total;2267
MU;2313906;Uruoca (CE);Total;1111
MU;2313955;Varjota (CE);Total;1405
MU;2314003;Várzea Alegre (CE);Total;4002
MU;2314102;Viçosa do Ceará (CE);Total;5072
MU;2400109;Acari (RN);Total;889
MU;2400208;Açu (RN);Total;5448
MU;2400307;Afonso Bezerra (RN);Total;998
MU;2400406;Água Nova (RN);Total;263
MU;2400505;Alexandria (RN);Total;1352
MU;2400604;Almino Afonso (RN);Total;464
MU;2400703;Alto do Rodrigues (RN);Total;842
MU;2400802;Angicos (RN);Total;915
MU;2400901;Antônio Martins (RN);Total;1143
MU;2401008;Apodi (RN);Total;4099
MU;2401107;Areia Branca (RN);Total;1775
MU;2401206;Arês (RN);Total;1226
MU;2401305;Campo Grande (RN);Total;765
MU;2401404;Baía Formosa (RN);Total;689
MU;2401453;Baraúna (RN);Total;2443
MU;2401503;Barcelona (RN);Total;389
MU;2401602;Bento Fernandes (RN);Total;469
MU;2401651;Bodó (RN);Total;139
MU;2401701;Bom Jesus (RN);Total;833
MU;2401800;Brejinho (RN);Total;1040
MU;2401859;Caiçara do Norte (RN);Total;752
MU;2401909;Caiçara do Rio do Vento (RN);Total;370
MU;2402006;Caicó (RN);Total;5904
MU;2402105;Campo Redondo (RN);Total;910
MU;2402204;Canguaretama (RN);Total;2444
MU;2402303;Caraúbas (RN);Total;2189
MU;2402402;Carnaúba dos Dantas (RN);Total;644
MU;2402501;Carnaubais (RN);Total;809
MU;2402600;Ceará-Mirim (RN);Total;6425
MU;2402709;Cerro Corá (RN);Total;1168
MU;2402808;Coronel Ezequiel (RN);Total;579
MU;2402907;Coronel João Pessoa (RN);Total;340
MU;2403004;Cruzeta (RN);Total;856
MU;2403103;Currais Novos (RN);Total;4103
MU;2403202;Doutor Severiano (RN);Total;487
MU;2403251;Parnamirim (RN);Total;15040
MU;2403301;Encanto (RN);Total;444
MU;2403400;Equador (RN);Total;646
MU;2403509;Espírito Santo (RN);Total;966
MU;2403608;Extremoz (RN);Total;3906
MU;2403707;Felipe Guerra (RN);Total;557
MU;2403756;Fernando Pedroza (RN);Total;342
MU;2403806;Florânia (RN);Total;985
MU;2403905;Francisco Dantas (RN);Total;412
MU;2404002;Frutuoso Gomes (RN);Total;428
MU;2404101;Galinhos (RN);Total;83
MU;2404200;Goianinha (RN);Total;1896
MU;2404309;Governador Dix-Sept Rosado (RN);Total;1376
MU;2404408;Grossos (RN);Total;850
MU;2404507;Guamaré (RN);Total;1409
MU;2404606;Ielmo Marinho (RN);Total;1308
MU;2404705;Ipanguaçu (RN);Total;1142
MU;2404804;Ipueira (RN);Total;254
MU;2404853;Itajá (RN);Total;690
MU;2404903;Itaú (RN);Total;688
MU;2405009;Jaçanã (RN);Total;504
MU;2405108;Jandaíra (RN);Total;556
MU;2405207;Janduís (RN);Total;505
MU;2405306;Januário Cicco (RN);Total;556
MU;2405405;Japi (RN);Total;336
MU;2405504;Jardim de Angicos (RN);Total;91
MU;2405603;Jardim de Piranhas (RN);Total;1627
MU;2405702;Jardim do Seridó (RN);Total;1033
MU;2405801;João Câmara (RN);Total;2421
MU;2405900;João Dias (RN);Total;186
MU;2406007;José da Penha (RN);Total;798
MU;2406106;Jucurutu (RN);Total;1686
MU;2406155;Jundiá (RN);Total;416
MU;2406205;Lagoa d'Anta (RN);Total;429
MU;2406304;Lagoa de Pedras (RN);Total;409
MU;2406403;Lagoa de Velhos (RN);Total;277
MU;2406502;Lagoa Nova (RN);Total;1512
MU;2406601;Lagoa Salgada (RN);Total;569
MU;2406700;Lajes (RN);Total;1044
MU;2406809;Lajes Pintadas (RN);Total;310
MU;2406908;Lucrécia (RN);Total;253
MU;2407005;Luís Gomes (RN);Total;1030
MU;2407104;Macaíba (RN);Total;6936
MU;2407203;Macau (RN);Total;3007
MU;2407252;Major Sales (RN);Total;260
MU;2407302;Marcelino Vieira (RN);Total;829
MU;2407401;Martins (RN);Total;1114
MU;2407500;Maxaranguape (RN);Total;1192
MU;2407609;Messias Targino (RN);Total;434
MU;2407708;Montanhas (RN);Total;1183
MU;2407807;Monte Alegre (RN);Total;2023
MU;2407906;Monte das Gameleiras (RN);Total;123
MU;2408003;Mossoró (RN);Total;23425
MU;2408102;Natal (RN);Total;64300
MU;2408201;Nísia Floresta (RN);Total;2563
MU;2408300;Nova Cruz (RN);Total;3684
MU;2408409;Olho d'Água do Borges (RN);Total;236
MU;2408508;Ouro Branco (RN);Total;361
MU;2408607;Paraná (RN);Total;413
MU;2408706;Paraú (RN);Total;184
MU;2408805;Parazinho (RN);Total;322
MU;2408904;Parelhas (RN);Total;1832
MU;2408953;Rio do Fogo (RN);Total;786
MU;2409100;Passa e Fica (RN);Total;993
MU;2409209;Passagem (RN);Total;267
MU;2409308;Patu (RN);Total;911
MU;2409332;Santa Maria (RN);Total;439
MU;2409407;Pau dos Ferros (RN);Total;2571
MU;2409506;Pedra Grande (RN);Total;262
MU;2409605;Pedra Preta (RN);Total;235
MU;2409704;Pedro Avelino (RN);Total;739
MU;2409803;Pedro Velho (RN);Total;1598
MU;2409902;Pendências (RN);Total;1318
MU;2410009;Pilões (RN);Total;258
MU;2410108;Poço Branco (RN);Total;1047
MU;2410207;Portalegre (RN);Total;703
MU;2410256;Porto do Mangue (RN);Total;449
MU;2410306;Serra Caiada (RN);Total;985
MU;2410405;Pureza (RN);Total;616
MU;2410504;Rafael Fernandes (RN);Total;426
MU;2410603;Rafael Godeiro (RN);Total;278
MU;2410702;Riacho da Cruz (RN);Total;307
MU;2410801;Riacho de Santana (RN);Total;266
MU;2410900;Riachuelo (RN);Total;471
MU;2411007;Rodolfo Fernandes (RN);Total;288
MU;2411056;Tibau (RN);Total;228
MU;2411106;Ruy Barbosa (RN);Total;233
MU;2411205;Santa Cruz (RN);Total;3096
MU;2411403;Santana do Matos (RN);Total;1632
MU;2411429;Santana do Seridó (RN);Total;308
MU;2411502;Santo Antônio (RN);Total;1765
MU;2411601;São Bento do Norte (RN);Total;374
MU;2411700;São Bento do Trairí (RN);Total;447
MU;2411809;São Fernando (RN);Total;436
MU;2411908;São Francisco do Oeste (RN);Total;522
MU;2412005;São Gonçalo do Amarante (RN);Total;9915
MU;2412104;São João do Sabugi (RN);Total;709
MU;2412203;São José de Mipibu (RN);Total;4646
MU;2412302;São José do Campestre (RN);Total;1311
MU;2412401;São José do Seridó (RN);Total;260
MU;2412500;São Miguel (RN);Total;2123
MU;2412559;São Miguel do Gostoso (RN);Total;735
MU;2412609;São Paulo do Potengi (RN);Total;1247
MU;2412708;São Pedro (RN);Total;516
MU;2412807;São Rafael (RN);Total;888
MU;2412906;São Tomé (RN);Total;966
MU;2413003;São Vicente (RN);Total;733
MU;2413102;Senador Elói de Souza (RN);Total;664
MU;2413201;Senador Georgino Avelino (RN);Total;420
MU;2413300;Serra de São Bento (RN);Total;397
MU;2413359;Serra do Mel (RN);Total;1080
MU;2413409;Serra Negra do Norte (RN);Total;1031
MU;2413508;Serrinha (RN);Total;684
MU;2413557;Serrinha dos Pintos (RN);Total;576
MU;2413607;Severiano Melo (RN);Total;564
MU;2413706;Sítio Novo (RN);Total;526
MU;2413805;Taboleiro Grande (RN);Total;243
MU;2413904;Taipu (RN);Total;932
MU;2414001;Tangará (RN);Total;1144
MU;2414100;Tenente Ananias (RN);Total;871
MU;2414159;Tenente Laurentino Cruz (RN);Total;412
MU;2414209;Tibau do Sul (RN);Total;745
MU;2414308;Timbaúba dos Batistas (RN);Total;161
MU;2414407;Touros (RN);Total;2691
MU;2414456;Triunfo Potiguar (RN);Total;357
MU;2414506;Umarizal (RN);Total;1015
MU;2414605;Upanema (RN);Total;1155
MU;2414704;Várzea (RN);Total;502
MU;2414753;Venha-Ver (RN);Total;181
MU;2414803;Vera Cruz (RN);Total;857
MU;2414902;Viçosa (RN);Total;114
MU;2415008;Vila Flor (RN);Total;123
MU;2500106;Água Branca (PB);Total;663
MU;2500205;Aguiar (PB);Total;281
MU;2500304;Alagoa Grande (PB);Total;2463
MU;2500403;Alagoa Nova (PB);Total;1743
MU;2500502;Alagoinha (PB);Total;1324
MU;2500536;Alcantil (PB);Total;606
MU;2500577;Algodão de Jandaíra (PB);Total;114
MU;2500601;Alhandra (PB);Total;1873
MU;2500700;São João do Rio do Peixe (PB);Total;1772
MU;2500734;Amparo (PB);Total;238
MU;2500775;Aparecida (PB);Total;1058
MU;2500809;Araçagi (PB);Total;1702
MU;2500908;Arara (PB);Total;1342
MU;2501005;Araruna (PB);Total;1493
MU;2501104;Areia (PB);Total;2082
MU;2501153;Areia de Baraúnas (PB);Total;127
MU;2501203;Areial (PB);Total;913
MU;2501302;Aroeiras (PB);Total;1719
MU;2501351;Assunção (PB);Total;463
MU;2501401;Baía da Traição (PB);Total;997
MU;2501500;Bananeiras (PB);Total;2254
MU;2501534;Baraúna (PB);Total;417
MU;2501575;Barra de Santana (PB);Total;613
MU;2501609;Barra de Santa Rosa (PB);Total;1368
MU;2501708;Barra de São Miguel (PB);Total;304
MU;2501807;Bayeux (PB);Total;8568
MU;2501906;Belém (PB);Total;1844
MU;2502003;Belém do Brejo do Cruz (PB);Total;482
MU;2502052;Bernardino Batista (PB);Total;240
MU;2502102;Boa Ventura (PB);Total;637
MU;2502151;Boa Vista (PB);Total;546
MU;2502201;Bom Jesus (PB);Total;339
MU;2502300;Bom Sucesso (PB);Total;522
MU;2502409;Bonito de Santa Fé (PB);Total;762
MU;2502508;Boqueirão (PB);Total;1294
MU;2502607;Igaracy (PB);Total;551
MU;2502706;Borborema (PB);Total;405
MU;2502805;Brejo do Cruz (PB);Total;879
MU;2502904;Brejo dos Santos (PB);Total;470
MU;2503001;Caaporã (PB);Total;1682
MU;2503100;Cabaceiras (PB);Total;330
MU;2503209;Cabedelo (PB);Total;5277
MU;2503308;Cachoeira dos Índios (PB);Total;854
MU;2503407;Cacimba de Areia (PB);Total;127
MU;2503506;Cacimba de Dentro (PB);Total;1526
MU;2503555;Cacimbas (PB);Total;630
MU;2503605;Caiçara (PB);Total;556
MU;2503704;Cajazeiras (PB);Total;4647
MU;2503753;Cajazeirinhas (PB);Total;192
MU;2503803;Caldas Brandão (PB);Total;447
MU;2503902;Camalaú (PB);Total;551
MU;2504009;Campina Grande (PB);Total;30676
MU;2504033;Capim (PB);Total;458
MU;2504074;Caraúbas (PB);Total;305
MU;2504108;Carrapateira (PB);Total;179
MU;2504157;Casserengue (PB);Total;623
MU;2504207;Catingueira (PB);Total;347
MU;2504306;Catolé do Rocha (PB);Total;2541
MU;2504355;Caturité (PB);Total;434
MU;2504405;Conceição (PB);Total;1383
MU;2504504;Condado (PB);Total;660
MU;2504603;Conde (PB);Total;2508
MU;2504702;Congo (PB);Total;306
MU;2504801;Coremas (PB);Total;1464
MU;2504850;Coxixola (PB);Total;153
MU;2504900;Cruz do Espírito Santo (PB);Total;988
MU;2505006;Cubati (PB);Total;568
MU;2505105;Cuité (PB);Total;1791
MU;2505204;Cuitegi (PB);Total;859
MU;2505238;Cuité de Mamanguape (PB);Total;519
MU;2505279;Curral de Cima (PB);Total;465
MU;2505303;Curral Velho (PB);Total;128
MU;2505352;Damião (PB);Total;313
MU;2505402;Desterro (PB);Total;680
MU;2505501;Vista Serrana (PB);Total;436
MU;2505600;Diamante (PB);Total;690
MU;2505709;Dona Inês (PB);Total;875
MU;2505808;Duas Estradas (PB);Total;414
MU;2505907;Emas (PB);Total;308
MU;2506004;Esperança (PB);Total;2534
MU;2506103;Fagundes (PB);Total;986
MU;2506202;Frei Martinho (PB);Total;168
MU;2506251;Gado Bravo (PB);Total;886
MU;2506301;Guarabira (PB);Total;5195
MU;2506400;Gurinhém (PB);Total;1200
MU;2506509;Gurjão (PB);Total;385
MU;2506608;Ibiara (PB);Total;266
MU;2506707;Imaculada (PB);Total;800
MU;2506806;Ingá (PB);Total;1805
MU;2506905;Itabaiana (PB);Total;2354
MU;2507002;Itaporanga (PB);Total;1922
MU;2507101;Itapororoca (PB);Total;1898
MU;2507200;Itatuba (PB);Total;1072
MU;2507309;Jacaraú (PB);Total;1394
MU;2507408;Jericó (PB);Total;830
MU;2507507;João Pessoa (PB);Total;62523
MU;2507606;Juarez Távora (PB);Total;882
MU;2507705;Juazeirinho (PB);Total;1397
MU;2507804;Junco do Seridó (PB);Total;545
MU;2507903;Juripiranga (PB);Total;1019
MU;2508000;Juru (PB);Total;756
MU;2508109;Lagoa (PB);Total;559
MU;2508208;Lagoa de Dentro (PB);Total;833
MU;2508307;Lagoa Seca (PB);Total;1895
MU;2508406;Lastro (PB);Total;299
MU;2508505;Livramento (PB);Total;448
MU;2508554;Logradouro (PB);Total;597
MU;2508604;Lucena (PB);Total;1067
MU;2508703;Mãe d'Água (PB);Total;458
MU;2508802;Malta (PB);Total;635
MU;2508901;Mamanguape (PB);Total;4500
MU;2509008;Manaíra (PB);Total;1058
MU;2509057;Marcação (PB);Total;904
MU;2509107;Mari (PB);Total;2342
MU;2509156;Marizópolis (PB);Total;580
MU;2509206;Massaranduba (PB);Total;810
MU;2509305;Mataraca (PB);Total;707
MU;2509339;Matinhas (PB);Total;287
MU;2509370;Mato Grosso (PB);Total;377
MU;2509396;Maturéia (PB);Total;374
MU;2509404;Mogeiro (PB);Total;1300
MU;2509503;Montadas (PB);Total;501
MU;2509602;Monte Horebe (PB);Total;376
MU;2509701;Monteiro (PB);Total;3614
MU;2509800;Mulungu (PB);Total;1022
MU;2509909;Natuba (PB);Total;864
MU;2510006;Nazarezinho (PB);Total;798
MU;2510105;Nova Floresta (PB);Total;947
MU;2510204;Nova Olinda (PB);Total;354
MU;2510303;Nova Palmeira (PB);Total;427
MU;2510402;Olho d'Água (PB);Total;271
MU;2510501;Olivedos (PB);Total;238
MU;2510600;Ouro Velho (PB);Total;333
MU;2510659;Parari (PB);Total;140
MU;2510709;Passagem (PB);Total;147
MU;2510808;Patos (PB);Total;8482
MU;2510907;Paulista (PB);Total;691
MU;2511004;Pedra Branca (PB);Total;158
MU;2511103;Pedra Lavrada (PB);Total;560
MU;2511202;Pedras de Fogo (PB);Total;2082
MU;2511301;Piancó (PB);Total;1450
MU;2511400;Picuí (PB);Total;1406
MU;2511509;Pilar (PB);Total;1283
MU;2511608;Pilões (PB);Total;460
MU;2511707;Pilõezinhos (PB);Total;271
MU;2511806;Pirpirituba (PB);Total;1079
MU;2511905;Pitimbu (PB);Total;1453
MU;2512002;Pocinhos (PB);Total;1343
MU;2512036;Poço Dantas (PB);Total;326
MU;2512077;Poço de José de Moura (PB);Total;364
MU;2512101;Pombal (PB);Total;3894
MU;2512200;Prata (PB);Total;325
MU;2512309;Princesa Isabel (PB);Total;1771
MU;2512408;Puxinanã (PB);Total;767
MU;2512507;Queimadas (PB);Total;3849
MU;2512606;Quixaba (PB);Total;102
MU;2512705;Remígio (PB);Total;1189
MU;2512721;Pedro Régis (PB);Total;427
MU;2512747;Riachão (PB);Total;247
MU;2512754;Riachão do Bacamarte (PB);Total;155
MU;2512762;Riachão do Poço (PB);Total;358
MU;2512788;Riacho de Santo Antônio (PB);Total;91
MU;2512804;Riacho dos Cavalos (PB);Total;753
MU;2512903;Rio Tinto (PB);Total;3019
MU;2513000;Salgadinho (PB);Total;348
MU;2513109;Salgado de São Félix (PB);Total;1051
MU;2513158;Santa Cecília (PB);Total;519
MU;2513208;Santa Cruz (PB);Total;549
MU;2513307;Santa Helena (PB);Total;582
MU;2513356;Santa Inês (PB);Total;290
MU;2513406;Santa Luzia (PB);Total;1461
MU;2513505;Santana de Mangueira (PB);Total;332
MU;2513604;Santana dos Garrotes (PB);Total;517
MU;2513653;Joca Claudino (PB);Total;147
MU;2513703;Santa Rita (PB);Total;11393
MU;2513802;Santa Teresinha (PB);Total;382
MU;2513851;Santo André (PB);Total;341
MU;2513901;São Bento (PB);Total;2427
MU;2513927;São Bentinho (PB);Total;523
MU;2513943;São Domingos do Cariri (PB);Total;107
MU;2513968;São Domingos (PB);Total;168
MU;2513984;São Francisco (PB);Total;418
MU;2514008;São João do Cariri (PB);Total;337
MU;2514107;São João do Tigre (PB);Total;314
MU;2514206;São José da Lagoa Tapada (PB);Total;775
MU;2514305;São José de Caiana (PB);Total;320
MU;2514404;São José de Espinharas (PB);Total;385
MU;2514453;São José dos Ramos (PB);Total;598
MU;2514503;São José de Piranhas (PB);Total;1736
MU;2514552;São José de Princesa (PB);Total;287
MU;2514602;São José do Bonfim (PB);Total;259
MU;2514651;São José do Brejo do Cruz (PB);Total;160
MU;2514701;São José do Sabugi (PB);Total;302
MU;2514800;São José dos Cordeiros (PB);Total;205
MU;2514909;São Mamede (PB);Total;735
MU;2515005;São Miguel de Taipu (PB);Total;467
MU;2515104;São Sebastião de Lagoa de Roça (PB);Total;1208
MU;2515203;São Sebastião do Umbuzeiro (PB);Total;494
MU;2515302;Sapé (PB);Total;5633
MU;2515401;São Vicente do Seridó (PB);Total;605
MU;2515500;Serra Branca (PB);Total;1714
MU;2515609;Serra da Raiz (PB);Total;221
MU;2515708;Serra Grande (PB);Total;394
MU;2515807;Serra Redonda (PB);Total;651
MU;2515906;Serraria (PB);Total;451
MU;2515930;Sertãozinho (PB);Total;688
MU;2515971;Sobrado (PB);Total;964
MU;2516003;Solânea (PB);Total;2463
MU;2516102;Soledade (PB);Total;1197
MU;2516151;Sossêgo (PB);Total;234
MU;2516201;Sousa (PB);Total;6573
MU;2516300;Sumé (PB);Total;1759
MU;2516409;Tacima (PB);Total;1011
MU;2516508;Taperoá (PB);Total;1240
MU;2516607;Tavares (PB);Total;1121
MU;2516706;Teixeira (PB);Total;944
MU;2516755;Tenório (PB);Total;241
MU;2516805;Triunfo (PB);Total;831
MU;2516904;Uiraúna (PB);Total;1209
MU;2517001;Umbuzeiro (PB);Total;783
MU;2517100;Várzea (PB);Total;288
MU;2517209;Vieirópolis (PB);Total;390
MU;2517407;Zabelê (PB);Total;239
MU;2600054;Abreu e Lima (PE);Total;9954
MU;2600104;Afogados da Ingazeira (PE);Total;3835
MU;2600203;Afrânio (PE);Total;1481
MU;2600302;Agrestina (PE);Total;2787
MU;2600401;Água Preta (PE);Total;3083
MU;2600500;Águas Belas (PE);Total;4763
MU;2600609;Alagoinha (PE);Total;1688
MU;2600708;Aliança (PE);Total;3823
MU;2600807;Altinho (PE);Total;1941
MU;2600906;Amaraji (PE);Total;1974
MU;2601003;Angelim (PE);Total;1056
MU;2601052;Araçoiaba (PE);Total;1330
MU;2601102;Araripina (PE);Total;7432
MU;2601201;Arcoverde (PE);Total;7305
MU;2601300;Barra de Guabiraba (PE);Total;867
MU;2601409;Barreiros (PE);Total;3497
MU;2601508;Belém de Maria (PE);Total;1226
MU;2601607;Belém do São Francisco (PE);Total;1467
MU;2601706;Belo Jardim (PE);Total;6786
MU;2601805;Betânia (PE);Total;1370
MU;2601904;Bezerros (PE);Total;6954
MU;2602001;Bodocó (PE);Total;3182
MU;2602100;Bom Conselho (PE);Total;3623
MU;2602209;Bom Jardim (PE);Total;3059
MU;2602308;Bonito (PE);Total;2749
MU;2602407;Brejão (PE);Total;689
MU;2602506;Brejinho (PE);Total;843
MU;2602605;Brejo da Madre de Deus (PE);Total;3581
MU;2602704;Buenos Aires (PE);Total;1575
MU;2602803;Buíque (PE);Total;4912
MU;2602902;Cabo de Santo Agostinho (PE);Total;17240
MU;2603009;Cabrobó (PE);Total;2396
MU;2603108;Cachoeirinha (PE);Total;1388
MU;2603207;Caetés (PE);Total;2586
MU;2603306;Calçado (PE);Total;759
MU;2603405;Calumbi (PE);Total;506
MU;2603454;Camaragibe (PE);Total;12640
MU;2603504;Camocim de São Félix (PE);Total;1849
MU;2603603;Camutanga (PE);Total;759
MU;2603702;Canhotinho (PE);Total;2284
MU;2603801;Capoeiras (PE);Total;2046
MU;2603900;Carnaíba (PE);Total;2007
MU;2603926;Carnaubeira da Penha (PE);Total;845
MU;2604007;Carpina (PE);Total;7541
MU;2604106;Caruaru (PE);Total;29897
MU;2604155;Casinhas (PE);Total;794
MU;2604205;Catende (PE);Total;3115
MU;2604304;Cedro (PE);Total;795
MU;2604403;Chã de Alegria (PE);Total;988
MU;2604502;Chã Grande (PE);Total;1962
MU;2604601;Condado (PE);Total;2592
MU;2604700;Correntes (PE);Total;1503
MU;2604809;Cortês (PE);Total;924
MU;2604908;Cumaru (PE);Total;1618
MU;2605004;Cupira (PE);Total;2414
MU;2605103;Custódia (PE);Total;2869
MU;2605152;Dormentes (PE);Total;1621
MU;2605202;Escada (PE);Total;5229
MU;2605301;Exu (PE);Total;2863
MU;2605400;Feira Nova (PE);Total;1954
MU;2605459;Fernando de Noronha (PE);Total;72
MU;2605509;Ferreiros (PE);Total;1700
MU;2605608;Flores (PE);Total;2571
MU;2605707;Floresta (PE);Total;2938
MU;2605806;Frei Miguelinho (PE);Total;1061
MU;2605905;Gameleira (PE);Total;2737
MU;2606002;Garanhuns (PE);Total;12087
MU;2606101;Glória do Goitá (PE);Total;2786
MU;2606200;Goiana (PE);Total;7289
MU;2606309;Granito (PE);Total;615
MU;2606408;Gravatá (PE);Total;7997
MU;2606507;Iati (PE);Total;2205
MU;2606606;Ibimirim (PE);Total;1893
MU;2606705;Ibirajuba (PE);Total;746
MU;2606804;Igarassu (PE);Total;11155
MU;2606903;Iguaracy (PE);Total;1217
MU;2607000;Inajá (PE);Total;1055
MU;2607109;Ingazeira (PE);Total;620
MU;2607208;Ipojuca (PE);Total;6173
MU;2607307;Ipubi (PE);Total;2568
MU;2607406;Itacuruba (PE);Total;359
MU;2607505;Itaíba (PE);Total;1877
MU;2607604;Ilha de Itamaracá (PE);Total;2300
MU;2607653;Itambé (PE);Total;3426
MU;2607703;Itapetim (PE);Total;1333
MU;2607752;Itapissuma (PE);Total;2263
MU;2607802;Itaquitinga (PE);Total;1177
MU;2607901;Jaboatão dos Guararapes (PE);Total;57399
MU;2607950;Jaqueira (PE);Total;944
MU;2608008;Jataúba (PE);Total;1354
MU;2608057;Jatobá (PE);Total;1143
MU;2608107;João Alfredo (PE);Total;2578
MU;2608206;Joaquim Nabuco (PE);Total;1734
MU;2608255;Jucati (PE);Total;1168
MU;2608305;Jupi (PE);Total;1284
MU;2608404;Jurema (PE);Total;1438
MU;2608453;Lagoa do Carro (PE);Total;1554
MU;2608503;Lagoa de Itaenga (PE);Total;1940
MU;2608602;Lagoa do Ouro (PE);Total;981
MU;2608701;Lagoa dos Gatos (PE);Total;1322
MU;2608750;Lagoa Grande (PE);Total;1687
MU;2608800;Lajedo (PE);Total;3208
MU;2608909;Limoeiro (PE);Total;6269
MU;2609006;Macaparana (PE);Total;2805
MU;2609105;Machados (PE);Total;776
MU;2609154;Manari (PE);Total;1045
MU;2609204;Maraial (PE);Total;1076
MU;2609303;Mirandiba (PE);Total;1326
MU;2609402;Moreno (PE);Total;4893
MU;2609501;Nazaré da Mata (PE);Total;3732
MU;2609600;Olinda (PE);Total;28579
MU;2609709;Orobó (PE);Total;2268
MU;2609808;Orocó (PE);Total;1172
MU;2609907;Ouricuri (PE);Total;6855
MU;2610004;Palmares (PE);Total;6098
MU;2610103;Palmeirina (PE);Total;635
MU;2610202;Panelas (PE);Total;2447
MU;2610301;Paranatama (PE);Total;714
MU;2610400;Parnamirim (PE);Total;1399
MU;2610509;Passira (PE);Total;2285
MU;2610608;Paudalho (PE);Total;5677
MU;2610707;Paulista (PE);Total;29836
MU;2610806;Pedra (PE);Total;2003
MU;2610905;Pesqueira (PE);Total;6367
MU;2611002;Petrolândia (PE);Total;2881
MU;2611101;Petrolina (PE);Total;26031
MU;2611200;Poção (PE);Total;885
MU;2611309;Pombos (PE);Total;2611
MU;2611408;Primavera (PE);Total;1372
MU;2611507;Quipapá (PE);Total;2007
MU;2611533;Quixaba (PE);Total;465
MU;2611606;Recife (PE);Total;122531
MU;2611705;Riacho das Almas (PE);Total;2064
MU;2611804;Ribeirão (PE);Total;3321
MU;2611903;Rio Formoso (PE);Total;1502
MU;2612000;Sairé (PE);Total;1480
MU;2612109;Salgadinho (PE);Total;503
MU;2612208;Salgueiro (PE);Total;5576
MU;2612307;Saloá (PE);Total;1256
MU;2612406;Sanharó (PE);Total;2079
MU;2612455;Santa Cruz (PE);Total;1060
MU;2612471;Santa Cruz da Baixa Verde (PE);Total;813
MU;2612505;Santa Cruz do Capibaribe (PE);Total;6750
MU;2612554;Santa Filomena (PE);Total;817
MU;2612604;Santa Maria da Boa Vista (PE);Total;2775
MU;2612703;Santa Maria do Cambucá (PE);Total;1041
MU;2612802;Santa Terezinha (PE);Total;778
MU;2612901;São Benedito do Sul (PE);Total;1260
MU;2613008;São Bento do Una (PE);Total;4783
MU;2613107;São Caitano (PE);Total;3140
MU;2613206;São João (PE);Total;2425
MU;2613305;São Joaquim do Monte (PE);Total;1610
MU;2613404;São José da Coroa Grande (PE);Total;1458
MU;2613503;São José do Belmonte (PE);Total;3604
MU;2613602;São José do Egito (PE);Total;2800
MU;2613701;São Lourenço da Mata (PE);Total;9586
MU;2613800;São Vicente Férrer (PE);Total;1550
MU;2613909;Serra Talhada (PE);Total;9905
MU;2614006;Serrita (PE);Total;1511
MU;2614105;Sertânia (PE);Total;2465
MU;2614204;Sirinhaém (PE);Total;3687
MU;2614303;Moreilândia (PE);Total;765
MU;2614402;Solidão (PE);Total;504
MU;2614501;Surubim (PE);Total;4630
MU;2614600;Tabira (PE);Total;2782
MU;2614709;Tacaimbó (PE);Total;1518
MU;2614808;Tacaratu (PE);Total;1949
MU;2614857;Tamandaré (PE);Total;1438
MU;2615003;Taquaritinga do Norte (PE);Total;1507
MU;2615102;Terezinha (PE);Total;542
MU;2615201;Terra Nova (PE);Total;962
MU;2615300;Timbaúba (PE);Total;4841
MU;2615409;Toritama (PE);Total;2574
MU;2615508;Tracunhaém (PE);Total;1400
MU;2615607;Trindade (PE);Total;2560
MU;2615706;Triunfo (PE);Total;1424
MU;2615805;Tupanatinga (PE);Total;1750
MU;2615904;Tuparetama (PE);Total;868
MU;2616001;Venturosa (PE);Total;1504
MU;2616100;Verdejante (PE);Total;780
MU;2616183;Vertente do Lério (PE);Total;720
MU;2616209;Vertentes (PE);Total;2482
MU;2616308;Vicência (PE);Total;2364
MU;2616407;Vitória de Santo Antão (PE);Total;12489
MU;2616506;Xexéu (PE);Total;883
MU;2700102;Água Branca (AL);Total;1222
MU;2700201;Anadia (AL);Total;1586
MU;2700300;Arapiraca (AL);Total;19637
MU;2700409;Atalaia (AL);Total;4306
MU;2700508;Barra de Santo Antônio (AL);Total;1430
MU;2700607;Barra de São Miguel (AL);Total;666
MU;2700706;Batalha (AL);Total;1516
MU;2700805;Belém (AL);Total;388
MU;2700904;Belo Monte (AL);Total;822
MU;2701001;Boca da Mata (AL);Total;3055
MU;2701100;Branquinha (AL);Total;1035
MU;2701209;Cacimbinhas (AL);Total;951
MU;2701308;Cajueiro (AL);Total;1562
MU;2701357;Campestre (AL);Total;704
MU;2701407;Campo Alegre (AL);Total;3044
MU;2701506;Campo Grande (AL);Total;616
MU;2701605;Canapi (AL);Total;1010
MU;2701704;Capela (AL);Total;1261
MU;2701803;Carneiros (AL);Total;854
MU;2701902;Chã Preta (AL);Total;745
MU;2702009;Coité do Nóia (AL);Total;853
MU;2702108;Colônia Leopoldina (AL);Total;1613
MU;2702207;Coqueiro Seco (AL);Total;797
MU;2702306;Coruripe (AL);Total;5558
MU;2702355;Craíbas (AL);Total;1955
MU;2702405;Delmiro Gouveia (AL);Total;5150
MU;2702504;Dois Riachos (AL);Total;801
MU;2702553;Estrela de Alagoas (AL);Total;1284
MU;2702603;Feira Grande (AL);Total;1448
MU;2702702;Feliz Deserto (AL);Total;186
MU;2702801;Flexeiras (AL);Total;594
MU;2702900;Girau do Ponciano (AL);Total;3113
MU;2703007;Ibateguara (AL);Total;1718
MU;2703106;Igaci (AL);Total;2081
MU;2703205;Igreja Nova (AL);Total;1886
MU;2703304;Inhapi (AL);Total;1539
MU;2703403;Jacaré dos Homens (AL);Total;425
MU;2703502;Jacuípe (AL);Total;520
MU;2703601;Japaratinga (AL);Total;649
MU;2703700;Jaramataia (AL);Total;394
MU;2703759;Jequiá da Praia (AL);Total;1356
MU;2703809;Joaquim Gomes (AL);Total;2604
MU;2703908;Jundiá (AL);Total;220
MU;2704005;Junqueiro (AL);Total;1564
MU;2704104;Lagoa da Canoa (AL);Total;2151
MU;2704203;Limoeiro de Anadia (AL);Total;2457
MU;2704302;Maceió (AL);Total;87305
MU;2704401;Major Isidoro (AL);Total;1482
MU;2704500;Maragogi (AL);Total;2169
MU;2704609;Maravilha (AL);Total;975
MU;2704708;Marechal Deodoro (AL);Total;5064
MU;2704807;Maribondo (AL);Total;1794
MU;2704906;Mar Vermelho (AL);Total;441
MU;2705002;Mata Grande (AL);Total;2148
MU;2705101;Matriz de Camaragibe (AL);Total;1808
MU;2705200;Messias (AL);Total;1287
MU;2705309;Minador do Negrão (AL);Total;253
MU;2705408;Monteirópolis (AL);Total;705
MU;2705507;Murici (AL);Total;2697
MU;2705606;Novo Lino (AL);Total;965
MU;2705705;Olho d'Água das Flores (AL);Total;1736
MU;2705804;Olho d'Água do Casado (AL);Total;662
MU;2705903;Olho d'Água Grande (AL);Total;299
MU;2706000;Olivença (AL);Total;701
MU;2706109;Ouro Branco (AL);Total;1397
MU;2706208;Palestina (AL);Total;599
MU;2706307;Palmeira dos Índios (AL);Total;6562
MU;2706406;Pão de Açúcar (AL);Total;2385
MU;2706422;Pariconha (AL);Total;1096
MU;2706448;Paripueira (AL);Total;1494
MU;2706505;Passo de Camaragibe (AL);Total;1349
MU;2706604;Paulo Jacinto (AL);Total;760
MU;2706703;Penedo (AL);Total;6118
MU;2706802;Piaçabuçu (AL);Total;1279
MU;2706901;Pilar (AL);Total;3696
MU;2707008;Pindoba (AL);Total;168
MU;2707107;Piranhas (AL);Total;2048
MU;2707206;Poço das Trincheiras (AL);Total;946
MU;2707305;Porto Calvo (AL);Total;1676
MU;2707404;Porto de Pedras (AL);Total;745
MU;2707503;Porto Real do Colégio (AL);Total;1746
MU;2707602;Quebrangulo (AL);Total;781
MU;2707701;Rio Largo (AL);Total;10913
MU;2707800;Roteiro (AL);Total;916
MU;2707909;Santa Luzia do Norte (AL);Total;505
MU;2708006;Santana do Ipanema (AL);Total;3901
MU;2708105;Santana do Mundaú (AL);Total;1313
MU;2708204;São Brás (AL);Total;646
MU;2708303;São José da Laje (AL);Total;2623
MU;2708402;São José da Tapera (AL);Total;2393
MU;2708501;São Luís do Quitunde (AL);Total;3113
MU;2708600;São Miguel dos Campos (AL);Total;4983
MU;2708709;São Miguel dos Milagres (AL);Total;609
MU;2708808;São Sebastião (AL);Total;3134
MU;2708907;Satuba (AL);Total;1686
MU;2708956;Senador Rui Palmeira (AL);Total;1127
MU;2709004;Tanque d'Arca (AL);Total;618
MU;2709103;Taquarana (AL);Total;1379
MU;2709152;Teotônio Vilela (AL);Total;4018
MU;2709202;Traipu (AL);Total;2348
MU;2709301;União dos Palmares (AL);Total;6222
MU;2709400;Viçosa (AL);Total;2437
MU;2800100;Amparo do São Francisco (SE);Total;266
MU;2800209;Aquidabã (SE);Total;1967
MU;2800308;Aracaju (SE);Total;44581
MU;2800407;Arauá (SE);Total;835
MU;2800506;Areia Branca (SE);Total;1151
MU;2800605;Barra dos Coqueiros (SE);Total;3071
MU;2800670;Boquim (SE);Total;3065
MU;2800704;Brejo Grande (SE);Total;811
MU;2801009;Campo do Brito (SE);Total;1960
MU;2801108;Canhoba (SE);Total;345
MU;2801207;Canindé de São Francisco (SE);Total;1687
MU;2801306;Capela (SE);Total;3502
MU;2801405;Carira (SE);Total;1291
MU;2801504;Carmópolis (SE);Total;1479
MU;2801603;Cedro de São João (SE);Total;553
MU;2801702;Cristinápolis (SE);Total;1123
MU;2801900;Cumbe (SE);Total;581
MU;2802007;Divina Pastora (SE);Total;489
MU;2802106;Estância (SE);Total;5360
MU;2802205;Feira Nova (SE);Total;349
MU;2802304;Frei Paulo (SE);Total;1358
MU;2802403;Gararu (SE);Total;941
MU;2802502;General Maynard (SE);Total;374
MU;2802601;Graccho Cardoso (SE);Total;531
MU;2802700;Ilha das Flores (SE);Total;719
MU;2802809;Indiaroba (SE);Total;1064
MU;2802908;Itabaiana (SE);Total;8921
MU;2803005;Itabaianinha (SE);Total;2931
MU;2803104;Itabi (SE);Total;557
MU;2803203;Itaporanga d'Ajuda (SE);Total;2834
MU;2803302;Japaratuba (SE);Total;1590
MU;2803401;Japoatã (SE);Total;1068
MU;2803500;Lagarto (SE);Total;8746
MU;2803609;Laranjeiras (SE);Total;1834
MU;2803708;Macambira (SE);Total;609
MU;2803807;Malhada dos Bois (SE);Total;628
MU;2803906;Malhador (SE);Total;1319
MU;2804003;Maruim (SE);Total;1742
MU;2804102;Moita Bonita (SE);Total;938
MU;2804201;Monte Alegre de Sergipe (SE);Total;1440
MU;2804300;Muribeca (SE);Total;699
MU;2804409;Neópolis (SE);Total;1221
MU;2804458;Nossa Senhora Aparecida (SE);Total;920
MU;2804508;Nossa Senhora da Glória (SE);Total;3030
MU;2804607;Nossa Senhora das Dores (SE);Total;2848
MU;2804706;Nossa Senhora de Lourdes (SE);Total;610
MU;2804805;Nossa Senhora do Socorro (SE);Total;14801
MU;2804904;Pacatuba (SE);Total;1073
MU;2805000;Pedra Mole (SE);Total;158
MU;2805109;Pedrinhas (SE);Total;627
MU;2805208;Pinhão (SE);Total;357
MU;2805307;Pirambu (SE);Total;823
MU;2805406;Poço Redondo (SE);Total;2512
MU;2805505;Poço Verde (SE);Total;2337
MU;2805604;Porto da Folha (SE);Total;2305
MU;2805703;Propriá (SE);Total;3247
MU;2805802;Riachão do Dantas (SE);Total;1367
MU;2805901;Riachuelo (SE);Total;897
MU;2806008;Ribeirópolis (SE);Total;1259
MU;2806107;Rosário do Catete (SE);Total;777
MU;2806206;Salgado (SE);Total;2357
MU;2806305;Santa Luzia do Itanhy (SE);Total;1204
MU;2806404;Santana do São Francisco (SE);Total;814
MU;2806503;Santa Rosa de Lima (SE);Total;523
MU;2806602;Santo Amaro das Brotas (SE);Total;1136
MU;2806701;São Cristóvão (SE);Total;7602
MU;2806800;São Domingos (SE);Total;987
MU;2806909;São Francisco (SE);Total;323
MU;2807006;São Miguel do Aleixo (SE);Total;282
MU;2807105;Simão Dias (SE);Total;4093
MU;2807204;Siriri (SE);Total;1016
MU;2807303;Telha (SE);Total;322
MU;2807402;Tobias Barreto (SE);Total;5995
MU;2807501;Tomar do Geru (SE);Total;1344
MU;2807600;Umbaúba (SE);Total;1743
MU;2900108;Abaíra (BA);Total;544
MU;2900207;Abaré (BA);Total;1528
MU;2900306;Acajutiba (BA);Total;981
MU;2900355;Adustina (BA);Total;1294
MU;2900405;Água Fria (BA);Total;1305
MU;2900504;Érico Cardoso (BA);Total;602
MU;2900603;Aiquara (BA);Total;519
MU;2900702;Alagoinhas (BA);Total;12165
MU;2900801;Alcobaça (BA);Total;1120
MU;2900900;Almadina (BA);Total;812
MU;2901007;Amargosa (BA);Total;3128
MU;2901106;Amélia Rodrigues (BA);Total;2057
MU;2901155;América Dourada (BA);Total;1314
MU;2901205;Anagé (BA);Total;2156
MU;2901304;Andaraí (BA);Total;949
MU;2901353;Andorinha (BA);Total;1549
MU;2901403;Angical (BA);Total;1149
MU;2901502;Anguera (BA);Total;751
MU;2901601;Antas (BA);Total;1257
MU;2901700;Antônio Cardoso (BA);Total;951
MU;2901809;Antônio Gonçalves (BA);Total;920
MU;2901908;Aporá (BA);Total;1438
MU;2901957;Apuarema (BA);Total;550
MU;2902005;Aracatu (BA);Total;1161
MU;2902054;Araçás (BA);Total;1160
MU;2902104;Araci (BA);Total;3988
MU;2902203;Aramari (BA);Total;864
MU;2902252;Arataca (BA);Total;756
MU;2902302;Aratuípe (BA);Total;774
MU;2902401;Aurelino Leal (BA);Total;681
MU;2902500;Baianópolis (BA);Total;1068
MU;2902609;Baixa Grande (BA);Total;1395
MU;2902658;Banzaê (BA);Total;953
MU;2902708;Barra (BA);Total;3804
MU;2902807;Barra da Estiva (BA);Total;1587
MU;2902906;Barra do Choça (BA);Total;2887
MU;2903003;Barra do Mendes (BA);Total;1208
MU;2903102;Barra do Rocha (BA);Total;458
MU;2903201;Barreiras (BA);Total;10971
MU;2903235;Barro Alto (BA);Total;903
MU;2903276;Barrocas (BA);Total;1115
MU;2903300;Barro Preto (BA);Total;403
MU;2903409;Belmonte (BA);Total;1295
MU;2903508;Belo Campo (BA);Total;1910
MU;2903607;Biritinga (BA);Total;1322
MU;2903706;Boa Nova (BA);Total;1395
MU;2903805;Boa Vista do Tupim (BA);Total;1264
MU;2903904;Bom Jesus da Lapa (BA);Total;5710
MU;2903953;Bom Jesus da Serra (BA);Total;521
MU;2904001;Boninal (BA);Total;1136
MU;2904050;Bonito (BA);Total;1141
MU;2904100;Boquira (BA);Total;1670
MU;2904209;Botuporã (BA);Total;953
MU;2904308;Brejões (BA);Total;1245
MU;2904407;Brejolândia (BA);Total;726
MU;2904506;Brotas de Macaúbas (BA);Total;833
MU;2904605;Brumado (BA);Total;4953
MU;2904704;Buerarema (BA);Total;1489
MU;2904753;Buritirama (BA);Total;1421
MU;2904803;Caatiba (BA);Total;382
MU;2904852;Cabaceiras do Paraguaçu (BA);Total;1288
MU;2904902;Cachoeira (BA);Total;1985
MU;2905008;Caculé (BA);Total;1985
MU;2905107;Caém (BA);Total;1032
MU;2905156;Caetanos (BA);Total;1058
MU;2905206;Caetité (BA);Total;3425
MU;2905305;Cafarnaum (BA);Total;1569
MU;2905404;Cairu (BA);Total;1440
MU;2905503;Caldeirão Grande (BA);Total;1137
MU;2905602;Camacan (BA);Total;2466
MU;2905701;Camaçari (BA);Total;19632
MU;2905800;Camamu (BA);Total;2886
MU;2905909;Campo Alegre de Lourdes (BA);Total;3656
MU;2906006;Campo Formoso (BA);Total;5178
MU;2906105;Canápolis (BA);Total;1073
MU;2906204;Canarana (BA);Total;1772
MU;2906303;Canavieiras (BA);Total;2864
MU;2906402;Candeal (BA);Total;496
MU;2906501;Candeias (BA);Total;6450
MU;2906600;Candiba (BA);Total;1363
MU;2906709;Cândido Sales (BA);Total;3033
MU;2906808;Cansanção (BA);Total;2732
MU;2906824;Canudos (BA);Total;1009
MU;2906857;Capela do Alto Alegre (BA);Total;1209
MU;2906873;Capim Grosso (BA);Total;3260
MU;2906899;Caraíbas (BA);Total;1231
MU;2906907;Caravelas (BA);Total;1333
MU;2907004;Cardeal da Silva (BA);Total;509
MU;2907103;Carinhanha (BA);Total;3104
MU;2907202;Casa Nova (BA);Total;4906
MU;2907301;Castro Alves (BA);Total;1724
MU;2907400;Catolândia (BA);Total;139
MU;2907509;Catu (BA);Total;4080
MU;2907558;Caturama (BA);Total;550
MU;2907608;Central (BA);Total;1483
MU;2907707;Chorrochó (BA);Total;795
MU;2907806;Cícero Dantas (BA);Total;2917
MU;2907905;Cipó (BA);Total;1449
MU;2908002;Coaraci (BA);Total;1942
MU;2908101;Cocos (BA);Total;1444
MU;2908200;Conceição da Feira (BA);Total;1931
MU;2908309;Conceição do Almeida (BA);Total;1161
MU;2908408;Conceição do Coité (BA);Total;4877
MU;2908507;Conceição do Jacuípe (BA);Total;2610
MU;2908606;Conde (BA);Total;1248
MU;2908705;Condeúba (BA);Total;1851
MU;2908804;Contendas do Sincorá (BA);Total;446
MU;2908903;Coração de Maria (BA);Total;2076
MU;2909000;Cordeiros (BA);Total;845
MU;2909109;Coribe (BA);Total;1125
MU;2909208;Coronel João Sá (BA);Total;1444
MU;2909307;Correntina (BA);Total;2300
MU;2909406;Cotegipe (BA);Total;928
MU;2909505;Cravolândia (BA);Total;434
MU;2909604;Crisópolis (BA);Total;1446
MU;2909703;Cristópolis (BA);Total;618
MU;2909802;Cruz das Almas (BA);Total;4808
MU;2909901;Curaçá (BA);Total;2268
MU;2910008;Dário Meira (BA);Total;1137
MU;2910057;Dias d'Ávila (BA);Total;5684
MU;2910107;Dom Basílio (BA);Total;796
MU;2910206;Dom Macedo Costa (BA);Total;521
MU;2910305;Elísio Medrado (BA);Total;691
MU;2910404;Encruzilhada (BA);Total;1706
MU;2910503;Entre Rios (BA);Total;2877
MU;2910602;Esplanada (BA);Total;2769
MU;2910701;Euclides da Cunha (BA);Total;4955
MU;2910727;Eunápolis (BA);Total;10064
MU;2910750;Fátima (BA);Total;1812
MU;2910776;Feira da Mata (BA);Total;602
MU;2910800;Feira de Santana (BA);Total;41614
MU;2910859;Filadélfia (BA);Total;1769
MU;2910909;Firmino Alves (BA);Total;281
MU;2911006;Floresta Azul (BA);Total;954
MU;2911105;Formosa do Rio Preto (BA);Total;1466
MU;2911204;Gandu (BA);Total;2225
MU;2911253;Gavião (BA);Total;206
MU;2911303;Gentio do Ouro (BA);Total;1016
MU;2911402;Glória (BA);Total;1485
MU;2911501;Gongogi (BA);Total;615
MU;2911600;Governador Mangabeira (BA);Total;2072
MU;2911659;Guajeru (BA);Total;801
MU;2911709;Guanambi (BA);Total;7430
MU;2911808;Guaratinga (BA);Total;1745
MU;2911857;Heliópolis (BA);Total;1137
MU;2911907;Iaçu (BA);Total;2708
MU;2912004;Ibiassucê (BA);Total;864
MU;2912103;Ibicaraí (BA);Total;2548
MU;2912202;Ibicoara (BA);Total;933
MU;2912301;Ibicuí (BA);Total;1390
MU;2912400;Ibipeba (BA);Total;1381
MU;2912509;Ibipitanga (BA);Total;1193
MU;2912608;Ibiquera (BA);Total;233
MU;2912707;Ibirapitanga (BA);Total;1920
MU;2912806;Ibirapuã (BA);Total;1011
MU;2912905;Ibirataia (BA);Total;2050
MU;2913002;Ibitiara (BA);Total;959
MU;2913101;Ibititá (BA);Total;1185
MU;2913200;Ibotirama (BA);Total;2153
MU;2913309;Ichu (BA);Total;471
MU;2913408;Igaporã (BA);Total;1085
MU;2913457;Igrapiúna (BA);Total;1171
MU;2913507;Iguaí (BA);Total;2343
MU;2913606;Ilhéus (BA);Total;14981
MU;2913705;Inhambupe (BA);Total;2514
MU;2913804;Ipecaetá (BA);Total;855
MU;2913903;Ipiaú (BA);Total;3796
MU;2914000;Ipirá (BA);Total;5068
MU;2914109;Ipupiara (BA);Total;993
MU;2914208;Irajuba (BA);Total;541
MU;2914307;Iramaia (BA);Total;678
MU;2914406;Iraquara (BA);Total;1418
MU;2914505;Irará (BA);Total;2873
MU;2914604;Irecê (BA);Total;5411
MU;2914653;Itabela (BA);Total;2364
MU;2914703;Itaberaba (BA);Total;4440
MU;2914802;Itabuna (BA);Total;17417
MU;2914901;Itacaré (BA);Total;2119
MU;2915007;Itaeté (BA);Total;1309
MU;2915106;Itagi (BA);Total;1198
MU;2915205;Itagibá (BA);Total;1248
MU;2915304;Itagimirim (BA);Total;457
MU;2915353;Itaguaçu da Bahia (BA);Total;1021
MU;2915403;Itaju do Colônia (BA);Total;649
MU;2915502;Itajuípe (BA);Total;1974
MU;2915601;Itamaraju (BA);Total;4776
MU;2915700;Itamari (BA);Total;668
MU;2915809;Itambé (BA);Total;2156
MU;2915908;Itanagra (BA);Total;609
MU;2916005;Itanhém (BA);Total;2059
MU;2916104;Itaparica (BA);Total;1991
MU;2916203;Itapé (BA);Total;666
MU;2916302;Itapebi (BA);Total;976
MU;2916401;Itapetinga (BA);Total;5338
MU;2916500;Itapicuru (BA);Total;2335
MU;2916609;Itapitanga (BA);Total;558
MU;2916708;Itaquara (BA);Total;723
MU;2916807;Itarantim (BA);Total;1420
MU;2916856;Itatim (BA);Total;1471
MU;2916906;Itiruçu (BA);Total;1305
MU;2917003;Itiúba (BA);Total;3246
MU;2917102;Itororó (BA);Total;1363
MU;2917201;Ituaçu (BA);Total;1106
MU;2917300;Ituberá (BA);Total;1878
MU;2917334;Iuiu (BA);Total;667
MU;2917359;Jaborandi (BA);Total;851
MU;2917409;Jacaraci (BA);Total;1603
MU;2917508;Jacobina (BA);Total;6816
MU;2917607;Jaguaquara (BA);Total;4366
MU;2917706;Jaguarari (BA);Total;2454
MU;2917805;Jaguaripe (BA);Total;1323
MU;2917904;Jandaíra (BA);Total;728
MU;2918001;Jequié (BA);Total;12782
MU;2918100;Jeremoabo (BA);Total;2982
MU;2918209;Jiquiriçá (BA);Total;930
MU;2918308;Jitaúna (BA);Total;1094
MU;2918357;João Dourado (BA);Total;1582
MU;2918407;Juazeiro (BA);Total;15661
MU;2918456;Jucuruçu (BA);Total;689
MU;2918506;Jussara (BA);Total;1120
MU;2918555;Jussari (BA);Total;439
MU;2918605;Jussiape (BA);Total;482
MU;2918704;Lafaiete Coutinho (BA);Total;229
MU;2918753;Lagoa Real (BA);Total;890
MU;2918803;Laje (BA);Total;1860
MU;2918902;Lajedão (BA);Total;341
MU;2919009;Lajedinho (BA);Total;280
MU;2919058;Lajedo do Tabocal (BA);Total;582
MU;2919108;Lamarão (BA);Total;741
MU;2919157;Lapão (BA);Total;1761
MU;2919207;Lauro de Freitas (BA);Total;11335
MU;2919306;Lençóis (BA);Total;873
MU;2919405;Licínio de Almeida (BA);Total;1233
MU;2919504;Livramento de Nossa Senhora (BA);Total;3118
MU;2919553;Luís Eduardo Magalhães (BA);Total;4352
MU;2919603;Macajuba (BA);Total;1125
MU;2919702;Macarani (BA);Total;1205
MU;2919801;Macaúbas (BA);Total;4142
MU;2919900;Macururé (BA);Total;780
MU;2919926;Madre de Deus (BA);Total;1664
MU;2919959;Maetinga (BA);Total;573
MU;2920007;Maiquinique (BA);Total;781
MU;2920106;Mairi (BA);Total;1583
MU;2920205;Malhada (BA);Total;1326
MU;2920304;Malhada de Pedras (BA);Total;838
MU;2920403;Manoel Vitorino (BA);Total;1597
MU;2920452;Mansidão (BA);Total;831
MU;2920502;Maracás (BA);Total;1870
MU;2920601;Maragogipe (BA);Total;2884
MU;2920700;Maraú (BA);Total;1129
MU;2920809;Marcionílio Souza (BA);Total;646
MU;2920908;Mascote (BA);Total;960
MU;2921005;Mata de São João (BA);Total;3154
MU;2921054;Matina (BA);Total;749
MU;2921104;Medeiros Neto (BA);Total;1195
MU;2921203;Miguel Calmon (BA);Total;1773
MU;2921302;Milagres (BA);Total;1132
MU;2921401;Mirangaba (BA);Total;986
MU;2921450;Mirante (BA);Total;1157
MU;2921500;Monte Santo (BA);Total;4794
MU;2921609;Morpará (BA);Total;371
MU;2921708;Morro do Chapéu (BA);Total;2874
MU;2921807;Mortugaba (BA);Total;588
MU;2921906;Mucugê (BA);Total;822
MU;2922003;Mucuri (BA);Total;2604
MU;2922052;Mulungu do Morro (BA);Total;1002
MU;2922102;Mundo Novo (BA);Total;1267
MU;2922201;Muniz Ferreira (BA);Total;535
MU;2922250;Muquém do São Francisco (BA);Total;780
MU;2922300;Muritiba (BA);Total;2377
MU;2922409;Mutuípe (BA);Total;1975
MU;2922508;Nazaré (BA);Total;1933
MU;2922607;Nilo Peçanha (BA);Total;1039
MU;2922656;Nordestina (BA);Total;737
MU;2922706;Nova Canaã (BA);Total;1308
MU;2922730;Nova Fátima (BA);Total;519
MU;2922755;Nova Ibiá (BA);Total;354
MU;2922805;Nova Itarana (BA);Total;731
MU;2922854;Nova Redenção (BA);Total;559
MU;2922904;Nova Soure (BA);Total;1346
MU;2923001;Nova Viçosa (BA);Total;2795
MU;2923035;Novo Horizonte (BA);Total;694
MU;2923050;Novo Triunfo (BA);Total;752
MU;2923100;Olindina (BA);Total;1862
MU;2923209;Oliveira dos Brejinhos (BA);Total;1993
MU;2923308;Ouriçangas (BA);Total;706
MU;2923357;Ourolândia (BA);Total;890
MU;2923407;Palmas de Monte Alto (BA);Total;1875
MU;2923506;Palmeiras (BA);Total;467
MU;2923605;Paramirim (BA);Total;1528
MU;2923704;Paratinga (BA);Total;1969
MU;2923803;Paripiranga (BA);Total;2061
MU;2923902;Pau Brasil (BA);Total;693
MU;2924009;Paulo Afonso (BA);Total;10487
MU;2924058;Pé de Serra (BA);Total;1224
MU;2924108;Pedrão (BA);Total;667
MU;2924207;Pedro Alexandre (BA);Total;874
MU;2924306;Piatã (BA);Total;1590
MU;2924405;Pilão Arcado (BA);Total;3155
MU;2924504;Pindaí (BA);Total;1444
MU;2924603;Pindobaçu (BA);Total;2117
MU;2924652;Pintadas (BA);Total;727
MU;2924678;Piraí do Norte (BA);Total;531
MU;2924702;Piripá (BA);Total;440
MU;2924801;Piritiba (BA);Total;1463
MU;2924900;Planaltino (BA);Total;600
MU;2925006;Planalto (BA);Total;1438
MU;2925105;Poções (BA);Total;4449
MU;2925204;Pojuca (BA);Total;2412
MU;2925253;Ponto Novo (BA);Total;1292
MU;2925303;Porto Seguro (BA);Total;10850
MU;2925402;Potiraguá (BA);Total;632
MU;2925501;Prado (BA);Total;2243
MU;2925600;Presidente Dutra (BA);Total;1153
MU;2925709;Presidente Jânio Quadros (BA);Total;1421
MU;2925758;Presidente Tancredo Neves (BA);Total;1592
MU;2925808;Queimadas (BA);Total;2447
MU;2925907;Quijingue (BA);Total;2231
MU;2925931;Quixabeira (BA);Total;612
MU;2925956;Rafael Jambeiro (BA);Total;1773
MU;2926004;Remanso (BA);Total;3410
MU;2926103;Retirolândia (BA);Total;899
MU;2926202;Riachão das Neves (BA);Total;1884
MU;2926301;Riachão do Jacuípe (BA);Total;3094
MU;2926400;Riacho de Santana (BA);Total;2576
MU;2926509;Ribeira do Amparo (BA);Total;1185
MU;2926608;Ribeira do Pombal (BA);Total;4387
MU;2926657;Ribeirão do Largo (BA);Total;856
MU;2926707;Rio de Contas (BA);Total;841
MU;2926806;Rio do Antônio (BA);Total;1032
MU;2926905;Rio do Pires (BA);Total;994
MU;2927002;Rio Real (BA);Total;3104
MU;2927101;Rodelas (BA);Total;816
MU;2927200;Ruy Barbosa (BA);Total;1841
MU;2927309;Salinas da Margarida (BA);Total;1355
MU;2927408;Salvador (BA);Total;172620
MU;2927507;Santa Bárbara (BA);Total;1937
MU;2927606;Santa Brígida (BA);Total;1439
MU;2927705;Santa Cruz Cabrália (BA);Total;2213
MU;2927804;Santa Cruz da Vitória (BA);Total;575
MU;2927903;Santa Inês (BA);Total;1406
MU;2928000;Santaluz (BA);Total;2870
MU;2928059;Santa Luzia (BA);Total;1049
MU;2928109;Santa Maria da Vitória (BA);Total;3016
MU;2928208;Santana (BA);Total;2151
MU;2928307;Santanópolis (BA);Total;910
MU;2928406;Santa Rita de Cássia (BA);Total;2166
MU;2928505;Santa Terezinha (BA);Total;853
MU;2928604;Santo Amaro (BA);Total;5110
MU;2928703;Santo Antônio de Jesus (BA);Total;8247
MU;2928802;Santo Estêvão (BA);Total;3730
MU;2928901;São Desidério (BA);Total;1802
MU;2928950;São Domingos (BA);Total;655
MU;2929008;São Félix (BA);Total;992
MU;2929057;São Félix do Coribe (BA);Total;1306
MU;2929107;São Felipe (BA);Total;1710
MU;2929206;São Francisco do Conde (BA);Total;2627
MU;2929255;São Gabriel (BA);Total;1890
MU;2929305;São Gonçalo dos Campos (BA);Total;2769
MU;2929354;São José da Vitória (BA);Total;503
MU;2929370;São José do Jacuípe (BA);Total;1001
MU;2929404;São Miguel das Matas (BA);Total;890
MU;2929503;São Sebastião do Passé (BA);Total;3442
MU;2929602;Sapeaçu (BA);Total;1331
MU;2929701;Sátiro Dias (BA);Total;1677
MU;2929750;Saubara (BA);Total;1000
MU;2929800;Saúde (BA);Total;1030
MU;2929909;Seabra (BA);Total;3209
MU;2930006;Sebastião Laranjeiras (BA);Total;780
MU;2930105;Senhor do Bonfim (BA);Total;6584
MU;2930154;Serra do Ramalho (BA);Total;3147
MU;2930204;Sento Sé (BA);Total;2380
MU;2930303;Serra Dourada (BA);Total;1822
MU;2930402;Serra Preta (BA);Total;1263
MU;2930501;Serrinha (BA);Total;6344
MU;2930600;Serrolândia (BA);Total;1282
MU;2930709;Simões Filho (BA);Total;7853
MU;2930758;Sítio do Mato (BA);Total;937
MU;2930766;Sítio do Quinto (BA);Total;977
MU;2930774;Sobradinho (BA);Total;2464
MU;2930808;Souto Soares (BA);Total;1378
MU;2930907;Tabocas do Brejo Velho (BA);Total;817
MU;2931004;Tanhaçu (BA);Total;1817
MU;2931053;Tanque Novo (BA);Total;1092
MU;2931103;Tanquinho (BA);Total;563
MU;2931202;Taperoá (BA);Total;1382
MU;2931301;Tapiramutá (BA);Total;1193
MU;2931350;Teixeira de Freitas (BA);Total;11540
MU;2931400;Teodoro Sampaio (BA);Total;765
MU;2931509;Teofilândia (BA);Total;1687
MU;2931608;Teolândia (BA);Total;1178
MU;2931707;Terra Nova (BA);Total;808
MU;2931806;Tremedal (BA);Total;1637
MU;2931905;Tucano (BA);Total;3472
MU;2932002;Uauá (BA);Total;2090
MU;2932101;Ubaíra (BA);Total;1723
MU;2932200;Ubaitaba (BA);Total;1383
MU;2932309;Ubatã (BA);Total;1382
MU;2932408;Uibaí (BA);Total;1249
MU;2932457;Umburanas (BA);Total;1307
MU;2932507;Una (BA);Total;1392
MU;2932606;Urandi (BA);Total;1429
MU;2932705;Uruçuca (BA);Total;1973
MU;2932804;Utinga (BA);Total;978
MU;2932903;Valença (BA);Total;7300
MU;2933000;Valente (BA);Total;2061
MU;2933059;Várzea da Roça (BA);Total;1181
MU;2933109;Várzea do Poço (BA);Total;1023
MU;2933158;Várzea Nova (BA);Total;1229
MU;2933174;Varzedo (BA);Total;1002
MU;2933208;Vera Cruz (BA);Total;3678
MU;2933257;Vereda (BA);Total;528
MU;2933307;Vitória da Conquista (BA);Total;26683
MU;2933406;Wagner (BA);Total;664
MU;2933455;Wanderley (BA);Total;671
MU;2933505;Wenceslau Guimarães (BA);Total;1758
MU;2933604;Xique-Xique (BA);Total;3999
MU;3100104;Abadia dos Dourados (MG);Total;420
MU;3100203;Abaeté (MG);Total;2517
MU;3100302;Abre Campo (MG);Total;802
MU;3100401;Acaiaca (MG);Total;399
MU;3100500;Açucena (MG);Total;1204
MU;3100609;Água Boa (MG);Total;722
MU;3100708;Água Comprida (MG);Total;226
MU;3100807;Aguanil (MG);Total;339
MU;3100906;Águas Formosas (MG);Total;1712
MU;3101003;Águas Vermelhas (MG);Total;1236
MU;3101102;Aimorés (MG);Total;1958
MU;3101201;Aiuruoca (MG);Total;577
MU;3101300;Alagoa (MG);Total;256
MU;3101409;Albertina (MG);Total;186
MU;3101508;Além Paraíba (MG);Total;2744
MU;3101607;Alfenas (MG);Total;6378
MU;3101631;Alfredo Vasconcelos (MG);Total;314
MU;3101706;Almenara (MG);Total;3812
MU;3101805;Alpercata (MG);Total;648
MU;3101904;Alpinópolis (MG);Total;1477
MU;3102001;Alterosa (MG);Total;1177
MU;3102050;Alto Caparaó (MG);Total;505
MU;3102100;Alto Rio Doce (MG);Total;996
MU;3102209;Alvarenga (MG);Total;397
MU;3102308;Alvinópolis (MG);Total;987
MU;3102407;Alvorada de Minas (MG);Total;289
MU;3102506;Amparo do Serra (MG);Total;445
MU;3102605;Andradas (MG);Total;2445
MU;3102704;Cachoeira de Pajeú (MG);Total;664
MU;3102803;Andrelândia (MG);Total;808
MU;3102852;Angelândia (MG);Total;582
MU;3102902;Antônio Carlos (MG);Total;831
MU;3103009;Antônio Dias (MG);Total;587
MU;3103108;Antônio Prado de Minas (MG);Total;129
MU;3103207;Araçaí (MG);Total;152
MU;3103306;Aracitaba (MG);Total;137
MU;3103405;Araçuaí (MG);Total;3165
MU;3103504;Araguari (MG);Total;6548
MU;3103603;Arantina (MG);Total;302
MU;3103702;Araponga (MG);Total;618
MU;3103751;Araporã (MG);Total;578
MU;3103801;Arapuá (MG);Total;227
MU;3103900;Araújos (MG);Total;466
MU;3104007;Araxá (MG);Total;6751
MU;3104106;Arceburgo (MG);Total;738
MU;3104205;Arcos (MG);Total;3340
MU;3104304;Areado (MG);Total;1037
MU;3104403;Argirita (MG);Total;242
MU;3104452;Aricanduva (MG);Total;409
MU;3104502;Arinos (MG);Total;1401
MU;3104601;Astolfo Dutra (MG);Total;1072
MU;3104700;Ataléia (MG);Total;1358
MU;3104809;Augusto de Lima (MG);Total;510
MU;3104908;Baependi (MG);Total;1564
MU;3105004;Baldim (MG);Total;661
MU;3105103;Bambuí (MG);Total;2762
MU;3105202;Bandeira (MG);Total;359
MU;3105301;Bandeira do Sul (MG);Total;472
MU;3105400;Barão de Cocais (MG);Total;1590
MU;3105509;Barão do Monte Alto (MG);Total;608
MU;3105608;Barbacena (MG);Total;11992
MU;3105707;Barra Longa (MG);Total;458
MU;3105905;Barroso (MG);Total;1625
MU;3106002;Bela Vista de Minas (MG);Total;840
MU;3106101;Belmiro Braga (MG);Total;311
MU;3106200;Belo Horizonte (MG);Total;152168
MU;3106309;Belo Oriente (MG);Total;1545
MU;3106408;Belo Vale (MG);Total;833
MU;3106507;Berilo (MG);Total;751
MU;3106606;Bertópolis (MG);Total;332
MU;3106655;Berizal (MG);Total;418
MU;3106705;Betim (MG);Total;27223
MU;3106804;Bias Fortes (MG);Total;382
MU;3106903;Bicas (MG);Total;1261
MU;3107000;Biquinhas (MG);Total;159
MU;3107109;Boa Esperança (MG);Total;2741
MU;3107208;Bocaina de Minas (MG);Total;430
MU;3107307;Bocaiúva (MG);Total;3262
MU;3107406;Bom Despacho (MG);Total;4247
MU;3107505;Bom Jardim de Minas (MG);Total;651
MU;3107604;Bom Jesus da Penha (MG);Total;367
MU;3107703;Bom Jesus do Amparo (MG);Total;466
MU;3107802;Bom Jesus do Galho (MG);Total;1266
MU;3107901;Bom Repouso (MG);Total;1019
MU;3108008;Bom Sucesso (MG);Total;1452
MU;3108107;Bonfim (MG);Total;521
MU;3108206;Bonfinópolis de Minas (MG);Total;645
MU;3108255;Bonito de Minas (MG);Total;814
MU;3108305;Borda da Mata (MG);Total;1491
MU;3108404;Botelhos (MG);Total;1164
MU;3108503;Botumirim (MG);Total;381
MU;3108552;Brasilândia de Minas (MG);Total;1109
MU;3108602;Brasília de Minas (MG);Total;3446
MU;3108701;Brás Pires (MG);Total;401
MU;3108800;Braúnas (MG);Total;497
MU;3108909;Brazópolis (MG);Total;1107
MU;3109006;Brumadinho (MG);Total;2366
MU;3109105;Bueno Brandão (MG);Total;802
MU;3109204;Buenópolis (MG);Total;928
MU;3109253;Bugre (MG);Total;156
MU;3109303;Buritis (MG);Total;1817
MU;3109402;Buritizeiro (MG);Total;1785
MU;3109451;Cabeceira Grande (MG);Total;589
MU;3109501;Cabo Verde (MG);Total;843
MU;3109600;Cachoeira da Prata (MG);Total;343
MU;3109709;Cachoeira de Minas (MG);Total;610
MU;3109808;Cachoeira Dourada (MG);Total;259
MU;3109907;Caetanópolis (MG);Total;962
MU;3110004;Caeté (MG);Total;2874
MU;3110103;Caiana (MG);Total;414
MU;3110202;Cajuri (MG);Total;224
MU;3110301;Caldas (MG);Total;1011
MU;3110400;Camacho (MG);Total;206
MU;3110509;Camanducaia (MG);Total;1338
MU;3110608;Cambuí (MG);Total;2177
MU;3110707;Cambuquira (MG);Total;791
MU;3110806;Campanário (MG);Total;295
MU;3110905;Campanha (MG);Total;1044
MU;3111002;Campestre (MG);Total;1015
MU;3111101;Campina Verde (MG);Total;2003
MU;3111150;Campo Azul (MG);Total;495
MU;3111200;Campo Belo (MG);Total;4312
MU;3111309;Campo do Meio (MG);Total;955
MU;3111408;Campo Florido (MG);Total;457
MU;3111507;Campos Altos (MG);Total;1107
MU;3111606;Campos Gerais (MG);Total;2491
MU;3111705;Canaã (MG);Total;482
MU;3111804;Canápolis (MG);Total;624
MU;3111903;Cana Verde (MG);Total;438
MU;3112000;Candeias (MG);Total;1378
MU;3112059;Cantagalo (MG);Total;376
MU;3112109;Caparaó (MG);Total;303
MU;3112208;Capela Nova (MG);Total;342
MU;3112307;Capelinha (MG);Total;2854
MU;3112406;Capetinga (MG);Total;353
MU;3112505;Capim Branco (MG);Total;703
MU;3112604;Capinópolis (MG);Total;1432
MU;3112653;Capitão Andrade (MG);Total;525
MU;3112703;Capitão Enéas (MG);Total;1238
MU;3112802;Capitólio (MG);Total;739
MU;3112901;Caputira (MG);Total;699
MU;3113008;Caraí (MG);Total;1368
MU;3113107;Caranaíba (MG);Total;179
MU;3113206;Carandaí (MG);Total;1733
MU;3113305;Carangola (MG);Total;2833
MU;3113404;Caratinga (MG);Total;7275
MU;3113503;Carbonita (MG);Total;666
MU;3113602;Careaçu (MG);Total;349
MU;3113701;Carlos Chagas (MG);Total;1501
MU;3113800;Carmésia (MG);Total;203
MU;3113909;Carmo da Cachoeira (MG);Total;619
MU;3114006;Carmo da Mata (MG);Total;723
MU;3114105;Carmo de Minas (MG);Total;598
MU;3114204;Carmo do Cajuru (MG);Total;1371
MU;3114303;Carmo do Paranaíba (MG);Total;2117
MU;3114402;Carmo do Rio Claro (MG);Total;1808
MU;3114501;Carmópolis de Minas (MG);Total;1085
MU;3114550;Carneirinho (MG);Total;545
MU;3114600;Carrancas (MG);Total;269
MU;3114709;Carvalhópolis (MG);Total;342
MU;3114808;Carvalhos (MG);Total;486
MU;3114907;Casa Grande (MG);Total;215
MU;3115003;Cascalho Rico (MG);Total;196
MU;3115102;Cássia (MG);Total;1683
MU;3115201;Conceição da Barra de Minas (MG);Total;382
MU;3115300;Cataguases (MG);Total;5224
MU;3115359;Catas Altas (MG);Total;340
MU;3115409;Catas Altas da Noruega (MG);Total;202
MU;3115458;Catuji (MG);Total;593
MU;3115474;Catuti (MG);Total;285
MU;3115508;Caxambu (MG);Total;1635
MU;3115607;Cedro do Abaeté (MG);Total;178
MU;3115706;Central de Minas (MG);Total;534
MU;3115805;Centralina (MG);Total;928
MU;3115904;Chácara (MG);Total;381
MU;3116001;Chalé (MG);Total;355
MU;3116100;Chapada do Norte (MG);Total;606
MU;3116159;Chapada Gaúcha (MG);Total;645
MU;3116209;Chiador (MG);Total;200
MU;3116308;Cipotânea (MG);Total;516
MU;3116407;Claraval (MG);Total;303
MU;3116506;Claro dos Poções (MG);Total;799
MU;3116605;Cláudio (MG);Total;1752
MU;3116704;Coimbra (MG);Total;603
MU;3116803;Coluna (MG);Total;786
MU;3116902;Comendador Gomes (MG);Total;224
MU;3117009;Comercinho (MG);Total;825
MU;3117108;Conceição da Aparecida (MG);Total;543
MU;3117207;Conceição das Pedras (MG);Total;99
MU;3117306;Conceição das Alagoas (MG);Total;1798
MU;3117405;Conceição de Ipanema (MG);Total;333
MU;3117504;Conceição do Mato Dentro (MG);Total;1416
MU;3117603;Conceição do Pará (MG);Total;575
MU;3117702;Conceição do Rio Verde (MG);Total;1168
MU;3117801;Conceição dos Ouros (MG);Total;793
MU;3117836;Cônego Marinho (MG);Total;748
MU;3117876;Confins (MG);Total;504
MU;3117900;Congonhal (MG);Total;804
MU;3118007;Congonhas (MG);Total;2624
MU;3118106;Congonhas do Norte (MG);Total;557
MU;3118205;Conquista (MG);Total;650
MU;3118304;Conselheiro Lafaiete (MG);Total;8755
MU;3118403;Conselheiro Pena (MG);Total;1888
MU;3118502;Consolação (MG);Total;182
MU;3118601;Contagem (MG);Total;39580
MU;3118700;Coqueiral (MG);Total;549
MU;3118809;Coração de Jesus (MG);Total;2877
MU;3118908;Cordisburgo (MG);Total;562
MU;3119005;Cordislândia (MG);Total;219
MU;3119104;Corinto (MG);Total;2525
MU;3119203;Coroaci (MG);Total;1005
MU;3119302;Coromandel (MG);Total;2256
MU;3119401;Coronel Fabriciano (MG);Total;7697
MU;3119500;Coronel Murta (MG);Total;957
MU;3119609;Coronel Pacheco (MG);Total;186
MU;3119708;Coronel Xavier Chaves (MG);Total;345
MU;3119807;Córrego Danta (MG);Total;220
MU;3119906;Córrego do Bom Jesus (MG);Total;373
MU;3119955;Córrego Fundo (MG);Total;456
MU;3120003;Córrego Novo (MG);Total;340
MU;3120102;Couto de Magalhães de Minas (MG);Total;475
MU;3120151;Crisólita (MG);Total;461
MU;3120201;Cristais (MG);Total;729
MU;3120300;Cristália (MG);Total;285
MU;3120409;Cristiano Otoni (MG);Total;348
MU;3120508;Cristina (MG);Total;507
MU;3120607;Crucilândia (MG);Total;419
MU;3120706;Cruzeiro da Fortaleza (MG);Total;301
MU;3120805;Cruzília (MG);Total;1035
MU;3120839;Cuparaque (MG);Total;311
MU;3120870;Curral de Dentro (MG);Total;552
MU;3120904;Curvelo (MG);Total;6668
MU;3121001;Datas (MG);Total;366
MU;3121100;Delfim Moreira (MG);Total;373
MU;3121209;Delfinópolis (MG);Total;902
MU;3121258;Delta (MG);Total;909
MU;3121308;Descoberto (MG);Total;394
MU;3121407;Desterro de Entre Rios (MG);Total;585
MU;3121506;Desterro do Melo (MG);Total;100
MU;3121605;Diamantina (MG);Total;3116
MU;3121704;Diogo de Vasconcelos (MG);Total;323
MU;3121803;Dionísio (MG);Total;499
MU;3121902;Divinésia (MG);Total;347
MU;3122009;Divino (MG);Total;1905
MU;3122108;Divino das Laranjeiras (MG);Total;312
MU;3122207;Divinolândia de Minas (MG);Total;511
MU;3122306;Divinópolis (MG);Total;15284
MU;3122355;Divisa Alegre (MG);Total;529
MU;3122405;Divisa Nova (MG);Total;518
MU;3122454;Divisópolis (MG);Total;896
MU;3122470;Dom Bosco (MG);Total;338
MU;3122504;Dom Cavati (MG);Total;433
MU;3122603;Dom Joaquim (MG);Total;237
MU;3122702;Dom Silvério (MG);Total;540
MU;3122801;Dom Viçoso (MG);Total;310
MU;3122900;Dona Euzébia (MG);Total;268
MU;3123007;Dores de Campos (MG);Total;581
MU;3123106;Dores de Guanhães (MG);Total;551
MU;3123205;Dores do Indaiá (MG);Total;955
MU;3123304;Dores do Turvo (MG);Total;471
MU;3123403;Doresópolis (MG);Total;85
MU;3123502;Douradoquara (MG);Total;199
MU;3123528;Durandé (MG);Total;420
MU;3123601;Elói Mendes (MG);Total;1431
MU;3123700;Engenheiro Caldas (MG);Total;505
MU;3123809;Engenheiro Navarro (MG);Total;603
MU;3123858;Entre Folhas (MG);Total;539
MU;3123908;Entre Rios de Minas (MG);Total;1328
MU;3124005;Ervália (MG);Total;1360
MU;3124104;Esmeraldas (MG);Total;6259
MU;3124203;Espera Feliz (MG);Total;1793
MU;3124302;Espinosa (MG);Total;2771
MU;3124401;Espírito Santo do Dourado (MG);Total;244
MU;3124500;Estiva (MG);Total;733
MU;3124609;Estrela Dalva (MG);Total;143
MU;3124708;Estrela do Indaiá (MG);Total;249
MU;3124807;Estrela do Sul (MG);Total;551
MU;3124906;Eugenópolis (MG);Total;829
MU;3125002;Ewbank da Câmara (MG);Total;344
MU;3125101;Extrema (MG);Total;2315
MU;3125200;Fama (MG);Total;125
MU;3125309;Faria Lemos (MG);Total;265
MU;3125408;Felício dos Santos (MG);Total;419
MU;3125507;São Gonçalo do Rio Preto (MG);Total;273
MU;3125606;Felisburgo (MG);Total;644
MU;3125705;Felixlândia (MG);Total;1224
MU;3125804;Fernandes Tourinho (MG);Total;444
MU;3125903;Ferros (MG);Total;567
MU;3125952;Fervedouro (MG);Total;1132
MU;3126000;Florestal (MG);Total;535
MU;3126109;Formiga (MG);Total;5365
MU;3126208;Formoso (MG);Total;604
MU;3126307;Fortaleza de Minas (MG);Total;346
MU;3126406;Fortuna de Minas (MG);Total;235
MU;3126505;Francisco Badaró (MG);Total;661
MU;3126604;Francisco Dumont (MG);Total;302
MU;3126703;Francisco Sá (MG);Total;1508
MU;3126752;Franciscópolis (MG);Total;472
MU;3126802;Frei Gaspar (MG);Total;414
MU;3126901;Frei Inocêncio (MG);Total;563
MU;3126950;Frei Lagonegro (MG);Total;382
MU;3127008;Fronteira (MG);Total;806
MU;3127057;Fronteira dos Vales (MG);Total;338
MU;3127073;Fruta de Leite (MG);Total;389
MU;3127107;Frutal (MG);Total;3525
MU;3127206;Funilândia (MG);Total;207
MU;3127305;Galiléia (MG);Total;723
MU;3127339;Gameleiras (MG);Total;345
MU;3127354;Glaucilândia (MG);Total;229
MU;3127370;Goiabeira (MG);Total;356
MU;3127388;Goianá (MG);Total;396
MU;3127404;Gonçalves (MG);Total;309
MU;3127503;Gonzaga (MG);Total;340
MU;3127602;Gouveia (MG);Total;607
MU;3127701;Governador Valadares (MG);Total;19377
MU;3127800;Grão Mogol (MG);Total;1054
MU;3127909;Grupiara (MG);Total;166
MU;3128006;Guanhães (MG);Total;2594
MU;3128105;Guapé (MG);Total;972
MU;3128204;Guaraciaba (MG);Total;824
MU;3128253;Guaraciama (MG);Total;452
MU;3128303;Guaranésia (MG);Total;1431
MU;3128402;Guarani (MG);Total;653
MU;3128501;Guarará (MG);Total;321
MU;3128600;Guarda-Mor (MG);Total;460
MU;3128709;Guaxupé (MG);Total;3900
MU;3128808;Guidoval (MG);Total;569
MU;3128907;Guimarânia (MG);Total;555
MU;3129004;Guiricema (MG);Total;510
MU;3129103;Gurinhatã (MG);Total;472
MU;3129202;Heliodora (MG);Total;451
MU;3129301;Iapu (MG);Total;1598
MU;3129400;Ibertioga (MG);Total;320
MU;3129509;Ibiá (MG);Total;2091
MU;3129608;Ibiaí (MG);Total;856
MU;3129657;Ibiracatu (MG);Total;400
MU;3129707;Ibiraci (MG);Total;424
MU;3129806;Ibirité (MG);Total;11799
MU;3129905;Ibitiúra de Minas (MG);Total;190
MU;3130002;Ibituruna (MG);Total;286
MU;3130051;Icaraí de Minas (MG);Total;713
MU;3130101;Igarapé (MG);Total;3498
MU;3130200;Igaratinga (MG);Total;822
MU;3130309;Iguatama (MG);Total;509
MU;3130408;Ijaci (MG);Total;464
MU;3130507;Ilicínea (MG);Total;964
MU;3130556;Imbé de Minas (MG);Total;458
MU;3130606;Inconfidentes (MG);Total;475
MU;3130655;Indaiabira (MG);Total;625
MU;3130705;Indianópolis (MG);Total;366
MU;3130804;Ingaí (MG);Total;148
MU;3130903;Inhapim (MG);Total;2005
MU;3131000;Inhaúma (MG);Total;329
MU;3131109;Inimutaba (MG);Total;586
MU;3131158;Ipaba (MG);Total;1109
MU;3131208;Ipanema (MG);Total;2044
MU;3131307;Ipatinga (MG);Total;15480
MU;3131406;Ipiaçu (MG);Total;269
MU;3131505;Ipuiúna (MG);Total;726
MU;3131604;Iraí de Minas (MG);Total;445
MU;3131703;Itabira (MG);Total;7484
MU;3131802;Itabirinha (MG);Total;987
MU;3131901;Itabirito (MG);Total;3026
MU;3132008;Itacambira (MG);Total;301
MU;3132107;Itacarambi (MG);Total;1369
MU;3132206;Itaguara (MG);Total;856
MU;3132305;Itaipé (MG);Total;1167
MU;3132404;Itajubá (MG);Total;5420
MU;3132503;Itamarandiba (MG);Total;3712
MU;3132602;Itamarati de Minas (MG);Total;393
MU;3132701;Itambacuri (MG);Total;2283
MU;3132800;Itambé do Mato Dentro (MG);Total;212
MU;3132909;Itamogi (MG);Total;804
MU;3133006;Itamonte (MG);Total;818
MU;3133105;Itanhandu (MG);Total;865
MU;3133204;Itanhomi (MG);Total;824
MU;3133303;Itaobim (MG);Total;2332
MU;3133402;Itapagipe (MG);Total;1075
MU;3133501;Itapecerica (MG);Total;2063
MU;3133600;Itapeva (MG);Total;808
MU;3133709;Itatiaiuçu (MG);Total;565
MU;3133758;Itaú de Minas (MG);Total;1258
MU;3133808;Itaúna (MG);Total;5996
MU;3133907;Itaverava (MG);Total;500
MU;3134004;Itinga (MG);Total;1306
MU;3134103;Itueta (MG);Total;472
MU;3134202;Ituiutaba (MG);Total;8741
MU;3134301;Itumirim (MG);Total;703
MU;3134400;Iturama (MG);Total;3054
MU;3134509;Itutinga (MG);Total;424
MU;3134608;Jaboticatubas (MG);Total;1934
MU;3134707;Jacinto (MG);Total;1103
MU;3134806;Jacuí (MG);Total;692
MU;3134905;Jacutinga (MG);Total;1190
MU;3135001;Jaguaraçu (MG);Total;270
MU;3135050;Jaíba (MG);Total;2182
MU;3135076;Jampruca (MG);Total;432
MU;3135100;Janaúba (MG);Total;5473
MU;3135209;Januária (MG);Total;5397
MU;3135308;Japaraíba (MG);Total;242
MU;3135357;Japonvar (MG);Total;816
MU;3135407;Jeceaba (MG);Total;405
MU;3135456;Jenipapo de Minas (MG);Total;514
MU;3135506;Jequeri (MG);Total;912
MU;3135605;Jequitaí (MG);Total;836
MU;3135704;Jequitibá (MG);Total;670
MU;3135803;Jequitinhonha (MG);Total;2566
MU;3135902;Jesuânia (MG);Total;309
MU;3136009;Joaíma (MG);Total;1229
MU;3136108;Joanésia (MG);Total;199
MU;3136207;João Monlevade (MG);Total;5029
MU;3136306;João Pinheiro (MG);Total;3754
MU;3136405;Joaquim Felício (MG);Total;227
MU;3136504;Jordânia (MG);Total;862
MU;3136520;José Gonçalves de Minas (MG);Total;282
MU;3136553;José Raydan (MG);Total;415
MU;3136579;Josenópolis (MG);Total;225
MU;3136603;Nova União (MG);Total;389
MU;3136652;Juatuba (MG);Total;2603
MU;3136702;Juiz de Fora (MG);Total;38409
MU;3136801;Juramento (MG);Total;337
MU;3136900;Juruaia (MG);Total;910
MU;3136959;Juvenília (MG);Total;415
MU;3137007;Ladainha (MG);Total;1632
MU;3137106;Lagamar (MG);Total;466
MU;3137205;Lagoa da Prata (MG);Total;3392
MU;3137304;Lagoa dos Patos (MG);Total;295
MU;3137403;Lagoa Dourada (MG);Total;832
MU;3137502;Lagoa Formosa (MG);Total;1535
MU;3137536;Lagoa Grande (MG);Total;726
MU;3137601;Lagoa Santa (MG);Total;3782
MU;3137700;Lajinha (MG);Total;1304
MU;3137809;Lambari (MG);Total;1493
MU;3137908;Lamim (MG);Total;136
MU;3138005;Laranjal (MG);Total;231
MU;3138104;Lassance (MG);Total;926
MU;3138203;Lavras (MG);Total;7393
MU;3138302;Leandro Ferreira (MG);Total;168
MU;3138351;Leme do Prado (MG);Total;356
MU;3138401;Leopoldina (MG);Total;4523
MU;3138500;Liberdade (MG);Total;352
MU;3138609;Lima Duarte (MG);Total;1432
MU;3138625;Limeira do Oeste (MG);Total;641
MU;3138658;Lontra (MG);Total;684
MU;3138674;Luisburgo (MG);Total;341
MU;3138682;Luislândia (MG);Total;375
MU;3138708;Luminárias (MG);Total;340
MU;3138807;Luz (MG);Total;1321
MU;3138906;Machacalis (MG);Total;801
MU;3139003;Machado (MG);Total;3412
MU;3139102;Madre de Deus de Minas (MG);Total;504
MU;3139201;Malacacheta (MG);Total;2140
MU;3139250;Mamonas (MG);Total;407
MU;3139300;Manga (MG);Total;1275
MU;3139409;Manhuaçu (MG);Total;4013
MU;3139508;Manhumirim (MG);Total;1480
MU;3139607;Mantena (MG);Total;2806
MU;3139706;Maravilhas (MG);Total;398
MU;3139805;Mar de Espanha (MG);Total;510
MU;3139904;Maria da Fé (MG);Total;924
MU;3140001;Mariana (MG);Total;4387
MU;3140100;Marilac (MG);Total;363
MU;3140159;Mário Campos (MG);Total;1372
MU;3140209;Maripá de Minas (MG);Total;383
MU;3140308;Marliéria (MG);Total;325
MU;3140407;Marmelópolis (MG);Total;262
MU;3140506;Martinho Campos (MG);Total;1481
MU;3140530;Martins Soares (MG);Total;430
MU;3140555;Mata Verde (MG);Total;509
MU;3140605;Materlândia (MG);Total;500
MU;3140704;Mateus Leme (MG);Total;2565
MU;3140803;Matias Barbosa (MG);Total;1033
MU;3140852;Matias Cardoso (MG);Total;732
MU;3140902;Matipó (MG);Total;1261
MU;3141009;Mato Verde (MG);Total;932
MU;3141108;Matozinhos (MG);Total;2993
MU;3141207;Matutina (MG);Total;457
MU;3141306;Medeiros (MG);Total;286
MU;3141405;Medina (MG);Total;1643
MU;3141504;Mendes Pimentel (MG);Total;352
MU;3141603;Mercês (MG);Total;1263
MU;3141702;Mesquita (MG);Total;289
MU;3141801;Minas Novas (MG);Total;1955
MU;3141900;Minduri (MG);Total;253
MU;3142007;Mirabela (MG);Total;1510
MU;3142106;Miradouro (MG);Total;842
MU;3142205;Miraí (MG);Total;475
MU;3142254;Miravânia (MG);Total;414
MU;3142304;Moeda (MG);Total;307
MU;3142403;Moema (MG);Total;738
MU;3142502;Monjolos (MG);Total;223
MU;3142601;Monsenhor Paulo (MG);Total;579
MU;3142700;Montalvânia (MG);Total;1122
MU;3142809;Monte Alegre de Minas (MG);Total;2405
MU;3142908;Monte Azul (MG);Total;2029
MU;3143005;Monte Belo (MG);Total;867
MU;3143104;Monte Carmelo (MG);Total;4210
MU;3143153;Monte Formoso (MG);Total;417
MU;3143203;Monte Santo de Minas (MG);Total;1985
MU;3143302;Montes Claros (MG);Total;25987
MU;3143401;Monte Sião (MG);Total;1474
MU;3143450;Montezuma (MG);Total;586
MU;3143500;Morada Nova de Minas (MG);Total;686
MU;3143609;Morro da Garça (MG);Total;253
MU;3143708;Morro do Pilar (MG);Total;237
MU;3143807;Munhoz (MG);Total;425
MU;3143906;Muriaé (MG);Total;8014
MU;3144003;Mutum (MG);Total;2234
MU;3144102;Muzambinho (MG);Total;1413
MU;3144201;Nacip Raydan (MG);Total;339
MU;3144300;Nanuque (MG);Total;3170
MU;3144359;Naque (MG);Total;531
MU;3144375;Natalândia (MG);Total;188
MU;3144409;Natércia (MG);Total;213
MU;3144508;Nazareno (MG);Total;601
MU;3144607;Nepomuceno (MG);Total;1963
MU;3144656;Ninheira (MG);Total;970
MU;3144672;Nova Belém (MG);Total;247
MU;3144706;Nova Era (MG);Total;1378
MU;3144805;Nova Lima (MG);Total;5573
MU;3144904;Nova Módica (MG);Total;264
MU;3145000;Nova Ponte (MG);Total;731
MU;3145059;Nova Porteirinha (MG);Total;600
MU;3145109;Nova Resende (MG);Total;836
MU;3145208;Nova Serrana (MG);Total;5278
MU;3145307;Novo Cruzeiro (MG);Total;2492
MU;3145356;Novo Oriente de Minas (MG);Total;1099
MU;3145372;Novorizonte (MG);Total;395
MU;3145406;Olaria (MG);Total;318
MU;3145455;Olhos-d'Água (MG);Total;433
MU;3145505;Olímpio Noronha (MG);Total;266
MU;3145604;Oliveira (MG);Total;2692
MU;3145703;Oliveira Fortes (MG);Total;204
MU;3145802;Onça de Pitangui (MG);Total;221
MU;3145851;Oratórios (MG);Total;283
MU;3145877;Orizânia (MG);Total;783
MU;3145901;Ouro Branco (MG);Total;2217
MU;3146008;Ouro Fino (MG);Total;2049
MU;3146107;Ouro Preto (MG);Total;4492
MU;3146206;Ouro Verde de Minas (MG);Total;342
MU;3146255;Padre Carvalho (MG);Total;212
MU;3146305;Padre Paraíso (MG);Total;1359
MU;3146404;Paineiras (MG);Total;295
MU;3146503;Pains (MG);Total;699
MU;3146552;Pai Pedro (MG);Total;432
MU;3146602;Paiva (MG);Total;119
MU;3146701;Palma (MG);Total;559
MU;3146750;Palmópolis (MG);Total;554
MU;3146909;Papagaios (MG);Total;958
MU;3147006;Paracatu (MG);Total;6657
MU;3147105;Pará de Minas (MG);Total;6903
MU;3147204;Paraguaçu (MG);Total;1561
MU;3147303;Paraisópolis (MG);Total;1516
MU;3147402;Paraopeba (MG);Total;1391
MU;3147501;Passabém (MG);Total;152
MU;3147600;Passa Quatro (MG);Total;951
MU;3147709;Passa Tempo (MG);Total;570
MU;3147808;Passa Vinte (MG);Total;147
MU;3147907;Passos (MG);Total;8556
MU;3147956;Patis (MG);Total;395
MU;3148004;Patos de Minas (MG);Total;11378
MU;3148103;Patrocínio (MG);Total;5141
MU;3148202;Patrocínio do Muriaé (MG);Total;551
MU;3148301;Paula Cândido (MG);Total;820
MU;3148400;Paulistas (MG);Total;351
MU;3148509;Pavão (MG);Total;897
MU;3148608;Peçanha (MG);Total;1046
MU;3148707;Pedra Azul (MG);Total;1853
MU;3148756;Pedra Bonita (MG);Total;382
MU;3148806;Pedra do Anta (MG);Total;341
MU;3148905;Pedra do Indaiá (MG);Total;287
MU;3149002;Pedra Dourada (MG);Total;201
MU;3149101;Pedralva (MG);Total;673
MU;3149150;Pedras de Maria da Cruz (MG);Total;1111
MU;3149200;Pedrinópolis (MG);Total;224
MU;3149309;Pedro Leopoldo (MG);Total;4110
MU;3149408;Pedro Teixeira (MG);Total;102
MU;3149507;Pequeri (MG);Total;113
MU;3149606;Pequi (MG);Total;303
MU;3149705;Perdigão (MG);Total;820
MU;3149804;Perdizes (MG);Total;972
MU;3149903;Perdões (MG);Total;1699
MU;3149952;Periquito (MG);Total;583
MU;3150000;Pescador (MG);Total;505
MU;3150109;Piau (MG);Total;223
MU;3150158;Piedade de Caratinga (MG);Total;927
MU;3150208;Piedade de Ponte Nova (MG);Total;273
MU;3150307;Piedade do Rio Grande (MG);Total;477
MU;3150406;Piedade dos Gerais (MG);Total;321
MU;3150505;Pimenta (MG);Total;636
MU;3150539;Pingo-d'Água (MG);Total;393
MU;3150570;Pintópolis (MG);Total;568
MU;3150604;Piracema (MG);Total;505
MU;3150703;Pirajuba (MG);Total;152
MU;3150802;Piranga (MG);Total;1084
MU;3150901;Piranguçu (MG);Total;426
MU;3151008;Piranguinho (MG);Total;367
MU;3151107;Pirapetinga (MG);Total;674
MU;3151206;Pirapora (MG);Total;5366
MU;3151305;Piraúba (MG);Total;1038
MU;3151404;Pitangui (MG);Total;2283
MU;3151503;Piumhi (MG);Total;2173
MU;3151602;Planura (MG);Total;1187
MU;3151701;Poço Fundo (MG);Total;1265
MU;3151800;Poços de Caldas (MG);Total;9836
MU;3151909;Pocrane (MG);Total;714
MU;3152006;Pompéu (MG);Total;2946
MU;3152105;Ponte Nova (MG);Total;5159
MU;3152131;Ponto Chique (MG);Total;365
MU;3152170;Ponto dos Volantes (MG);Total;1139
MU;3152204;Porteirinha (MG);Total;3794
MU;3152303;Porto Firme (MG);Total;657
MU;3152402;Poté (MG);Total;937
MU;3152501;Pouso Alegre (MG);Total;7421
MU;3152600;Pouso Alto (MG);Total;394
MU;3152709;Prados (MG);Total;550
MU;3152808;Prata (MG);Total;2528
MU;3152907;Pratápolis (MG);Total;715
MU;3153004;Pratinha (MG);Total;181
MU;3153103;Presidente Bernardes (MG);Total;390
MU;3153202;Presidente Juscelino (MG);Total;364
MU;3153301;Presidente Kubitschek (MG);Total;214
MU;3153400;Presidente Olegário (MG);Total;969
MU;3153509;Alto Jequitibá (MG);Total;553
MU;3153608;Prudente de Morais (MG);Total;899
MU;3153707;Quartel Geral (MG);Total;227
MU;3153806;Queluzito (MG);Total;116
MU;3153905;Raposos (MG);Total;1200
MU;3154002;Raul Soares (MG);Total;1920
MU;3154101;Recreio (MG);Total;478
MU;3154150;Reduto (MG);Total;745
MU;3154200;Resende Costa (MG);Total;923
MU;3154309;Resplendor (MG);Total;1266
MU;3154408;Ressaquinha (MG);Total;539
MU;3154457;Riachinho (MG);Total;602
MU;3154507;Riacho dos Machados (MG);Total;580
MU;3154606;Ribeirão das Neves (MG);Total;25295
MU;3154705;Ribeirão Vermelho (MG);Total;314
MU;3154804;Rio Acima (MG);Total;607
MU;3154903;Rio Casca (MG);Total;1095
MU;3155009;Rio Doce (MG);Total;197
MU;3155108;Rio do Prado (MG);Total;453
MU;3155207;Rio Espera (MG);Total;557
MU;3155306;Rio Manso (MG);Total;423
MU;3155405;Rio Novo (MG);Total;532
MU;3155504;Rio Paranaíba (MG);Total;618
MU;3155603;Rio Pardo de Minas (MG);Total;1983
MU;3155702;Rio Piracicaba (MG);Total;1615
MU;3155801;Rio Pomba (MG);Total;1558
MU;3155900;Rio Preto (MG);Total;511
MU;3156007;Rio Vermelho (MG);Total;1201
MU;3156106;Ritápolis (MG);Total;353
MU;3156205;Rochedo de Minas (MG);Total;259
MU;3156304;Rodeiro (MG);Total;425
MU;3156403;Romaria (MG);Total;221
MU;3156452;Rosário da Limeira (MG);Total;307
MU;3156502;Rubelita (MG);Total;537
MU;3156601;Rubim (MG);Total;1251
MU;3156700;Sabará (MG);Total;8406
MU;3156809;Sabinópolis (MG);Total;1803
MU;3156908;Sacramento (MG);Total;1882
MU;3157005;Salinas (MG);Total;3655
MU;3157104;Salto da Divisa (MG);Total;585
MU;3157203;Santa Bárbara (MG);Total;1936
MU;3157252;Santa Bárbara do Leste (MG);Total;748
MU;3157278;Santa Bárbara do Monte Verde (MG);Total;131
MU;3157302;Santa Bárbara do Tugúrio (MG);Total;477
MU;3157336;Santa Cruz de Minas (MG);Total;677
MU;3157377;Santa Cruz de Salinas (MG);Total;301
MU;3157401;Santa Cruz do Escalvado (MG);Total;177
MU;3157500;Santa Efigênia de Minas (MG);Total;297
MU;3157609;Santa Fé de Minas (MG);Total;315
MU;3157658;Santa Helena de Minas (MG);Total;610
MU;3157708;Santa Juliana (MG);Total;490
MU;3157807;Santa Luzia (MG);Total;14972
MU;3157906;Santa Margarida (MG);Total;908
MU;3158003;Santa Maria de Itabira (MG);Total;784
MU;3158102;Santa Maria do Salto (MG);Total;570
MU;3158201;Santa Maria do Suaçuí (MG);Total;1404
MU;3158300;Santana da Vargem (MG);Total;587
MU;3158409;Santana de Cataguases (MG);Total;280
MU;3158508;Santana de Pirapama (MG);Total;1092
MU;3158607;Santana do Deserto (MG);Total;302
MU;3158706;Santana do Garambéu (MG);Total;220
MU;3158805;Santana do Jacaré (MG);Total;300
MU;3158904;Santana do Manhuaçu (MG);Total;619
MU;3158953;Santana do Paraíso (MG);Total;2122
MU;3159001;Santana do Riacho (MG);Total;386
MU;3159100;Santana dos Montes (MG);Total;206
MU;3159209;Santa Rita de Caldas (MG);Total;652
MU;3159308;Santa Rita de Jacutinga (MG);Total;513
MU;3159357;Santa Rita de Minas (MG);Total;722
MU;3159407;Santa Rita de Ibitipoca (MG);Total;330
MU;3159506;Santa Rita do Itueto (MG);Total;456
MU;3159605;Santa Rita do Sapucaí (MG);Total;2159
MU;3159704;Santa Rosa da Serra (MG);Total;208
MU;3159803;Santa Vitória (MG);Total;1970
MU;3159902;Santo Antônio do Amparo (MG);Total;1658
MU;3160009;Santo Antônio do Aventureiro (MG);Total;347
MU;3160108;Santo Antônio do Grama (MG);Total;369
MU;3160207;Santo Antônio do Itambé (MG);Total;377
MU;3160306;Santo Antônio do Jacinto (MG);Total;1221
MU;3160405;Santo Antônio do Monte (MG);Total;1698
MU;3160454;Santo Antônio do Retiro (MG);Total;510
MU;3160504;Santo Antônio do Rio Abaixo (MG);Total;157
MU;3160603;Santo Hipólito (MG);Total;298
MU;3160702;Santos Dumont (MG);Total;2890
MU;3160801;São Bento Abade (MG);Total;326
MU;3160900;São Brás do Suaçuí (MG);Total;302
MU;3160959;São Domingos das Dores (MG);Total;447
MU;3161007;São Domingos do Prata (MG);Total;1595
MU;3161056;São Félix de Minas (MG);Total;318
MU;3161106;São Francisco (MG);Total;4423
MU;3161205;São Francisco de Paula (MG);Total;414
MU;3161304;São Francisco de Sales (MG);Total;494
MU;3161403;São Francisco do Glória (MG);Total;650
MU;3161502;São Geraldo (MG);Total;846
MU;3161601;São Geraldo da Piedade (MG);Total;293
MU;3161650;São Geraldo do Baixio (MG);Total;436
MU;3161700;São Gonçalo do Abaeté (MG);Total;553
MU;3161809;São Gonçalo do Pará (MG);Total;875
MU;3161908;São Gonçalo do Rio Abaixo (MG);Total;754
MU;3162005;São Gonçalo do Sapucaí (MG);Total;1612
MU;3162104;São Gotardo (MG);Total;1815
MU;3162203;São João Batista do Glória (MG);Total;417
MU;3162252;São João da Lagoa (MG);Total;517
MU;3162302;São João da Mata (MG);Total;211
MU;3162401;São João da Ponte (MG);Total;1990
MU;3162450;São João das Missões (MG);Total;943
MU;3162500;São João del Rei (MG);Total;6302
MU;3162559;São João do Manhuaçu (MG);Total;727
MU;3162575;São João do Manteninha (MG);Total;581
MU;3162609;São João do Oriente (MG);Total;518
MU;3162658;São João do Pacuí (MG);Total;218
MU;3162708;São João do Paraíso (MG);Total;1656
MU;3162807;São João Evangelista (MG);Total;1163
MU;3162906;São João Nepomuceno (MG);Total;1905
MU;3162922;São Joaquim de Bicas (MG);Total;2777
MU;3162948;São José da Barra (MG);Total;494
MU;3162955;São José da Lapa (MG);Total;2072
MU;3163003;São José da Safira (MG);Total;371
MU;3163102;São José da Varginha (MG);Total;262
MU;3163201;São José do Alegre (MG);Total;260
MU;3163300;São José do Divino (MG);Total;284
MU;3163409;São José do Goiabal (MG);Total;393
MU;3163508;São José do Jacuri (MG);Total;586
MU;3163607;São José do Mantimento (MG);Total;127
MU;3163706;São Lourenço (MG);Total;3073
MU;3163805;São Miguel do Anta (MG);Total;510
MU;3163904;São Pedro da União (MG);Total;424
MU;3164001;São Pedro dos Ferros (MG);Total;504
MU;3164100;São Pedro do Suaçuí (MG);Total;324
MU;3164209;São Romão (MG);Total;493
MU;3164308;São Roque de Minas (MG);Total;366
MU;3164407;São Sebastião da Bela Vista (MG);Total;368
MU;3164431;São Sebastião da Vargem Alegre (MG);Total;118
MU;3164472;São Sebastião do Anta (MG);Total;483
MU;3164506;São Sebastião do Maranhão (MG);Total;935
MU;3164605;São Sebastião do Oeste (MG);Total;357
MU;3164704;São Sebastião do Paraíso (MG);Total;4312
MU;3164803;São Sebastião do Rio Preto (MG);Total;184
MU;3164902;São Sebastião do Rio Verde (MG);Total;146
MU;3165008;São Tiago (MG);Total;1077
MU;3165107;São Tomás de Aquino (MG);Total;345
MU;3165206;São Tomé das Letras (MG);Total;443
MU;3165305;São Vicente de Minas (MG);Total;631
MU;3165404;Sapucaí-Mirim (MG);Total;286
MU;3165503;Sardoá (MG);Total;227
MU;3165537;Sarzedo (MG);Total;2306
MU;3165552;Setubinha (MG);Total;558
MU;3165560;Sem-Peixe (MG);Total;345
MU;3165578;Senador Amaral (MG);Total;350
MU;3165602;Senador Cortes (MG);Total;151
MU;3165701;Senador Firmino (MG);Total;694
MU;3165800;Senador José Bento (MG);Total;212
MU;3165909;Senador Modestino Gonçalves (MG);Total;385
MU;3166006;Senhora de Oliveira (MG);Total;301
MU;3166105;Senhora do Porto (MG);Total;267
MU;3166204;Senhora dos Remédios (MG);Total;808
MU;3166303;Sericita (MG);Total;535
MU;3166402;Seritinga (MG);Total;70
MU;3166501;Serra Azul de Minas (MG);Total;187
MU;3166600;Serra da Saudade (MG);Total;59
MU;3166709;Serra dos Aimorés (MG);Total;718
MU;3166808;Serra do Salitre (MG);Total;418
MU;3166907;Serrania (MG);Total;402
MU;3166956;Serranópolis de Minas (MG);Total;449
MU;3167004;Serranos (MG);Total;104
MU;3167103;Serro (MG);Total;1916
MU;3167202;Sete Lagoas (MG);Total;14439
MU;3167301;Silveirânia (MG);Total;254
MU;3167400;Silvianópolis (MG);Total;426
MU;3167509;Simão Pereira (MG);Total;190
MU;3167608;Simonésia (MG);Total;1559
MU;3167707;Sobrália (MG);Total;488
MU;3167806;Soledade de Minas (MG);Total;405
MU;3167905;Tabuleiro (MG);Total;412
MU;3168002;Taiobeiras (MG);Total;2387
MU;3168051;Taparuba (MG);Total;269
MU;3168101;Tapira (MG);Total;147
MU;3168200;Tapiraí (MG);Total;163
MU;3168309;Taquaraçu de Minas (MG);Total;524
MU;3168408;Tarumirim (MG);Total;1361
MU;3168507;Teixeiras (MG);Total;1251
MU;3168606;Teófilo Otoni (MG);Total;10412
MU;3168705;Timóteo (MG);Total;6168
MU;3168804;Tiradentes (MG);Total;364
MU;3168903;Tiros (MG);Total;483
MU;3169000;Tocantins (MG);Total;925
MU;3169059;Tocos do Moji (MG);Total;221
MU;3169109;Toledo (MG);Total;434
MU;3169208;Tombos (MG);Total;997
MU;3169307;Três Corações (MG);Total;4776
MU;3169356;Três Marias (MG);Total;2231
MU;3169406;Três Pontas (MG);Total;4375
MU;3169505;Tumiritinga (MG);Total;822
MU;3169604;Tupaciguara (MG);Total;1299
MU;3169703;Turmalina (MG);Total;1768
MU;3169802;Turvolândia (MG);Total;505
MU;3169901;Ubá (MG);Total;7266
MU;3170008;Ubaí (MG);Total;801
MU;3170057;Ubaporanga (MG);Total;904
MU;3170107;Uberaba (MG);Total;21504
MU;3170206;Uberlândia (MG);Total;45906
MU;3170305;Umburatiba (MG);Total;284
MU;3170404;Unaí (MG);Total;6272
MU;3170438;União de Minas (MG);Total;308
MU;3170479;Uruana de Minas (MG);Total;272
MU;3170503;Urucânia (MG);Total;692
MU;3170529;Urucuia (MG);Total;731
MU;3170578;Vargem Alegre (MG);Total;609
MU;3170602;Vargem Bonita (MG);Total;152
MU;3170651;Vargem Grande do Rio Pardo (MG);Total;390
MU;3170701;Varginha (MG);Total;7836
MU;3170750;Varjão de Minas (MG);Total;414
MU;3170800;Várzea da Palma (MG);Total;3346
MU;3170909;Varzelândia (MG);Total;1250
MU;3171006;Vazante (MG);Total;1413
MU;3171030;Verdelândia (MG);Total;596
MU;3171071;Veredinha (MG);Total;434
MU;3171105;Veríssimo (MG);Total;196
MU;3171154;Vermelho Novo (MG);Total;201
MU;3171204;Vespasiano (MG);Total;7871
MU;3171303;Viçosa (MG);Total;5802
MU;3171402;Vieiras (MG);Total;418
MU;3171501;Mathias Lobato (MG);Total;317
MU;3171600;Virgem da Lapa (MG);Total;1165
MU;3171709;Virgínia (MG);Total;603
MU;3171808;Virginópolis (MG);Total;1160
MU;3171907;Virgolândia (MG);Total;489
MU;3172004;Visconde do Rio Branco (MG);Total;3074
MU;3172103;Volta Grande (MG);Total;403
MU;3172202;Wenceslau Braz (MG);Total;136
MU;3200102;Afonso Cláudio (ES);Total;2360
MU;3200136;Águia Branca (ES);Total;639
MU;3200169;Água Doce do Norte (ES);Total;1431
MU;3200201;Alegre (ES);Total;2567
MU;3200300;Alfredo Chaves (ES);Total;1223
MU;3200359;Alto Rio Novo (ES);Total;702
MU;3200409;Anchieta (ES);Total;2262
MU;3200508;Apiacá (ES);Total;531
MU;3200607;Aracruz (ES);Total;6151
MU;3200706;Atílio Vivácqua (ES);Total;718
MU;3200805;Baixo Guandu (ES);Total;3256
MU;3200904;Barra de São Francisco (ES);Total;3922
MU;3201001;Boa Esperança (ES);Total;1339
MU;3201100;Bom Jesus do Norte (ES);Total;903
MU;3201159;Brejetuba (ES);Total;897
MU;3201209;Cachoeiro de Itapemirim (ES);Total;11878
MU;3201308;Cariacica (ES);Total;26225
MU;3201407;Castelo (ES);Total;3005
MU;3201506;Colatina (ES);Total;9225
MU;3201605;Conceição da Barra (ES);Total;2260
MU;3201704;Conceição do Castelo (ES);Total;873
MU;3201803;Divino de São Lourenço (ES);Total;398
MU;3201902;Domingos Martins (ES);Total;1773
MU;3202009;Dores do Rio Preto (ES);Total;635
MU;3202108;Ecoporanga (ES);Total;2299
MU;3202207;Fundão (ES);Total;1452
MU;3202256;Governador Lindenberg (ES);Total;561
MU;3202306;Guaçuí (ES);Total;1820
MU;3202405;Guarapari (ES);Total;7546
MU;3202454;Ibatiba (ES);Total;1793
MU;3202504;Ibiraçu (ES);Total;932
MU;3202553;Ibitirama (ES);Total;547
MU;3202603;Iconha (ES);Total;798
MU;3202652;Irupi (ES);Total;806
MU;3202702;Itaguaçu (ES);Total;1173
MU;3202801;Itapemirim (ES);Total;3499
MU;3202900;Itarana (ES);Total;745
MU;3203007;Iúna (ES);Total;2180
MU;3203056;Jaguaré (ES);Total;1650
MU;3203106;Jerônimo Monteiro (ES);Total;925
MU;3203130;João Neiva (ES);Total;875
MU;3203163;Laranja da Terra (ES);Total;930
MU;3203205;Linhares (ES);Total;9359
MU;3203304;Mantenópolis (ES);Total;1021
MU;3203320;Marataízes (ES);Total;3839
MU;3203346;Marechal Floriano (ES);Total;1158
MU;3203353;Marilândia (ES);Total;892
MU;3203403;Mimoso do Sul (ES);Total;2128
MU;3203502;Montanha (ES);Total;1741
MU;3203601;Mucurici (ES);Total;488
MU;3203700;Muniz Freire (ES);Total;1674
MU;3203809;Muqui (ES);Total;1262
MU;3203908;Nova Venécia (ES);Total;3840
MU;3204005;Pancas (ES);Total;1769
MU;3204054;Pedro Canário (ES);Total;1565
MU;3204104;Pinheiros (ES);Total;1940
MU;3204203;Piúma (ES);Total;1539
MU;3204252;Ponto Belo (ES);Total;607
MU;3204302;Presidente Kennedy (ES);Total;946
MU;3204351;Rio Bananal (ES);Total;1052
MU;3204401;Rio Novo do Sul (ES);Total;963
MU;3204500;Santa Leopoldina (ES);Total;944
MU;3204559;Santa Maria de Jetibá (ES);Total;1696
MU;3204609;Santa Teresa (ES);Total;1234
MU;3204658;São Domingos do Norte (ES);Total;425
MU;3204708;São Gabriel da Palha (ES);Total;2628
MU;3204807;São José do Calçado (ES);Total;816
MU;3204906;São Mateus (ES);Total;8245
MU;3204955;São Roque do Canaã (ES);Total;851
MU;3205002;Serra (ES);Total;37162
MU;3205010;Sooretama (ES);Total;2267
MU;3205036;Vargem Alta (ES);Total;1289
MU;3205069;Venda Nova do Imigrante (ES);Total;1530
MU;3205101;Viana (ES);Total;5504
MU;3205150;Vila Pavão (ES);Total;966
MU;3205176;Vila Valério (ES);Total;858
MU;3205200;Vila Velha (ES);Total;28915
MU;3205309;Vitória (ES);Total;20006
MU;3300100;Angra dos Reis (RJ);Total;12901
MU;3300159;Aperibé (RJ);Total;1154
MU;3300209;Araruama (RJ);Total;9873
MU;3300225;Areal (RJ);Total;686
MU;3300233;Armação dos Búzios (RJ);Total;2141
MU;3300258;Arraial do Cabo (RJ);Total;2523
MU;3300308;Barra do Piraí (RJ);Total;8415
MU;3300407;Barra Mansa (RJ);Total;12666
MU;3300456;Belford Roxo (RJ);Total;31722
MU;3300506;Bom Jardim (RJ);Total;1943
MU;3300605;Bom Jesus do Itabapoana (RJ);Total;3667
MU;3300704;Cabo Frio (RJ);Total;16622
MU;3300803;Cachoeiras de Macacu (RJ);Total;4840
MU;3300902;Cambuci (RJ);Total;1148
MU;3300936;Carapebus (RJ);Total;1198
MU;3300951;Comendador Levy Gasparian (RJ);Total;610
MU;3301009;Campos dos Goytacazes (RJ);Total;36797
MU;3301108;Cantagalo (RJ);Total;1452
MU;3301157;Cardoso Moreira (RJ);Total;1114
MU;3301207;Carmo (RJ);Total;1134
MU;3301306;Casimiro de Abreu (RJ);Total;4108
MU;3301405;Conceição de Macabu (RJ);Total;2017
MU;3301504;Cordeiro (RJ);Total;1536
MU;3301603;Duas Barras (RJ);Total;932
MU;3301702;Duque de Caxias (RJ);Total;66093
MU;3301801;Engenheiro Paulo de Frontin (RJ);Total;1494
MU;3301850;Guapimirim (RJ);Total;3301
MU;3301876;Iguaba Grande (RJ);Total;2469
MU;3301900;Itaboraí (RJ);Total;21441
MU;3302007;Itaguaí (RJ);Total;9313
MU;3302056;Italva (RJ);Total;1080
MU;3302106;Itaocara (RJ);Total;2721
MU;3302205;Itaperuna (RJ);Total;8357
MU;3302254;Itatiaia (RJ);Total;2508
MU;3302270;Japeri (RJ);Total;6066
MU;3302304;Laje do Muriaé (RJ);Total;673
MU;3302403;Macaé (RJ);Total;16715
MU;3302452;Macuco (RJ);Total;401
MU;3302502;Magé (RJ);Total;18856
MU;3302601;Mangaratiba (RJ);Total;2780
MU;3302700;Maricá (RJ);Total;14995
MU;3302809;Mendes (RJ);Total;1606
MU;3302858;Mesquita (RJ);Total;12321
MU;3302908;Miguel Pereira (RJ);Total;1746
MU;3303005;Miracema (RJ);Total;2560
MU;3303104;Natividade (RJ);Total;1641
MU;3303203;Nilópolis (RJ);Total;9304
MU;3303302;Niterói (RJ);Total;29474
MU;3303401;Nova Friburgo (RJ);Total;12597
MU;3303500;Nova Iguaçu (RJ);Total;63909
MU;3303609;Paracambi (RJ);Total;2984
MU;3303708;Paraíba do Sul (RJ);Total;2961
MU;3303807;Paraty (RJ);Total;2827
MU;3303856;Paty do Alferes (RJ);Total;2175
MU;3303906;Petrópolis (RJ);Total;17132
MU;3303955;Pinheiral (RJ);Total;1816
MU;3304003;Piraí (RJ);Total;1956
MU;3304102;Porciúncula (RJ);Total;2056
MU;3304110;Porto Real (RJ);Total;1138
MU;3304128;Quatis (RJ);Total;796
MU;3304144;Queimados (RJ);Total;10253
MU;3304151;Quissamã (RJ);Total;2009
MU;3304201;Resende (RJ);Total;7543
MU;3304300;Rio Bonito (RJ);Total;3887
MU;3304409;Rio Claro (RJ);Total;1048
MU;3304508;Rio das Flores (RJ);Total;631
MU;3304524;Rio das Ostras (RJ);Total;10525
MU;3304557;Rio de Janeiro (RJ);Total;422607
MU;3304607;Santa Maria Madalena (RJ);Total;833
MU;3304706;Santo Antônio de Pádua (RJ);Total;3103
MU;3304755;São Francisco de Itabapoana (RJ);Total;4472
MU;3304805;São Fidélis (RJ);Total;2421
MU;3304904;São Gonçalo (RJ);Total;71953
MU;3305000;São João da Barra (RJ);Total;2596
MU;3305109;São João de Meriti (RJ);Total;27954
MU;3305133;São José de Ubá (RJ);Total;415
MU;3305158;São José do Vale do Rio Preto (RJ);Total;1311
MU;3305208;São Pedro da Aldeia (RJ);Total;7654
MU;3305307;São Sebastião do Alto (RJ);Total;461
MU;3305406;Sapucaia (RJ);Total;1531
MU;3305505;Saquarema (RJ);Total;7125
MU;3305554;Seropédica (RJ);Total;6526
MU;3305604;Silva Jardim (RJ);Total;2014
MU;3305703;Sumidouro (RJ);Total;809
MU;3305752;Tanguá (RJ);Total;2539
MU;3305802;Teresópolis (RJ);Total;10968
MU;3305901;Trajano de Moraes (RJ);Total;832
MU;3306008;Três Rios (RJ);Total;4696
MU;3306107;Valença (RJ);Total;5584
MU;3306156;Varre-Sai (RJ);Total;809
MU;3306206;Vassouras (RJ);Total;4232
MU;3306305;Volta Redonda (RJ);Total;19984
MU;3500105;Adamantina (SP);Total;2196
MU;3500204;Adolfo (SP);Total;388
MU;3500303;Aguaí (SP);Total;2499
MU;3500402;Águas da Prata (SP);Total;513
MU;3500501;Águas de Lindóia (SP);Total;1071
MU;3500550;Águas de Santa Bárbara (SP);Total;549
MU;3500600;Águas de São Pedro (SP);Total;140
MU;3500709;Agudos (SP);Total;2521
MU;3500758;Alambari (SP);Total;498
MU;3500808;Alfredo Marcondes (SP);Total;349
MU;3500907;Altair (SP);Total;248
MU;3501004;Altinópolis (SP);Total;1102
MU;3501103;Alto Alegre (SP);Total;366
MU;3501152;Alumínio (SP);Total;805
MU;3501202;Álvares Florence (SP);Total;499
MU;3501301;Álvares Machado (SP);Total;2338
MU;3501400;Álvaro de Carvalho (SP);Total;136
MU;3501509;Alvinlândia (SP);Total;110
MU;3501608;Americana (SP);Total;11386
MU;3501707;Américo Brasiliense (SP);Total;1974
MU;3501806;Américo de Campos (SP);Total;604
MU;3501905;Amparo (SP);Total;3636
MU;3502002;Analândia (SP);Total;209
MU;3502101;Andradina (SP);Total;4210
MU;3502200;Angatuba (SP);Total;1240
MU;3502309;Anhembi (SP);Total;454
MU;3502408;Anhumas (SP);Total;470
MU;3502507;Aparecida (SP);Total;2383
MU;3502606;Aparecida d'Oeste (SP);Total;396
MU;3502705;Apiaí (SP);Total;2543
MU;3502754;Araçariguama (SP);Total;1909
MU;3502804;Araçatuba (SP);Total;12426
MU;3502903;Araçoiaba da Serra (SP);Total;2110
MU;3503000;Aramina (SP);Total;310
MU;3503109;Arandu (SP);Total;426
MU;3503158;Arapeí (SP);Total;227
MU;3503208;Araraquara (SP);Total;14139
MU;3503307;Araras (SP);Total;7821
MU;3503356;Arco-Íris (SP);Total;95
MU;3503406;Arealva (SP);Total;776
MU;3503505;Areias (SP);Total;305
MU;3503604;Areiópolis (SP);Total;692
MU;3503703;Ariranha (SP);Total;682
MU;3503802;Artur Nogueira (SP);Total;2916
MU;3503901;Arujá (SP);Total;4612
MU;3503950;Aspásia (SP);Total;128
MU;3504008;Assis (SP);Total;6443
MU;3504107;Atibaia (SP);Total;9159
MU;3504206;Auriflama (SP);Total;1071
MU;3504305;Avaí (SP);Total;310
MU;3504404;Avanhandava (SP);Total;810
MU;3504503;Avaré (SP);Total;5413
MU;3504602;Bady Bassitt (SP);Total;1368
MU;3504701;Balbinos (SP);Total;97
MU;3504800;Bálsamo (SP);Total;714
MU;3504909;Bananal (SP);Total;822
MU;3505005;Barão de Antonina (SP);Total;330
MU;3505104;Barbosa (SP);Total;349
MU;3505203;Bariri (SP);Total;2552
MU;3505302;Barra Bonita (SP);Total;2663
MU;3505351;Barra do Chapéu (SP);Total;522
MU;3505401;Barra do Turvo (SP);Total;861
MU;3505500;Barretos (SP);Total;7685
MU;3505609;Barrinha (SP);Total;2799
MU;3505708;Barueri (SP);Total;14531
MU;3505807;Bastos (SP);Total;947
MU;3505906;Batatais (SP);Total;4087
MU;3506003;Bauru (SP);Total;21085
MU;3506102;Bebedouro (SP);Total;4215
MU;3506201;Bento de Abreu (SP);Total;132
MU;3506300;Bernardino de Campos (SP);Total;634
MU;3506359;Bertioga (SP);Total;4025
MU;3506409;Bilac (SP);Total;486
MU;3506508;Birigui (SP);Total;8239
MU;3506607;Biritiba Mirim (SP);Total;2129
MU;3506706;Boa Esperança do Sul (SP);Total;725
MU;3506805;Bocaina (SP);Total;985
MU;3506904;Bofete (SP);Total;871
MU;3507001;Boituva (SP);Total;3109
MU;3507100;Bom Jesus dos Perdões (SP);Total;1206
MU;3507159;Bom Sucesso de Itararé (SP);Total;146
MU;3507209;Borá (SP);Total;48
MU;3507308;Boracéia (SP);Total;377
MU;3507407;Borborema (SP);Total;1418
MU;3507456;Borebi (SP);Total;171
MU;3507506;Botucatu (SP);Total;8511
MU;3507605;Bragança Paulista (SP);Total;9039
MU;3507704;Braúna (SP);Total;467
MU;3507753;Brejo Alegre (SP);Total;255
MU;3507803;Brodowski (SP);Total;1957
MU;3507902;Brotas (SP);Total;1833
MU;3508009;Buri (SP);Total;1102
MU;3508108;Buritama (SP);Total;1329
MU;3508207;Buritizal (SP);Total;393
MU;3508306;Cabrália Paulista (SP);Total;216
MU;3508405;Cabreúva (SP);Total;2459
MU;3508504;Caçapava (SP);Total;6822
MU;3508603;Cachoeira Paulista (SP);Total;2070
MU;3508702;Caconde (SP);Total;1298
MU;3508801;Cafelândia (SP);Total;1139
MU;3508900;Caiabu (SP);Total;246
MU;3509007;Caieiras (SP);Total;7337
MU;3509106;Caiuá (SP);Total;481
MU;3509205;Cajamar (SP);Total;5347
MU;3509254;Cajati (SP);Total;2117
MU;3509304;Cajobi (SP);Total;610
MU;3509403;Cajuru (SP);Total;1541
MU;3509452;Campina do Monte Alegre (SP);Total;496
MU;3509502;Campinas (SP);Total;64235
MU;3509601;Campo Limpo Paulista (SP);Total;4875
MU;3509700;Campos do Jordão (SP);Total;2722
MU;3509809;Campos Novos Paulista (SP);Total;481
MU;3509908;Cananéia (SP);Total;871
MU;3509957;Canas (SP);Total;281
MU;3510005;Cândido Mota (SP);Total;2295
MU;3510104;Cândido Rodrigues (SP);Total;208
MU;3510153;Canitar (SP);Total;385
MU;3510203;Capão Bonito (SP);Total;3240
MU;3510302;Capela do Alto (SP);Total;1513
MU;3510401;Capivari (SP);Total;3184
MU;3510500;Caraguatatuba (SP);Total;12002
MU;3510609;Carapicuíba (SP);Total;24660
MU;3510708;Cardoso (SP);Total;1082
MU;3510807;Casa Branca (SP);Total;1714
MU;3510906;Cássia dos Coqueiros (SP);Total;262
MU;3511003;Castilho (SP);Total;2161
MU;3511102;Catanduva (SP);Total;7519
MU;3511201;Catiguá (SP);Total;649
MU;3511300;Cedral (SP);Total;605
MU;3511409;Cerqueira César (SP);Total;1477
MU;3511508;Cerquilho (SP);Total;2521
MU;3511607;Cesário Lange (SP);Total;1066
MU;3511706;Charqueada (SP);Total;1018
MU;3511904;Clementina (SP);Total;374
MU;3512001;Colina (SP);Total;1020
MU;3512100;Colômbia (SP);Total;516
MU;3512209;Conchal (SP);Total;1684
MU;3512308;Conchas (SP);Total;994
MU;3512407;Cordeirópolis (SP);Total;1408
MU;3512506;Coroados (SP);Total;423
MU;3512605;Coronel Macedo (SP);Total;313
MU;3512704;Corumbataí (SP);Total;360
MU;3512803;Cosmópolis (SP);Total;3096
MU;3512902;Cosmorama (SP);Total;770
MU;3513009;Cotia (SP);Total;13214
MU;3513108;Cravinhos (SP);Total;2478
MU;3513207;Cristais Paulista (SP);Total;732
MU;3513306;Cruzália (SP);Total;245
MU;3513405;Cruzeiro (SP);Total;5063
MU;3513504;Cubatão (SP);Total;8021
MU;3513603;Cunha (SP);Total;1834
MU;3513702;Descalvado (SP);Total;1579
MU;3513801;Diadema (SP);Total;23674
MU;3513850;Dirce Reis (SP);Total;146
MU;3513900;Divinolândia (SP);Total;671
MU;3514007;Dobrada (SP);Total;512
MU;3514106;Dois Córregos (SP);Total;1451
MU;3514205;Dolcinópolis (SP);Total;94
MU;3514304;Dourado (SP);Total;377
MU;3514403;Dracena (SP);Total;3204
MU;3514502;Duartina (SP);Total;992
MU;3514601;Dumont (SP);Total;402
MU;3514700;Echaporã (SP);Total;310
MU;3514809;Eldorado (SP);Total;1062
MU;3514908;Elias Fausto (SP);Total;979
MU;3514924;Elisiário (SP);Total;226
MU;3514957;Embaúba (SP);Total;272
MU;3515004;Embu das Artes (SP);Total;15567
MU;3515103;Embu-Guaçu (SP);Total;4314
MU;3515129;Emilianópolis (SP);Total;230
MU;3515152;Engenheiro Coelho (SP);Total;961
MU;3515186;Espírito Santo do Pinhal (SP);Total;2095
MU;3515194;Espírito Santo do Turvo (SP);Total;261
MU;3515202;Estrela d'Oeste (SP);Total;621
MU;3515301;Estrela do Norte (SP);Total;192
MU;3515350;Euclides da Cunha Paulista (SP);Total;682
MU;3515400;Fartura (SP);Total;1411
MU;3515509;Fernandópolis (SP);Total;4559
MU;3515608;Fernando Prestes (SP);Total;391
MU;3515657;Fernão (SP);Total;54
MU;3515707;Ferraz de Vasconcelos (SP);Total;12136
MU;3515806;Flora Rica (SP);Total;148
MU;3515905;Floreal (SP);Total;290
MU;3516002;Flórida Paulista (SP);Total;557
MU;3516101;Florínea (SP);Total;259
MU;3516200;Franca (SP);Total;20920
MU;3516309;Francisco Morato (SP);Total;11363
MU;3516408;Franco da Rocha (SP);Total;9004
MU;3516507;Gabriel Monteiro (SP);Total;106
MU;3516606;Gália (SP);Total;438
MU;3516705;Garça (SP);Total;2990
MU;3516804;Gastão Vidigal (SP);Total;250
MU;3516853;Gavião Peixoto (SP);Total;155
MU;3516903;General Salgado (SP);Total;585
MU;3517000;Getulina (SP);Total;481
MU;3517109;Glicério (SP);Total;361
MU;3517208;Guaiçara (SP);Total;580
MU;3517307;Guaimbê (SP);Total;407
MU;3517406;Guaíra (SP);Total;3342
MU;3517505;Guapiaçu (SP);Total;1297
MU;3517604;Guapiara (SP);Total;1045
MU;3517703;Guará (SP);Total;1907
MU;3517802;Guaraçaí (SP);Total;580
MU;3517901;Guaraci (SP);Total;1078
MU;3518008;Guarani d'Oeste (SP);Total;254
MU;3518107;Guarantã (SP);Total;466
MU;3518206;Guararapes (SP);Total;2605
MU;3518305;Guararema (SP);Total;2443
MU;3518404;Guaratinguetá (SP);Total;7510
MU;3518503;Guareí (SP);Total;1124
MU;3518602;Guariba (SP);Total;1789
MU;3518701;Guarujá (SP);Total;20553
MU;3518800;Guarulhos (SP);Total;75537
MU;3518859;Guatapará (SP);Total;311
MU;3518909;Guzolândia (SP);Total;377
MU;3519006;Herculândia (SP);Total;362
MU;3519055;Holambra (SP);Total;554
MU;3519071;Hortolândia (SP);Total;14370
MU;3519105;Iacanga (SP);Total;515
MU;3519204;Iacri (SP);Total;335
MU;3519253;Iaras (SP);Total;502
MU;3519303;Ibaté (SP);Total;2172
MU;3519402;Ibirá (SP);Total;1043
MU;3519501;Ibirarema (SP);Total;726
MU;3519600;Ibitinga (SP);Total;4773
MU;3519709;Ibiúna (SP);Total;5956
MU;3519808;Icém (SP);Total;405
MU;3519907;Iepê (SP);Total;693
MU;3520004;Igaraçu do Tietê (SP);Total;1436
MU;3520103;Igarapava (SP);Total;2240
MU;3520202;Igaratá (SP);Total;819
MU;3520301;Iguape (SP);Total;2649
MU;3520400;Ilhabela (SP);Total;2291
MU;3520426;Ilha Comprida (SP);Total;1259
MU;3520442;Ilha Solteira (SP);Total;1600
MU;3520509;Indaiatuba (SP);Total;11899
MU;3520608;Indiana (SP);Total;375
MU;3520707;Indiaporã (SP);Total;492
MU;3520806;Inúbia Paulista (SP);Total;280
MU;3520905;Ipaussu (SP);Total;1041
MU;3521002;Iperó (SP);Total;3121
MU;3521101;Ipeúna (SP);Total;480
MU;3521150;Ipiguá (SP);Total;519
MU;3521200;Iporanga (SP);Total;305
MU;3521309;Ipuã (SP);Total;1130
MU;3521408;Iracemápolis (SP);Total;1105
MU;3521507;Irapuã (SP);Total;278
MU;3521606;Irapuru (SP);Total;413
MU;3521705;Itaberá (SP);Total;1345
MU;3521804;Itaí (SP);Total;2266
MU;3521903;Itajobi (SP);Total;829
MU;3522000;Itaju (SP);Total;211
MU;3522109;Itanhaém (SP);Total;10387
MU;3522158;Itaoca (SP);Total;336
MU;3522208;Itapecerica da Serra (SP);Total;11019
MU;3522307;Itapetininga (SP);Total;10075
MU;3522406;Itapeva (SP);Total;5370
MU;3522505;Itapevi (SP);Total;12182
MU;3522604;Itapira (SP);Total;4322
MU;3522653;Itapirapuã Paulista (SP);Total;212
MU;3522703;Itápolis (SP);Total;3106
MU;3522802;Itaporanga (SP);Total;1255
MU;3522901;Itapuí (SP);Total;947
MU;3523008;Itapura (SP);Total;201
MU;3523107;Itaquaquecetuba (SP);Total;24004
MU;3523206;Itararé (SP);Total;3228
MU;3523305;Itariri (SP);Total;967
MU;3523404;Itatiba (SP);Total;6537
MU;3523503;Itatinga (SP);Total;1347
MU;3523602;Itirapina (SP);Total;1043
MU;3523701;Itirapuã (SP);Total;380
MU;3523800;Itobi (SP);Total;490
MU;3523909;Itu (SP);Total;9088
MU;3524006;Itupeva (SP);Total;3521
MU;3524105;Ituverava (SP);Total;3025
MU;3524204;Jaborandi (SP);Total;526
MU;3524303;Jaboticabal (SP);Total;3931
MU;3524402;Jacareí (SP);Total;14300
MU;3524501;Jaci (SP);Total;723
MU;3524600;Jacupiranga (SP);Total;1300
MU;3524709;Jaguariúna (SP);Total;3267
MU;3524808;Jales (SP);Total;3742
MU;3524907;Jambeiro (SP);Total;353
MU;3525003;Jandira (SP);Total;6263
MU;3525102;Jardinópolis (SP);Total;3095
MU;3525201;Jarinu (SP);Total;1621
MU;3525300;Jaú (SP);Total;7335
MU;3525409;Jeriquara (SP);Total;298
MU;3525508;Joanópolis (SP);Total;758
MU;3525607;João Ramalho (SP);Total;327
MU;3525706;José Bonifácio (SP);Total;1817
MU;3525805;Júlio Mesquita (SP);Total;222
MU;3525854;Jumirim (SP);Total;83
MU;3525904;Jundiaí (SP);Total;22331
MU;3526001;Junqueirópolis (SP);Total;1757
MU;3526100;Juquiá (SP);Total;1907
MU;3526209;Juquitiba (SP);Total;1755
MU;3526308;Lagoinha (SP);Total;353
MU;3526407;Laranjal Paulista (SP);Total;1530
MU;3526506;Lavínia (SP);Total;741
MU;3526605;Lavrinhas (SP);Total;455
MU;3526704;Leme (SP);Total;6469
MU;3526803;Lençóis Paulista (SP);Total;3637
MU;3526902;Limeira (SP);Total;15738
MU;3527009;Lindóia (SP);Total;518
MU;3527108;Lins (SP);Total;4864
MU;3527207;Lorena (SP);Total;5251
MU;3527256;Lourdes (SP);Total;220
MU;3527306;Louveira (SP);Total;2353
MU;3527405;Lucélia (SP);Total;1739
MU;3527504;Lucianópolis (SP);Total;184
MU;3527603;Luís Antônio (SP);Total;585
MU;3527702;Luiziânia (SP);Total;345
MU;3527801;Lupércio (SP);Total;143
MU;3527900;Lutécia (SP);Total;219
MU;3528007;Macatuba (SP);Total;1017
MU;3528106;Macaubal (SP);Total;611
MU;3528205;Macedônia (SP);Total;347
MU;3528304;Magda (SP);Total;354
MU;3528403;Mairinque (SP);Total;3362
MU;3528502;Mairiporã (SP);Total;5945
MU;3528601;Manduri (SP);Total;756
MU;3528700;Marabá Paulista (SP);Total;267
MU;3528809;Maracaí (SP);Total;919
MU;3528858;Marapoama (SP);Total;172
MU;3528908;Mariápolis (SP);Total;238
MU;3529005;Marília (SP);Total;14206
MU;3529104;Marinópolis (SP);Total;195
MU;3529203;Martinópolis (SP);Total;1812
MU;3529302;Matão (SP);Total;4563
MU;3529401;Mauá (SP);Total;22939
MU;3529500;Mendonça (SP);Total;436
MU;3529609;Meridiano (SP);Total;151
MU;3529658;Mesópolis (SP);Total;100
MU;3529708;Miguelópolis (SP);Total;1886
MU;3529807;Mineiros do Tietê (SP);Total;1000
MU;3529906;Miracatu (SP);Total;1537
MU;3530003;Mira Estrela (SP);Total;275
MU;3530102;Mirandópolis (SP);Total;1486
MU;3530201;Mirante do Paranapanema (SP);Total;1350
MU;3530300;Mirassol (SP);Total;3149
MU;3530409;Mirassolândia (SP);Total;278
MU;3530508;Mococa (SP);Total;4652
MU;3530607;Mogi das Cruzes (SP);Total;24829
MU;3530706;Mogi Guaçu (SP);Total;9133
MU;3530805;Mogi Mirim (SP);Total;4516
MU;3530904;Mombuca (SP);Total;238
MU;3531001;Monções (SP);Total;184
MU;3531100;Mongaguá (SP);Total;4897
MU;3531209;Monte Alegre do Sul (SP);Total;314
MU;3531308;Monte Alto (SP);Total;3020
MU;3531407;Monte Aprazível (SP);Total;1277
MU;3531506;Monte Azul Paulista (SP);Total;1028
MU;3531605;Monte Castelo (SP);Total;445
MU;3531704;Monteiro Lobato (SP);Total;449
MU;3531803;Monte Mor (SP);Total;4021
MU;3531902;Morro Agudo (SP);Total;2034
MU;3532009;Morungaba (SP);Total;701
MU;3532058;Motuca (SP);Total;332
MU;3532108;Murutinga do Sul (SP);Total;158
MU;3532157;Nantes (SP);Total;115
MU;3532207;Narandiba (SP);Total;344
MU;3532306;Natividade da Serra (SP);Total;610
MU;3532405;Nazaré Paulista (SP);Total;1331
MU;3532504;Neves Paulista (SP);Total;715
MU;3532603;Nhandeara (SP);Total;846
MU;3532702;Nipoã (SP);Total;313
MU;3532801;Nova Aliança (SP);Total;518
MU;3532827;Nova Campina (SP);Total;563
MU;3532843;Nova Canaã Paulista (SP);Total;231
MU;3532868;Nova Castilho (SP);Total;26
MU;3532900;Nova Europa (SP);Total;621
MU;3533007;Nova Granada (SP);Total;1448
MU;3533106;Nova Guataporanga (SP);Total;222
MU;3533205;Nova Independência (SP);Total;276
MU;3533254;Novais (SP);Total;237
MU;3533304;Nova Luzitânia (SP);Total;172
MU;3533403;Nova Odessa (SP);Total;3537
MU;3533502;Novo Horizonte (SP);Total;2296
MU;3533601;Nuporanga (SP);Total;669
MU;3533700;Ocauçu (SP);Total;352
MU;3533809;Óleo (SP);Total;191
MU;3533908;Olímpia (SP);Total;3082
MU;3534005;Onda Verde (SP);Total;266
MU;3534104;Oriente (SP);Total;363
MU;3534203;Orindiúva (SP);Total;293
MU;3534302;Orlândia (SP);Total;2653
MU;3534401;Osasco (SP);Total;43736
MU;3534500;Oscar Bressane (SP);Total;108
MU;3534609;Osvaldo Cruz (SP);Total;2024
MU;3534708;Ourinhos (SP);Total;8004
MU;3534757;Ouroeste (SP);Total;1045
MU;3534807;Ouro Verde (SP);Total;709
MU;3534906;Pacaembu (SP);Total;749
MU;3535002;Palestina (SP);Total;1099
MU;3535101;Palmares Paulista (SP);Total;670
MU;3535200;Palmeira d'Oeste (SP);Total;678
MU;3535309;Palmital (SP);Total;1389
MU;3535408;Panorama (SP);Total;1277
MU;3535507;Paraguaçu Paulista (SP);Total;3383
MU;3535606;Paraibuna (SP);Total;1281
MU;3535705;Paraíso (SP);Total;340
MU;3535804;Paranapanema (SP);Total;1558
MU;3535903;Paranapuã (SP);Total;314
MU;3536000;Parapuã (SP);Total;704
MU;3536109;Pardinho (SP);Total;507
MU;3536208;Pariquera-Açu (SP);Total;1331
MU;3536257;Parisi (SP);Total;215
MU;3536307;Patrocínio Paulista (SP);Total;1051
MU;3536406;Paulicéia (SP);Total;516
MU;3536505;Paulínia (SP);Total;4918
MU;3536570;Paulistânia (SP);Total;150
MU;3536604;Paulo de Faria (SP);Total;636
MU;3536703;Pederneiras (SP);Total;3210
MU;3536802;Pedra Bela (SP);Total;271
MU;3536901;Pedranópolis (SP);Total;350
MU;3537008;Pedregulho (SP);Total;1289
MU;3537107;Pedreira (SP);Total;2696
MU;3537156;Pedrinhas Paulista (SP);Total;258
MU;3537206;Pedro de Toledo (SP);Total;734
MU;3537305;Penápolis (SP);Total;3995
MU;3537404;Pereira Barreto (SP);Total;2102
MU;3537503;Pereiras (SP);Total;310
MU;3537602;Peruíbe (SP);Total;6674
MU;3537701;Piacatu (SP);Total;618
MU;3537800;Piedade (SP);Total;3152
MU;3537909;Pilar do Sul (SP);Total;2269
MU;3538006;Pindamonhangaba (SP);Total;12448
MU;3538105;Pindorama (SP);Total;1270
MU;3538204;Pinhalzinho (SP);Total;837
MU;3538303;Piquerobi (SP);Total;359
MU;3538501;Piquete (SP);Total;1182
MU;3538600;Piracaia (SP);Total;2333
MU;3538709;Piracicaba (SP);Total;23532
MU;3538808;Piraju (SP);Total;2231
MU;3538907;Pirajuí (SP);Total;1563
MU;3539004;Pirangi (SP);Total;631
MU;3539103;Pirapora do Bom Jesus (SP);Total;1138
MU;3539202;Pirapozinho (SP);Total;1754
MU;3539301;Pirassununga (SP);Total;5170
MU;3539400;Piratininga (SP);Total;588
MU;3539509;Pitangueiras (SP);Total;2001
MU;3539608;Planalto (SP);Total;253
MU;3539707;Platina (SP);Total;292
MU;3539806;Poá (SP);Total;6601
MU;3539905;Poloni (SP);Total;301
MU;3540002;Pompéia (SP);Total;1221
MU;3540101;Pongaí (SP);Total;235
MU;3540200;Pontal (SP);Total;2249
MU;3540259;Pontalinda (SP);Total;333
MU;3540309;Pontes Gestal (SP);Total;151
MU;3540408;Populina (SP);Total;262
MU;3540507;Porangaba (SP);Total;672
MU;3540606;Porto Feliz (SP);Total;3579
MU;3540705;Porto Ferreira (SP);Total;3416
MU;3540754;Potim (SP);Total;1636
MU;3540804;Potirendaba (SP);Total;1237
MU;3540853;Pracinha (SP);Total;179
MU;3540903;Pradópolis (SP);Total;990
MU;3541000;Praia Grande (SP);Total;24508
MU;3541059;Pratânia (SP);Total;278
MU;3541109;Presidente Alves (SP);Total;179
MU;3541208;Presidente Bernardes (SP);Total;1032
MU;3541307;Presidente Epitácio (SP);Total;3420
MU;3541406;Presidente Prudente (SP);Total;13674
MU;3541505;Presidente Venceslau (SP);Total;2352
MU;3541604;Promissão (SP);Total;2272
MU;3541653;Quadra (SP);Total;165
MU;3541703;Quatá (SP);Total;892
MU;3541802;Queiroz (SP);Total;272
MU;3541901;Queluz (SP);Total;830
MU;3542008;Quintana (SP);Total;406
MU;3542107;Rafard (SP);Total;459
MU;3542206;Rancharia (SP);Total;2389
MU;3542305;Redenção da Serra (SP);Total;306
MU;3542404;Regente Feijó (SP);Total;1757
MU;3542503;Reginópolis (SP);Total;531
MU;3542602;Registro (SP);Total;4267
MU;3542701;Restinga (SP);Total;431
MU;3542800;Ribeira (SP);Total;251
MU;3542909;Ribeirão Bonito (SP);Total;887
MU;3543006;Ribeirão Branco (SP);Total;1119
MU;3543105;Ribeirão Corrente (SP);Total;331
MU;3543204;Ribeirão do Sul (SP);Total;309
MU;3543238;Ribeirão dos Índios (SP);Total;264
MU;3543253;Ribeirão Grande (SP);Total;753
MU;3543303;Ribeirão Pires (SP);Total;7206
MU;3543402;Ribeirão Preto (SP);Total;40017
MU;3543501;Riversul (SP);Total;529
MU;3543600;Rifaina (SP);Total;326
MU;3543709;Rincão (SP);Total;697
MU;3543808;Rinópolis (SP);Total;643
MU;3543907;Rio Claro (SP);Total;10363
MU;3544004;Rio das Pedras (SP);Total;1546
MU;3544103;Rio Grande da Serra (SP);Total;2953
MU;3544202;Riolândia (SP);Total;702
MU;3544251;Rosana (SP);Total;1459
MU;3544301;Roseira (SP);Total;899
MU;3544400;Rubiácea (SP);Total;209
MU;3544509;Rubinéia (SP);Total;312
MU;3544608;Sabino (SP);Total;442
MU;3544707;Sagres (SP);Total;158
MU;3544806;Sales (SP);Total;640
MU;3544905;Sales Oliveira (SP);Total;886
MU;3545001;Salesópolis (SP);Total;1045
MU;3545100;Salmourão (SP);Total;590
MU;3545159;Saltinho (SP);Total;426
MU;3545209;Salto (SP);Total;8986
MU;3545308;Salto de Pirapora (SP);Total;3663
MU;3545407;Salto Grande (SP);Total;875
MU;3545506;Sandovalina (SP);Total;189
MU;3545605;Santa Adélia (SP);Total;828
MU;3545704;Santa Albertina (SP);Total;569
MU;3545803;Santa Bárbara d'Oeste (SP);Total;9790
MU;3546009;Santa Branca (SP);Total;1036
MU;3546108;Santa Clara d'Oeste (SP);Total;143
MU;3546207;Santa Cruz da Conceição (SP);Total;264
MU;3546256;Santa Cruz da Esperança (SP);Total;118
MU;3546306;Santa Cruz das Palmeiras (SP);Total;1752
MU;3546405;Santa Cruz do Rio Pardo (SP);Total;2932
MU;3546504;Santa Ernestina (SP);Total;446
MU;3546603;Santa Fé do Sul (SP);Total;2903
MU;3546702;Santa Gertrudes (SP);Total;1191
MU;3546801;Santa Isabel (SP);Total;3494
MU;3546900;Santa Lúcia (SP);Total;691
MU;3547007;Santa Maria da Serra (SP);Total;345
MU;3547106;Santa Mercedes (SP);Total;192
MU;3547205;Santana da Ponte Pensa (SP);Total;146
MU;3547304;Santana de Parnaíba (SP);Total;7601
MU;3547403;Santa Rita d'Oeste (SP);Total;179
MU;3547502;Santa Rita do Passa Quatro (SP);Total;1544
MU;3547601;Santa Rosa de Viterbo (SP);Total;1824
MU;3547650;Santa Salete (SP);Total;147
MU;3547700;Santo Anastácio (SP);Total;1071
MU;3547809;Santo André (SP);Total;43798
MU;3547908;Santo Antônio da Alegria (SP);Total;429
MU;3548005;Santo Antônio de Posse (SP);Total;1233
MU;3548054;Santo Antônio do Aracanguá (SP);Total;482
MU;3548104;Santo Antônio do Jardim (SP);Total;408
MU;3548203;Santo Antônio do Pinhal (SP);Total;492
MU;3548302;Santo Expedito (SP);Total;147
MU;3548401;Santópolis do Aguapeí (SP);Total;204
MU;3548500;Santos (SP);Total;25773
MU;3548609;São Bento do Sapucaí (SP);Total;752
MU;3548708;São Bernardo do Campo (SP);Total;48112
MU;3548807;São Caetano do Sul (SP);Total;10199
MU;3548906;São Carlos (SP);Total;14485
MU;3549003;São Francisco (SP);Total;343
MU;3549102;São João da Boa Vista (SP);Total;5745
MU;3549201;São João das Duas Pontes (SP);Total;235
MU;3549250;São João de Iracema (SP);Total;115
MU;3549300;São João do Pau d'Alho (SP);Total;216
MU;3549409;São Joaquim da Barra (SP);Total;3668
MU;3549508;São José da Bela Vista (SP);Total;650
MU;3549607;São José do Barreiro (SP);Total;244
MU;3549706;São José do Rio Pardo (SP);Total;3591
MU;3549805;São José do Rio Preto (SP);Total;29381
MU;3549904;São José dos Campos (SP);Total;41456
MU;3549953;São Lourenço da Serra (SP);Total;1244
MU;3550001;São Luiz do Paraitinga (SP);Total;731
MU;3550100;São Manuel (SP);Total;2681
MU;3550209;São Miguel Arcanjo (SP);Total;2192
MU;3550308;São Paulo (SP);Total;719261
MU;3550407;São Pedro (SP);Total;2672
MU;3550506;São Pedro do Turvo (SP);Total;464
MU;3550605;São Roque (SP);Total;4962
MU;3550704;São Sebastião (SP);Total;5306
MU;3550803;São Sebastião da Grama (SP);Total;498
MU;3550902;São Simão (SP);Total;627
MU;3551009;São Vicente (SP);Total;21483
MU;3551108;Sarapuí (SP);Total;620
MU;3551207;Sarutaiá (SP);Total;288
MU;3551306;Sebastianópolis do Sul (SP);Total;336
MU;3551405;Serra Azul (SP);Total;1155
MU;3551504;Serrana (SP);Total;3155
MU;3551603;Serra Negra (SP);Total;1642
MU;3551702;Sertãozinho (SP);Total;7822
MU;3551801;Sete Barras (SP);Total;1084
MU;3551900;Severínia (SP);Total;824
MU;3552007;Silveiras (SP);Total;525
MU;3552106;Socorro (SP);Total;3160
MU;3552205;Sorocaba (SP);Total;42837
MU;3552304;Sud Mennucci (SP);Total;405
MU;3552403;Sumaré (SP);Total;15621
MU;3552502;Suzano (SP);Total;18757
MU;3552551;Suzanápolis (SP);Total;234
MU;3552601;Tabapuã (SP);Total;865
MU;3552700;Tabatinga (SP);Total;1040
MU;3552809;Taboão da Serra (SP);Total;15829
MU;3552908;Taciba (SP);Total;571
MU;3553005;Taguaí (SP);Total;1023
MU;3553104;Taiaçu (SP);Total;517
MU;3553203;Taiúva (SP);Total;429
MU;3553302;Tambaú (SP);Total;1730
MU;3553401;Tanabi (SP);Total;1665
MU;3553500;Tapiraí (SP);Total;624
MU;3553609;Tapiratiba (SP);Total;912
MU;3553658;Taquaral (SP);Total;192
MU;3553708;Taquaritinga (SP);Total;3286
MU;3553807;Taquarituba (SP);Total;1877
MU;3553856;Taquarivaí (SP);Total;431
MU;3553906;Tarabai (SP);Total;416
MU;3553955;Tarumã (SP);Total;890
MU;3554003;Tatuí (SP);Total;7734
MU;3554102;Taubaté (SP);Total;18825
MU;3554201;Tejupá (SP);Total;444
MU;3554300;Teodoro Sampaio (SP);Total;1555
MU;3554409;Terra Roxa (SP);Total;467
MU;3554508;Tietê (SP);Total;1918
MU;3554607;Timburi (SP);Total;302
MU;3554656;Torre de Pedra (SP);Total;183
MU;3554706;Torrinha (SP);Total;276
MU;3554755;Trabiju (SP);Total;116
MU;3554805;Tremembé (SP);Total;3468
MU;3554904;Três Fronteiras (SP);Total;589
MU;3554953;Tuiuti (SP);Total;508
MU;3555000;Tupã (SP);Total;4602
MU;3555109;Tupi Paulista (SP);Total;1502
MU;3555208;Turiúba (SP);Total;153
MU;3555307;Turmalina (SP);Total;141
MU;3555356;Ubarana (SP);Total;381
MU;3555406;Ubatuba (SP);Total;6830
MU;3555505;Ubirajara (SP);Total;308
MU;3555604;Uchoa (SP);Total;673
MU;3555703;União Paulista (SP);Total;92
MU;3555802;Urânia (SP);Total;788
MU;3555901;Uru (SP);Total;73
MU;3556008;Urupês (SP);Total;1115
MU;3556107;Valentim Gentil (SP);Total;1095
MU;3556206;Valinhos (SP);Total;5666
MU;3556305;Valparaíso (SP);Total;1779
MU;3556354;Vargem (SP);Total;516
MU;3556404;Vargem Grande do Sul (SP);Total;3248
MU;3556453;Vargem Grande Paulista (SP);Total;2875
MU;3556503;Várzea Paulista (SP);Total;5942
MU;3556602;Vera Cruz (SP);Total;442
MU;3556701;Vinhedo (SP);Total;2986
MU;3556800;Viradouro (SP);Total;1263
MU;3556909;Vista Alegre do Alto (SP);Total;445
MU;3556958;Vitória Brasil (SP);Total;106
MU;3557006;Votorantim (SP);Total;6360
MU;3557105;Votuporanga (SP);Total;6219
MU;3557154;Zacarias (SP);Total;300
MU;3557204;Chavantes (SP);Total;807
MU;3557303;Estiva Gerbi (SP);Total;713
MU;4100103;Abatiá (PR);Total;566
MU;4100202;Adrianópolis (PR);Total;431
MU;4100301;Agudos do Sul (PR);Total;843
MU;4100400;Almirante Tamandaré (PR);Total;6241
MU;4100459;Altamira do Paraná (PR);Total;246
MU;4100509;Altônia (PR);Total;1635
MU;4100608;Alto Paraná (PR);Total;1046
MU;4100707;Alto Piquiri (PR);Total;874
MU;4100806;Alvorada do Sul (PR);Total;893
MU;4100905;Amaporã (PR);Total;142
MU;4101002;Ampére (PR);Total;1087
MU;4101051;Anahy (PR);Total;211
MU;4101101;Andirá (PR);Total;1801
MU;4101150;Ângulo (PR);Total;182
MU;4101200;Antonina (PR);Total;1713
MU;4101309;Antônio Olinto (PR);Total;675
MU;4101408;Apucarana (PR);Total;8079
MU;4101507;Arapongas (PR);Total;8810
MU;4101606;Arapoti (PR);Total;1745
MU;4101655;Arapuã (PR);Total;190
MU;4101705;Araruna (PR);Total;1355
MU;4101804;Araucária (PR);Total;8748
MU;4101853;Ariranha do Ivaí (PR);Total;228
MU;4101903;Assaí (PR);Total;749
MU;4102000;Assis Chateaubriand (PR);Total;2572
MU;4102109;Astorga (PR);Total;1273
MU;4102208;Atalaia (PR);Total;207
MU;4102307;Balsa Nova (PR);Total;696
MU;4102406;Bandeirantes (PR);Total;2339
MU;4102505;Barbosa Ferraz (PR);Total;841
MU;4102604;Barracão (PR);Total;504
MU;4102703;Barra do Jacaré (PR);Total;311
MU;4102752;Bela Vista da Caroba (PR);Total;355
MU;4102802;Bela Vista do Paraíso (PR);Total;804
MU;4102901;Bituruna (PR);Total;1002
MU;4103008;Boa Esperança (PR);Total;394
MU;4103024;Boa Esperança do Iguaçu (PR);Total;170
MU;4103040;Boa Ventura de São Roque (PR);Total;749
MU;4103057;Boa Vista da Aparecida (PR);Total;574
MU;4103107;Bocaiúva do Sul (PR);Total;1127
MU;4103156;Bom Jesus do Sul (PR);Total;410
MU;4103206;Bom Sucesso (PR);Total;526
MU;4103222;Bom Sucesso do Sul (PR);Total;495
MU;4103305;Borrazópolis (PR);Total;701
MU;4103354;Braganey (PR);Total;369
MU;4103370;Brasilândia do Sul (PR);Total;301
MU;4103404;Cafeara (PR);Total;63
MU;4103453;Cafelândia (PR);Total;966
MU;4103479;Cafezal do Sul (PR);Total;565
MU;4103503;Califórnia (PR);Total;578
MU;4103602;Cambará (PR);Total;1349
MU;4103701;Cambé (PR);Total;6776
MU;4103800;Cambira (PR);Total;701
MU;4103909;Campina da Lagoa (PR);Total;1303
MU;4103958;Campina do Simão (PR);Total;280
MU;4104006;Campina Grande do Sul (PR);Total;3414
MU;4104055;Campo Bonito (PR);Total;340
MU;4104105;Campo do Tenente (PR);Total;473
MU;4104204;Campo Largo (PR);Total;7076
MU;4104253;Campo Magro (PR);Total;1379
MU;4104303;Campo Mourão (PR);Total;6392
MU;4104402;Cândido de Abreu (PR);Total;1092
MU;4104428;Candói (PR);Total;908
MU;4104451;Cantagalo (PR);Total;996
MU;4104501;Capanema (PR);Total;1674
MU;4104600;Capitão Leônidas Marques (PR);Total;973
MU;4104659;Carambeí (PR);Total;1528
MU;4104709;Carlópolis (PR);Total;1270
MU;4104808;Cascavel (PR);Total;17821
MU;4104907;Castro (PR);Total;4885
MU;4105003;Catanduvas (PR);Total;523
MU;4105102;Centenário do Sul (PR);Total;1053
MU;4105201;Cerro Azul (PR);Total;1105
MU;4105300;Céu Azul (PR);Total;902
MU;4105409;Chopinzinho (PR);Total;1155
MU;4105508;Cianorte (PR);Total;4646
MU;4105607;Cidade Gaúcha (PR);Total;991
MU;4105706;Clevelândia (PR);Total;1117
MU;4105805;Colombo (PR);Total;14684
MU;4105904;Colorado (PR);Total;1599
MU;4106001;Congonhinhas (PR);Total;641
MU;4106100;Conselheiro Mairinck (PR);Total;328
MU;4106209;Contenda (PR);Total;1157
MU;4106308;Corbélia (PR);Total;1341
MU;4106407;Cornélio Procópio (PR);Total;3449
MU;4106456;Coronel Domingos Soares (PR);Total;443
MU;4106506;Coronel Vivida (PR);Total;1659
MU;4106555;Corumbataí do Sul (PR);Total;268
MU;4106571;Cruzeiro do Iguaçu (PR);Total;350
MU;4106605;Cruzeiro do Oeste (PR);Total;1617
MU;4106704;Cruzeiro do Sul (PR);Total;265
MU;4106803;Cruz Machado (PR);Total;1324
MU;4106852;Cruzmaltina (PR);Total;215
MU;4106902;Curitiba (PR);Total;94181
MU;4107009;Curiúva (PR);Total;820
MU;4107108;Diamante do Norte (PR);Total;358
MU;4107124;Diamante do Sul (PR);Total;339
MU;4107157;Diamante D'Oeste (PR);Total;472
MU;4107207;Dois Vizinhos (PR);Total;2920
MU;4107256;Douradina (PR);Total;522
MU;4107306;Doutor Camargo (PR);Total;321
MU;4107405;Enéas Marques (PR);Total;355
MU;4107504;Engenheiro Beltrão (PR);Total;1101
MU;4107520;Esperança Nova (PR);Total;156
MU;4107538;Entre Rios do Oeste (PR);Total;339
MU;4107546;Espigão Alto do Iguaçu (PR);Total;397
MU;4107553;Farol (PR);Total;230
MU;4107603;Faxinal (PR);Total;1098
MU;4107652;Fazenda Rio Grande (PR);Total;7369
MU;4107702;Fênix (PR);Total;435
MU;4107736;Fernandes Pinheiro (PR);Total;364
MU;4107751;Figueira (PR);Total;754
MU;4107801;Floraí (PR);Total;393
MU;4107850;Flor da Serra do Sul (PR);Total;397
MU;4107900;Floresta (PR);Total;595
MU;4108007;Florestópolis (PR);Total;882
MU;4108106;Flórida (PR);Total;113
MU;4108205;Formosa do Oeste (PR);Total;496
MU;4108304;Foz do Iguaçu (PR);Total;18059
MU;4108320;Francisco Alves (PR);Total;461
MU;4108403;Francisco Beltrão (PR);Total;6051
MU;4108452;Foz do Jordão (PR);Total;397
MU;4108502;General Carneiro (PR);Total;861
MU;4108551;Godoy Moreira (PR);Total;445
MU;4108601;Goioerê (PR);Total;2245
MU;4108650;Goioxim (PR);Total;573
MU;4108700;Grandes Rios (PR);Total;314
MU;4108809;Guaíra (PR);Total;1922
MU;4108908;Guairaçá (PR);Total;390
MU;4108957;Guamiranga (PR);Total;448
MU;4109005;Guapirama (PR);Total;289
MU;4109104;Guaporema (PR);Total;259
MU;4109203;Guaraci (PR);Total;381
MU;4109302;Guaraniaçu (PR);Total;1094
MU;4109401;Guarapuava (PR);Total;11511
MU;4109500;Guaraqueçaba (PR);Total;851
MU;4109609;Guaratuba (PR);Total;2831
MU;4109658;Honório Serpa (PR);Total;376
MU;4109708;Ibaiti (PR);Total;2312
MU;4109757;Ibema (PR);Total;448
MU;4109807;Ibiporã (PR);Total;3632
MU;4109906;Icaraíma (PR);Total;687
MU;4110003;Iguaraçu (PR);Total;315
MU;4110052;Iguatu (PR);Total;245
MU;4110078;Imbaú (PR);Total;1036
MU;4110102;Imbituva (PR);Total;1251
MU;4110201;Inácio Martins (PR);Total;768
MU;4110300;Inajá (PR);Total;191
MU;4110409;Indianópolis (PR);Total;230
MU;4110508;Ipiranga (PR);Total;1009
MU;4110607;Iporã (PR);Total;932
MU;4110656;Iracema do Oeste (PR);Total;136
MU;4110706;Irati (PR);Total;3613
MU;4110805;Iretama (PR);Total;565
MU;4110904;Itaguajé (PR);Total;454
MU;4110953;Itaipulândia (PR);Total;715
MU;4111001;Itambaracá (PR);Total;569
MU;4111100;Itambé (PR);Total;897
MU;4111209;Itapejara d'Oeste (PR);Total;1015
MU;4111258;Itaperuçu (PR);Total;1583
MU;4111308;Itaúna do Sul (PR);Total;282
MU;4111407;Ivaí (PR);Total;603
MU;4111506;Ivaiporã (PR);Total;2935
MU;4111555;Ivaté (PR);Total;520
MU;4111605;Ivatuba (PR);Total;202
MU;4111704;Jaboti (PR);Total;455
MU;4111803;Jacarezinho (PR);Total;2952
MU;4111902;Jaguapitã (PR);Total;1011
MU;4112009;Jaguariaíva (PR);Total;2471
MU;4112108;Jandaia do Sul (PR);Total;1216
MU;4112207;Janiópolis (PR);Total;595
MU;4112306;Japira (PR);Total;312
MU;4112405;Japurá (PR);Total;456
MU;4112504;Jardim Alegre (PR);Total;1125
MU;4112603;Jardim Olinda (PR);Total;88
MU;4112702;Jataizinho (PR);Total;718
MU;4112751;Jesuítas (PR);Total;690
MU;4112801;Joaquim Távora (PR);Total;714
MU;4112900;Jundiaí do Sul (PR);Total;248
MU;4112959;Juranda (PR);Total;457
MU;4113007;Jussara (PR);Total;607
MU;4113106;Kaloré (PR);Total;318
MU;4113205;Lapa (PR);Total;2982
MU;4113254;Laranjal (PR);Total;206
MU;4113304;Laranjeiras do Sul (PR);Total;2423
MU;4113403;Leópolis (PR);Total;190
MU;4113429;Lidianópolis (PR);Total;294
MU;4113452;Lindoeste (PR);Total;354
MU;4113502;Loanda (PR);Total;1821
MU;4113601;Lobato (PR);Total;422
MU;4113700;Londrina (PR);Total;37135
MU;4113734;Luiziana (PR);Total;570
MU;4113759;Lunardelli (PR);Total;382
MU;4113809;Lupionópolis (PR);Total;307
MU;4113908;Mallet (PR);Total;591
MU;4114005;Mamborê (PR);Total;1019
MU;4114104;Mandaguaçu (PR);Total;1758
MU;4114203;Mandaguari (PR);Total;2529
MU;4114302;Mandirituba (PR);Total;1906
MU;4114351;Manfrinópolis (PR);Total;117
MU;4114401;Mangueirinha (PR);Total;1079
MU;4114500;Manoel Ribas (PR);Total;870
MU;4114609;Marechal Cândido Rondon (PR);Total;3079
MU;4114708;Maria Helena (PR);Total;584
MU;4114807;Marialva (PR);Total;2255
MU;4114906;Marilândia do Sul (PR);Total;618
MU;4115002;Marilena (PR);Total;509
MU;4115101;Mariluz (PR);Total;711
MU;4115200;Maringá (PR);Total;20409
MU;4115309;Mariópolis (PR);Total;540
MU;4115358;Maripá (PR);Total;300
MU;4115408;Marmeleiro (PR);Total;1160
MU;4115457;Marquinho (PR);Total;329
MU;4115507;Marumbi (PR);Total;269
MU;4115606;Matelândia (PR);Total;1041
MU;4115705;Matinhos (PR);Total;3491
MU;4115739;Mato Rico (PR);Total;242
MU;4115754;Mauá da Serra (PR);Total;595
MU;4115804;Medianeira (PR);Total;3095
MU;4115853;Mercedes (PR);Total;389
MU;4115903;Mirador (PR);Total;259
MU;4116000;Miraselva (PR);Total;33
MU;4116059;Missal (PR);Total;606
MU;4116109;Moreira Sales (PR);Total;942
MU;4116208;Morretes (PR);Total;1087
MU;4116307;Munhoz de Melo (PR);Total;242
MU;4116406;Nossa Senhora das Graças (PR);Total;371
MU;4116505;Nova Aliança do Ivaí (PR);Total;134
MU;4116604;Nova América da Colina (PR);Total;162
MU;4116703;Nova Aurora (PR);Total;800
MU;4116802;Nova Cantu (PR);Total;787
MU;4116901;Nova Esperança (PR);Total;1906
MU;4116950;Nova Esperança do Sudoeste (PR);Total;303
MU;4117008;Nova Fátima (PR);Total;591
MU;4117057;Nova Laranjeiras (PR);Total;902
MU;4117107;Nova Londrina (PR);Total;834
MU;4117206;Nova Olímpia (PR);Total;688
MU;4117214;Nova Santa Bárbara (PR);Total;150
MU;4117222;Nova Santa Rosa (PR);Total;437
MU;4117255;Nova Prata do Iguaçu (PR);Total;769
MU;4117271;Nova Tebas (PR);Total;774
MU;4117297;Novo Itacolomi (PR);Total;227
MU;4117305;Ortigueira (PR);Total;1940
MU;4117404;Ourizona (PR);Total;237
MU;4117453;Ouro Verde do Oeste (PR);Total;550
MU;4117503;Paiçandu (PR);Total;2604
MU;4117602;Palmas (PR);Total;2515
MU;4117701;Palmeira (PR);Total;2147
MU;4117800;Palmital (PR);Total;1020
MU;4117909;Palotina (PR);Total;2527
MU;4118006;Paraíso do Norte (PR);Total;1030
MU;4118105;Paranacity (PR);Total;598
MU;4118204;Paranaguá (PR);Total;8258
MU;4118303;Paranapoema (PR);Total;166
MU;4118402;Paranavaí (PR);Total;6294
MU;4118451;Pato Bragado (PR);Total;343
MU;4118501;Pato Branco (PR);Total;4664
MU;4118600;Paula Freitas (PR);Total;338
MU;4118709;Paulo Frontin (PR);Total;337
MU;4118808;Peabiru (PR);Total;1057
MU;4118857;Perobal (PR);Total;426
MU;4118907;Pérola (PR);Total;947
MU;4119004;Pérola d'Oeste (PR);Total;568
MU;4119103;Piên (PR);Total;771
MU;4119152;Pinhais (PR);Total;7595
MU;4119202;Pinhalão (PR);Total;385
MU;4119251;Pinhal de São Bento (PR);Total;309
MU;4119301;Pinhão (PR);Total;1934
MU;4119400;Piraí do Sul (PR);Total;1630
MU;4119509;Piraquara (PR);Total;8051
MU;4119608;Pitanga (PR);Total;2171
MU;4119657;Pitangueiras (PR);Total;162
MU;4119707;Planaltina do Paraná (PR);Total;282
MU;4119806;Planalto (PR);Total;1311
MU;4119905;Ponta Grossa (PR);Total;20642
MU;4119954;Pontal do Paraná (PR);Total;2255
MU;4120002;Porecatu (PR);Total;1086
MU;4120101;Porto Amazonas (PR);Total;191
MU;4120150;Porto Barreiro (PR);Total;257
MU;4120200;Porto Rico (PR);Total;163
MU;4120309;Porto Vitória (PR);Total;100
MU;4120333;Prado Ferreira (PR);Total;269
MU;4120358;Pranchita (PR);Total;488
MU;4120408;Presidente Castelo Branco (PR);Total;242
MU;4120507;Primeiro de Maio (PR);Total;1015
MU;4120606;Prudentópolis (PR);Total;3154
MU;4120655;Quarto Centenário (PR);Total;299
MU;4120705;Quatiguá (PR);Total;669
MU;4120804;Quatro Barras (PR);Total;1371
MU;4120853;Quatro Pontes (PR);Total;288
MU;4120903;Quedas do Iguaçu (PR);Total;2735
MU;4121000;Querência do Norte (PR);Total;1094
MU;4121109;Quinta do Sol (PR);Total;432
MU;4121208;Quitandinha (PR);Total;1181
MU;4121257;Ramilândia (PR);Total;396
MU;4121307;Rancho Alegre (PR);Total;288
MU;4121356;Rancho Alegre D'Oeste (PR);Total;39
MU;4121406;Realeza (PR);Total;1375
MU;4121505;Rebouças (PR);Total;953
MU;4121604;Renascença (PR);Total;479
MU;4121703;Reserva (PR);Total;1607
MU;4121752;Reserva do Iguaçu (PR);Total;531
MU;4121802;Ribeirão Claro (PR);Total;548
MU;4121901;Ribeirão do Pinhal (PR);Total;1207
MU;4122008;Rio Azul (PR);Total;652
MU;4122107;Rio Bom (PR);Total;310
MU;4122156;Rio Bonito do Iguaçu (PR);Total;980
MU;4122172;Rio Branco do Ivaí (PR);Total;257
MU;4122206;Rio Branco do Sul (PR);Total;2099
MU;4122305;Rio Negro (PR);Total;2022
MU;4122404;Rolândia (PR);Total;5191
MU;4122503;Roncador (PR);Total;796
MU;4122602;Rondon (PR);Total;519
MU;4122651;Rosário do Ivaí (PR);Total;437
MU;4122701;Sabáudia (PR);Total;548
MU;4122800;Salgado Filho (PR);Total;219
MU;4122909;Salto do Itararé (PR);Total;360
MU;4123006;Salto do Lontra (PR);Total;985
MU;4123105;Santa Amélia (PR);Total;499
MU;4123204;Santa Cecília do Pavão (PR);Total;220
MU;4123303;Santa Cruz de Monte Castelo (PR);Total;723
MU;4123402;Santa Fé (PR);Total;724
MU;4123501;Santa Helena (PR);Total;1347
MU;4123600;Santa Inês (PR);Total;210
MU;4123709;Santa Isabel do Ivaí (PR);Total;585
MU;4123808;Santa Izabel do Oeste (PR);Total;872
MU;4123824;Santa Lúcia (PR);Total;178
MU;4123857;Santa Maria do Oeste (PR);Total;596
MU;4123907;Santa Mariana (PR);Total;981
MU;4123956;Santa Mônica (PR);Total;310
MU;4124004;Santana do Itararé (PR);Total;572
MU;4124020;Santa Tereza do Oeste (PR);Total;909
MU;4124053;Santa Terezinha de Itaipu (PR);Total;1907
MU;4124103;Santo Antônio da Platina (PR);Total;3092
MU;4124202;Santo Antônio do Caiuá (PR);Total;258
MU;4124301;Santo Antônio do Paraíso (PR);Total;156
MU;4124400;Santo Antônio do Sudoeste (PR);Total;1834
MU;4124509;Santo Inácio (PR);Total;398
MU;4124608;São Carlos do Ivaí (PR);Total;672
MU;4124707;São Jerônimo da Serra (PR);Total;1384
MU;4124806;São João (PR);Total;590
MU;4124905;São João do Caiuá (PR);Total;447
MU;4125001;São João do Ivaí (PR);Total;939
MU;4125100;São João do Triunfo (PR);Total;909
MU;4125209;São Jorge d'Oeste (PR);Total;887
MU;4125308;São Jorge do Ivaí (PR);Total;441
MU;4125357;São Jorge do Patrocínio (PR);Total;359
MU;4125407;São José da Boa Vista (PR);Total;547
MU;4125456;São José das Palmeiras (PR);Total;475
MU;4125506;São José dos Pinhais (PR);Total;16649
MU;4125555;São Manoel do Paraná (PR);Total;229
MU;4125605;São Mateus do Sul (PR);Total;2368
MU;4125704;São Miguel do Iguaçu (PR);Total;1776
MU;4125753;São Pedro do Iguaçu (PR);Total;436
MU;4125803;São Pedro do Ivaí (PR);Total;842
MU;4125902;São Pedro do Paraná (PR);Total;147
MU;4126009;São Sebastião da Amoreira (PR);Total;493
MU;4126108;São Tomé (PR);Total;369
MU;4126207;Sapopema (PR);Total;423
MU;4126256;Sarandi (PR);Total;7085
MU;4126272;Saudade do Iguaçu (PR);Total;561
MU;4126306;Sengés (PR);Total;1101
MU;4126355;Serranópolis do Iguaçu (PR);Total;437
MU;4126405;Sertaneja (PR);Total;628
MU;4126504;Sertanópolis (PR);Total;1107
MU;4126603;Siqueira Campos (PR);Total;1708
MU;4126652;Sulina (PR);Total;247
MU;4126678;Tamarana (PR);Total;889
MU;4126702;Tamboara (PR);Total;313
MU;4126801;Tapejara (PR);Total;878
MU;4126900;Tapira (PR);Total;513
MU;4127007;Teixeira Soares (PR);Total;787
MU;4127106;Telêmaco Borba (PR);Total;4179
MU;4127205;Terra Boa (PR);Total;905
MU;4127304;Terra Rica (PR);Total;1370
MU;4127403;Terra Roxa (PR);Total;1590
MU;4127502;Tibagi (PR);Total;1500
MU;4127601;Tijucas do Sul (PR);Total;1279
MU;4127700;Toledo (PR);Total;10139
MU;4127809;Tomazina (PR);Total;595
MU;4127858;Três Barras do Paraná (PR);Total;920
MU;4127882;Tunas do Paraná (PR);Total;457
MU;4127908;Tuneiras do Oeste (PR);Total;574
MU;4127957;Tupãssi (PR);Total;573
MU;4127965;Turvo (PR);Total;964
MU;4128005;Ubiratã (PR);Total;1074
MU;4128104;Umuarama (PR);Total;7444
MU;4128203;União da Vitória (PR);Total;3108
MU;4128302;Uniflor (PR);Total;92
MU;4128401;Uraí (PR);Total;901
MU;4128500;Wenceslau Braz (PR);Total;1467
MU;4128534;Ventania (PR);Total;546
MU;4128559;Vera Cruz do Oeste (PR);Total;377
MU;4128609;Verê (PR);Total;310
MU;4128625;Alto Paraíso (PR);Total;180
MU;4128633;Doutor Ulysses (PR);Total;206
MU;4128658;Virmond (PR);Total;237
MU;4128708;Vitorino (PR);Total;640
MU;4128807;Xambrê (PR);Total;456
MU;4200051;Abdon Batista (SC);Total;186
MU;4200101;Abelardo Luz (SC);Total;1160
MU;4200200;Agrolândia (SC);Total;469
MU;4200309;Agronômica (SC);Total;427
MU;4200408;Água Doce (SC);Total;369
MU;4200507;Águas de Chapecó (SC);Total;311
MU;4200556;Águas Frias (SC);Total;104
MU;4200606;Águas Mornas (SC);Total;517
MU;4200705;Alfredo Wagner (SC);Total;1171
MU;4200754;Alto Bela Vista (SC);Total;126
MU;4200804;Anchieta (SC);Total;444
MU;4200903;Angelina (SC);Total;391
MU;4201000;Anita Garibaldi (SC);Total;634
MU;4201109;Anitápolis (SC);Total;411
MU;4201208;Antônio Carlos (SC);Total;854
MU;4201257;Apiúna (SC);Total;415
MU;4201273;Arabutã (SC);Total;445
MU;4201307;Araquari (SC);Total;2326
MU;4201406;Araranguá (SC);Total;4949
MU;4201505;Armazém (SC);Total;498
MU;4201604;Arroio Trinta (SC);Total;245
MU;4201653;Arvoredo (SC);Total;117
MU;4201703;Ascurra (SC);Total;452
MU;4201802;Atalanta (SC);Total;202
MU;4201901;Aurora (SC);Total;575
MU;4201950;Balneário Arroio do Silva (SC);Total;1528
MU;4202008;Balneário Camboriú (SC);Total;7022
MU;4202057;Balneário Barra do Sul (SC);Total;1323
MU;4202073;Balneário Gaivota (SC);Total;1243
MU;4202081;Bandeirante (SC);Total;223
MU;4202099;Barra Bonita (SC);Total;116
MU;4202107;Barra Velha (SC);Total;2970
MU;4202131;Bela Vista do Toldo (SC);Total;271
MU;4202156;Belmonte (SC);Total;212
MU;4202206;Benedito Novo (SC);Total;629
MU;4202305;Biguaçu (SC);Total;5652
MU;4202404;Blumenau (SC);Total;18258
MU;4202438;Bocaina do Sul (SC);Total;365
MU;4202453;Bombinhas (SC);Total;1238
MU;4202503;Bom Jardim da Serra (SC);Total;163
MU;4202537;Bom Jesus (SC);Total;207
MU;4202578;Bom Jesus do Oeste (SC);Total;106
MU;4202602;Bom Retiro (SC);Total;587
MU;4202701;Botuverá (SC);Total;364
MU;4202800;Braço do Norte (SC);Total;2317
MU;4202859;Braço do Trombudo (SC);Total;255
MU;4202875;Brunópolis (SC);Total;114
MU;4202909;Brusque (SC);Total;5310
MU;4203006;Caçador (SC);Total;4430
MU;4203105;Caibi (SC);Total;322
MU;4203154;Calmon (SC);Total;212
MU;4203204;Camboriú (SC);Total;4579
MU;4203253;Capão Alto (SC);Total;274
MU;4203303;Campo Alegre (SC);Total;756
MU;4203402;Campo Belo do Sul (SC);Total;605
MU;4203501;Campo Erê (SC);Total;557
MU;4203600;Campos Novos (SC);Total;2533
MU;4203709;Canelinha (SC);Total;487
MU;4203808;Canoinhas (SC);Total;4176
MU;4203907;Capinzal (SC);Total;1456
MU;4203956;Capivari de Baixo (SC);Total;1664
MU;4204004;Catanduvas (SC);Total;530
MU;4204103;Caxambu do Sul (SC);Total;165
MU;4204152;Celso Ramos (SC);Total;160
MU;4204178;Cerro Negro (SC);Total;322
MU;4204194;Chapadão do Lageado (SC);Total;113
MU;4204202;Chapecó (SC);Total;13268
MU;4204251;Cocal do Sul (SC);Total;967
MU;4204301;Concórdia (SC);Total;5617
MU;4204350;Cordilheira Alta (SC);Total;285
MU;4204400;Coronel Freitas (SC);Total;316
MU;4204459;Coronel Martins (SC);Total;75
MU;4204509;Corupá (SC);Total;645
MU;4204558;Correia Pinto (SC);Total;1100
MU;4204608;Criciúma (SC);Total;14670
MU;4204707;Cunha Porã (SC);Total;717
MU;4204756;Cunhataí (SC);Total;49
MU;4204806;Curitibanos (SC);Total;3098
MU;4204905;Descanso (SC);Total;480
MU;4205001;Dionísio Cerqueira (SC);Total;1081
MU;4205100;Dona Emma (SC);Total;286
MU;4205159;Doutor Pedrinho (SC);Total;292
MU;4205175;Entre Rios (SC);Total;191
MU;4205191;Ermo (SC);Total;194
MU;4205209;Erval Velho (SC);Total;114
MU;4205308;Faxinal dos Guedes (SC);Total;831
MU;4205357;Flor do Sertão (SC);Total;198
MU;4205407;Florianópolis (SC);Total;29301
MU;4205431;Formosa do Sul (SC);Total;164
MU;4205456;Forquilhinha (SC);Total;2032
MU;4205506;Fraiburgo (SC);Total;2179
MU;4205555;Frei Rogério (SC);Total;179
MU;4205605;Galvão (SC);Total;168
MU;4205704;Garopaba (SC);Total;1612
MU;4205803;Garuva (SC);Total;1782
MU;4205902;Gaspar (SC);Total;4394
MU;4206009;Governador Celso Ramos (SC);Total;916
MU;4206108;Grão-Pará (SC);Total;470
MU;4206207;Gravatal (SC);Total;856
MU;4206306;Guabiruba (SC);Total;897
MU;4206405;Guaraciaba (SC);Total;433
MU;4206504;Guaramirim (SC);Total;2273
MU;4206603;Guarujá do Sul (SC);Total;470
MU;4206652;Guatambú (SC);Total;427
MU;4206702;Herval d'Oeste (SC);Total;1248
MU;4206751;Ibiam (SC);Total;89
MU;4206801;Ibicaré (SC);Total;349
MU;4206900;Ibirama (SC);Total;1095
MU;4207007;Içara (SC);Total;4274
MU;4207106;Ilhota (SC);Total;916
MU;4207205;Imaruí (SC);Total;1191
MU;4207304;Imbituba (SC);Total;3392
MU;4207403;Imbuia (SC);Total;510
MU;4207502;Indaial (SC);Total;4040
MU;4207577;Iomerê (SC);Total;128
MU;4207601;Ipira (SC);Total;284
MU;4207650;Iporã do Oeste (SC);Total;655
MU;4207684;Ipuaçu (SC);Total;436
MU;4207700;Ipumirim (SC);Total;411
MU;4207759;Iraceminha (SC);Total;293
MU;4207809;Irani (SC);Total;577
MU;4207858;Irati (SC);Total;86
MU;4207908;Irineópolis (SC);Total;543
MU;4208005;Itá (SC);Total;505
MU;4208104;Itaiópolis (SC);Total;1263
MU;4208203;Itajaí (SC);Total;13200
MU;4208302;Itapema (SC);Total;3791
MU;4208401;Itapiranga (SC);Total;653
MU;4208450;Itapoá (SC);Total;1929
MU;4208500;Ituporanga (SC);Total;1518
MU;4208609;Jaborá (SC);Total;480
MU;4208708;Jacinto Machado (SC);Total;815
MU;4208807;Jaguaruna (SC);Total;2046
MU;4208906;Jaraguá do Sul (SC);Total;8069
MU;4208955;Jardinópolis (SC);Total;115
MU;4209003;Joaçaba (SC);Total;1665
MU;4209102;Joinville (SC);Total;34016
MU;4209151;José Boiteux (SC);Total;363
MU;4209177;Jupiá (SC);Total;170
MU;4209201;Lacerdópolis (SC);Total;112
MU;4209300;Lages (SC);Total;13826
MU;4209409;Laguna (SC);Total;3502
MU;4209458;Lajeado Grande (SC);Total;52
MU;4209508;Laurentino (SC);Total;397
MU;4209607;Lauro Müller (SC);Total;1344
MU;4209706;Lebon Régis (SC);Total;793
MU;4209805;Leoberto Leal (SC);Total;290
MU;4209854;Lindóia do Sul (SC);Total;224
MU;4209904;Lontras (SC);Total;542
MU;4210001;Luiz Alves (SC);Total;592
MU;4210035;Luzerna (SC);Total;350
MU;4210050;Macieira (SC);Total;124
MU;4210100;Mafra (SC);Total;3396
MU;4210209;Major Gercino (SC);Total;289
MU;4210308;Major Vieira (SC);Total;567
MU;4210407;Maracajá (SC);Total;551
MU;4210506;Maravilha (SC);Total;1451
MU;4210555;Marema (SC);Total;136
MU;4210605;Massaranduba (SC);Total;724
MU;4210704;Matos Costa (SC);Total;239
MU;4210803;Meleiro (SC);Total;524
MU;4210852;Mirim Doce (SC);Total;154
MU;4210902;Modelo (SC);Total;208
MU;4211009;Mondaí (SC);Total;545
MU;4211058;Monte Carlo (SC);Total;716
MU;4211108;Monte Castelo (SC);Total;509
MU;4211207;Morro da Fumaça (SC);Total;959
MU;4211256;Morro Grande (SC);Total;191
MU;4211306;Navegantes (SC);Total;4770
MU;4211405;Nova Erechim (SC);Total;249
MU;4211454;Nova Itaberaba (SC);Total;286
MU;4211504;Nova Trento (SC);Total;788
MU;4211603;Nova Veneza (SC);Total;444
MU;4211652;Novo Horizonte (SC);Total;245
MU;4211702;Orleans (SC);Total;1471
MU;4211751;Otacílio Costa (SC);Total;1139
MU;4211801;Ouro (SC);Total;504
MU;4211850;Ouro Verde (SC);Total;73
MU;4211876;Paial (SC);Total;151
MU;4211892;Painel (SC);Total;176
MU;4211900;Palhoça (SC);Total;13988
MU;4212007;Palma Sola (SC);Total;569
MU;4212056;Palmeira (SC);Total;201
MU;4212106;Palmitos (SC);Total;780
MU;4212205;Papanduva (SC);Total;1070
MU;4212239;Paraíso (SC);Total;154
MU;4212254;Passo de Torres (SC);Total;1165
MU;4212270;Passos Maia (SC);Total;277
MU;4212304;Paulo Lopes (SC);Total;563
MU;4212403;Pedras Grandes (SC);Total;187
MU;4212502;Penha (SC);Total;2588
MU;4212601;Peritiba (SC);Total;194
MU;4212650;Pescaria Brava (SC);Total;872
MU;4212700;Petrolândia (SC);Total;458
MU;4212809;Balneário Piçarras (SC);Total;1904
MU;4212908;Pinhalzinho (SC);Total;888
MU;4213005;Pinheiro Preto (SC);Total;100
MU;4213104;Piratuba (SC);Total;496
MU;4213153;Planalto Alegre (SC);Total;174
MU;4213203;Pomerode (SC);Total;1662
MU;4213302;Ponte Alta (SC);Total;379
MU;4213351;Ponte Alta do Norte (SC);Total;347
MU;4213401;Ponte Serrada (SC);Total;656
MU;4213500;Porto Belo (SC);Total;1967
MU;4213609;Porto União (SC);Total;1767
MU;4213708;Pouso Redondo (SC);Total;1088
MU;4213807;Praia Grande (SC);Total;688
MU;4213906;Presidente Castello Branco (SC);Total;108
MU;4214003;Presidente Getúlio (SC);Total;896
MU;4214102;Presidente Nereu (SC);Total;177
MU;4214151;Princesa (SC);Total;159
MU;4214201;Quilombo (SC);Total;632
MU;4214300;Rancho Queimado (SC);Total;238
MU;4214409;Rio das Antas (SC);Total;371
MU;4214508;Rio do Campo (SC);Total;392
MU;4214607;Rio do Oeste (SC);Total;373
MU;4214706;Rio dos Cedros (SC);Total;536
MU;4214805;Rio do Sul (SC);Total;3421
MU;4214904;Rio Fortuna (SC);Total;188
MU;4215000;Rio Negrinho (SC);Total;2879
MU;4215059;Rio Rufino (SC);Total;274
MU;4215075;Riqueza (SC);Total;471
MU;4215109;Rodeio (SC);Total;609
MU;4215208;Romelândia (SC);Total;399
MU;4215307;Salete (SC);Total;510
MU;4215356;Saltinho (SC);Total;278
MU;4215406;Salto Veloso (SC);Total;370
MU;4215455;Sangão (SC);Total;934
MU;4215505;Santa Cecília (SC);Total;862
MU;4215554;Santa Helena (SC);Total;177
MU;4215604;Santa Rosa de Lima (SC);Total;91
MU;4215653;Santa Rosa do Sul (SC);Total;561
MU;4215679;Santa Terezinha (SC);Total;356
MU;4215687;Santa Terezinha do Progresso (SC);Total;244
MU;4215695;Santiago do Sul (SC);Total;44
MU;4215703;Santo Amaro da Imperatriz (SC);Total;1571
MU;4215752;São Bernardino (SC);Total;229
MU;4215802;São Bento do Sul (SC);Total;3795
MU;4215901;São Bonifácio (SC);Total;204
MU;4216008;São Carlos (SC);Total;702
MU;4216057;São Cristóvão do Sul (SC);Total;709
MU;4216107;São Domingos (SC);Total;808
MU;4216206;São Francisco do Sul (SC);Total;3688
MU;4216255;São João do Oeste (SC);Total;422
MU;4216305;São João Batista (SC);Total;1904
MU;4216354;São João do Itaperiú (SC);Total;244
MU;4216404;São João do Sul (SC);Total;569
MU;4216503;São Joaquim (SC);Total;2147
MU;4216602;São José (SC);Total;14284
MU;4216701;São José do Cedro (SC);Total;996
MU;4216800;São José do Cerrito (SC);Total;429
MU;4216909;São Lourenço do Oeste (SC);Total;1976
MU;4217006;São Ludgero (SC);Total;792
MU;4217105;São Martinho (SC);Total;182
MU;4217154;São Miguel da Boa Vista (SC);Total;148
MU;4217204;São Miguel do Oeste (SC);Total;2202
MU;4217253;São Pedro de Alcântara (SC);Total;502
MU;4217303;Saudades (SC);Total;500
MU;4217402;Schroeder (SC);Total;1168
MU;4217501;Seara (SC);Total;1223
MU;4217550;Serra Alta (SC);Total;153
MU;4217600;Siderópolis (SC);Total;647
MU;4217709;Sombrio (SC);Total;1980
MU;4217758;Sul Brasil (SC);Total;177
MU;4217808;Taió (SC);Total;1169
MU;4217907;Tangará (SC);Total;225
MU;4217956;Tigrinhos (SC);Total;27
MU;4218004;Tijucas (SC);Total;2093
MU;4218103;Timbé do Sul (SC);Total;495
MU;4218202;Timbó (SC);Total;2614
MU;4218251;Timbó Grande (SC);Total;809
MU;4218301;Três Barras (SC);Total;823
MU;4218350;Treviso (SC);Total;196
MU;4218400;Treze de Maio (SC);Total;282
MU;4218509;Treze Tílias (SC);Total;415
MU;4218608;Trombudo Central (SC);Total;536
MU;4218707;Tubarão (SC);Total;6784
MU;4218756;Tunápolis (SC);Total;415
MU;4218806;Turvo (SC);Total;1061
MU;4218855;União do Oeste (SC);Total;122
MU;4218905;Urubici (SC);Total;801
MU;4218954;Urupema (SC);Total;179
MU;4219002;Urussanga (SC);Total;1411
MU;4219101;Vargeão (SC);Total;269
MU;4219150;Vargem (SC);Total;155
MU;4219176;Vargem Bonita (SC);Total;352
MU;4219200;Vidal Ramos (SC);Total;233
MU;4219309;Videira (SC);Total;3170
MU;4219358;Vitor Meireles (SC);Total;347
MU;4219408;Witmarsum (SC);Total;269
MU;4219507;Xanxerê (SC);Total;2374
MU;4219606;Xavantina (SC);Total;385
MU;4219705;Xaxim (SC);Total;2516
MU;4219853;Zortéa (SC);Total;330
MU;4220000;Balneário Rincão (SC);Total;1547
MU;4300034;Aceguá (RS);Total;186
MU;4300059;Água Santa (RS);Total;77
MU;4300109;Agudo (RS);Total;1084
MU;4300208;Ajuricaba (RS);Total;414
MU;4300307;Alecrim (RS);Total;766
MU;4300406;Alegrete (RS);Total;5046
MU;4300455;Alegria (RS);Total;254
MU;4300471;Almirante Tamandaré do Sul (RS);Total;138
MU;4300505;Alpestre (RS);Total;765
MU;4300554;Alto Alegre (RS);Total;148
MU;4300570;Alto Feliz (RS);Total;131
MU;4300604;Alvorada (RS);Total;18372
MU;4300638;Amaral Ferrador (RS);Total;358
MU;4300646;Ametista do Sul (RS);Total;453
MU;4300661;André da Rocha (RS);Total;87
MU;4300703;Anta Gorda (RS);Total;185
MU;4300802;Antônio Prado (RS);Total;808
MU;4300851;Arambaré (RS);Total;297
MU;4300877;Araricá (RS);Total;472
MU;4300901;Aratiba (RS);Total;403
MU;4301008;Arroio do Meio (RS);Total;1207
MU;4301057;Arroio do Sal (RS);Total;799
MU;4301073;Arroio do Padre (RS);Total;117
MU;4301107;Arroio dos Ratos (RS);Total;748
MU;4301206;Arroio do Tigre (RS);Total;765
MU;4301305;Arroio Grande (RS);Total;1534
MU;4301404;Arvorezinha (RS);Total;650
MU;4301503;Augusto Pestana (RS);Total;292
MU;4301552;Áurea (RS);Total;250
MU;4301602;Bagé (RS);Total;8333
MU;4301636;Balneário Pinhal (RS);Total;2284
MU;4301651;Barão (RS);Total;388
MU;4301701;Barão de Cotegipe (RS);Total;301
MU;4301750;Barão do Triunfo (RS);Total;649
MU;4301800;Barracão (RS);Total;579
MU;4301859;Barra do Guarita (RS);Total;168
MU;4301875;Barra do Quaraí (RS);Total;296
MU;4301909;Barra do Ribeiro (RS);Total;1022
MU;4301925;Barra do Rio Azul (RS);Total;153
MU;4301958;Barra Funda (RS);Total;176
MU;4302006;Barros Cassal (RS);Total;926
MU;4302055;Benjamin Constant do Sul (RS);Total;167
MU;4302105;Bento Gonçalves (RS);Total;6231
MU;4302154;Boa Vista das Missões (RS);Total;176
MU;4302204;Boa Vista do Buricá (RS);Total;282
MU;4302220;Boa Vista do Cadeado (RS);Total;116
MU;4302238;Boa Vista do Incra (RS);Total;107
MU;4302253;Boa Vista do Sul (RS);Total;152
MU;4302303;Bom Jesus (RS);Total;730
MU;4302352;Bom Princípio (RS);Total;802
MU;4302378;Bom Progresso (RS);Total;231
MU;4302402;Bom Retiro do Sul (RS);Total;973
MU;4302451;Boqueirão do Leão (RS);Total;521
MU;4302501;Bossoroca (RS);Total;490
MU;4302584;Bozano (RS);Total;165
MU;4302600;Braga (RS);Total;366
MU;4302659;Brochier (RS);Total;418
MU;4302709;Butiá (RS);Total;2005
MU;4302808;Caçapava do Sul (RS);Total;2847
MU;4302907;Cacequi (RS);Total;813
MU;4303004;Cachoeira do Sul (RS);Total;6505
MU;4303103;Cachoeirinha (RS);Total;8356
MU;4303202;Cacique Doble (RS);Total;349
MU;4303301;Caibaté (RS);Total;345
MU;4303400;Caiçara (RS);Total;334
MU;4303509;Camaquã (RS);Total;5783
MU;4303558;Camargo (RS);Total;187
MU;4303608;Cambará do Sul (RS);Total;449
MU;4303673;Campestre da Serra (RS);Total;241
MU;4303707;Campina das Missões (RS);Total;454
MU;4303806;Campinas do Sul (RS);Total;473
MU;4303905;Campo Bom (RS);Total;3584
MU;4304002;Campo Novo (RS);Total;312
MU;4304101;Campos Borges (RS);Total;368
MU;4304200;Candelária (RS);Total;2280
MU;4304309;Cândido Godói (RS);Total;474
MU;4304358;Candiota (RS);Total;611
MU;4304408;Canela (RS);Total;1927
MU;4304507;Canguçu (RS);Total;3884
MU;4304606;Canoas (RS);Total;21723
MU;4304614;Canudos do Vale (RS);Total;109
MU;4304622;Capão Bonito do Sul (RS);Total;65
MU;4304630;Capão da Canoa (RS);Total;5058
MU;4304655;Capão do Cipó (RS);Total;143
MU;4304663;Capão do Leão (RS);Total;2572
MU;4304671;Capivari do Sul (RS);Total;153
MU;4304689;Capela de Santana (RS);Total;646
MU;4304697;Capitão (RS);Total;261
MU;4304705;Carazinho (RS);Total;3544
MU;4304713;Caraá (RS);Total;673
MU;4304804;Carlos Barbosa (RS);Total;1401
MU;4304853;Carlos Gomes (RS);Total;95
MU;4304903;Casca (RS);Total;454
MU;4304952;Caseiros (RS);Total;221
MU;4305009;Catuípe (RS);Total;758
MU;4305108;Caxias do Sul (RS);Total;30803
MU;4305116;Centenário (RS);Total;86
MU;4305124;Cerrito (RS);Total;568
MU;4305132;Cerro Branco (RS);Total;326
MU;4305157;Cerro Grande (RS);Total;160
MU;4305173;Cerro Grande do Sul (RS);Total;881
MU;4305207;Cerro Largo (RS);Total;723
MU;4305306;Chapada (RS);Total;682
MU;4305355;Charqueadas (RS);Total;2649
MU;4305371;Charrua (RS);Total;162
MU;4305405;Chiapetta (RS);Total;250
MU;4305439;Chuí (RS);Total;523
MU;4305447;Chuvisca (RS);Total;294
MU;4305454;Cidreira (RS);Total;1936
MU;4305504;Ciríaco (RS);Total;334
MU;4305587;Colinas (RS);Total;189
MU;4305603;Colorado (RS);Total;243
MU;4305702;Condor (RS);Total;427
MU;4305801;Constantina (RS);Total;646
MU;4305835;Coqueiro Baixo (RS);Total;89
MU;4305850;Coqueiros do Sul (RS);Total;237
MU;4305871;Coronel Barros (RS);Total;170
MU;4305900;Coronel Bicaco (RS);Total;570
MU;4305934;Coronel Pilar (RS);Total;92
MU;4305959;Cotiporã (RS);Total;447
MU;4305975;Coxilha (RS);Total;278
MU;4306007;Crissiumal (RS);Total;1009
MU;4306056;Cristal (RS);Total;598
MU;4306072;Cristal do Sul (RS);Total;278
MU;4306106;Cruz Alta (RS);Total;4162
MU;4306130;Cruzaltense (RS);Total;56
MU;4306205;Cruzeiro do Sul (RS);Total;1008
MU;4306304;David Canabarro (RS);Total;364
MU;4306320;Derrubadas (RS);Total;209
MU;4306353;Dezesseis de Novembro (RS);Total;258
MU;4306379;Dilermando de Aguiar (RS);Total;129
MU;4306403;Dois Irmãos (RS);Total;1444
MU;4306429;Dois Irmãos das Missões (RS);Total;235
MU;4306452;Dois Lajeados (RS);Total;158
MU;4306502;Dom Feliciano (RS);Total;1150
MU;4306551;Dom Pedro de Alcântara (RS);Total;118
MU;4306601;Dom Pedrito (RS);Total;3163
MU;4306700;Dona Francisca (RS);Total;136
MU;4306734;Doutor Maurício Cardoso (RS);Total;267
MU;4306759;Doutor Ricardo (RS);Total;88
MU;4306767;Eldorado do Sul (RS);Total;2765
MU;4306809;Encantado (RS);Total;1697
MU;4306908;Encruzilhada do Sul (RS);Total;2263
MU;4306924;Engenho Velho (RS);Total;73
MU;4306932;Entre-Ijuís (RS);Total;635
MU;4306957;Entre Rios do Sul (RS);Total;358
MU;4306973;Erebango (RS);Total;300
MU;4307005;Erechim (RS);Total;7254
MU;4307054;Ernestina (RS);Total;171
MU;4307104;Herval (RS);Total;507
MU;4307203;Erval Grande (RS);Total;386
MU;4307302;Erval Seco (RS);Total;445
MU;4307401;Esmeralda (RS);Total;315
MU;4307450;Esperança do Sul (RS);Total;260
MU;4307500;Espumoso (RS);Total;1128
MU;4307559;Estação (RS);Total;420
MU;4307609;Estância Velha (RS);Total;2605
MU;4307708;Esteio (RS);Total;6375
MU;4307807;Estrela (RS);Total;1941
MU;4307815;Estrela Velha (RS);Total;271
MU;4307831;Eugênio de Castro (RS);Total;264
MU;4307864;Fagundes Varela (RS);Total;147
MU;4307906;Farroupilha (RS);Total;3430
MU;4308003;Faxinal do Soturno (RS);Total;486
MU;4308052;Faxinalzinho (RS);Total;204
MU;4308078;Fazenda Vilanova (RS);Total;280
MU;4308102;Feliz (RS);Total;795
MU;4308201;Flores da Cunha (RS);Total;1548
MU;4308250;Floriano Peixoto (RS);Total;141
MU;4308300;Fontoura Xavier (RS);Total;972
MU;4308409;Formigueiro (RS);Total;802
MU;4308433;Forquetinha (RS);Total;281
MU;4308458;Fortaleza dos Valos (RS);Total;282
MU;4308508;Frederico Westphalen (RS);Total;2087
MU;4308607;Garibaldi (RS);Total;1780
MU;4308656;Garruchos (RS);Total;143
MU;4308706;Gaurama (RS);Total;591
MU;4308805;General Câmara (RS);Total;552
MU;4308854;Gentil (RS);Total;164
MU;4308904;Getúlio Vargas (RS);Total;1435
MU;4309001;Giruá (RS);Total;1142
MU;4309050;Glorinha (RS);Total;563
MU;4309100;Gramado (RS);Total;1696
MU;4309126;Gramado dos Loureiros (RS);Total;108
MU;4309159;Gramado Xavier (RS);Total;313
MU;4309209;Gravataí (RS);Total;18805
MU;4309258;Guabiju (RS);Total;76
MU;4309308;Guaíba (RS);Total;6369
MU;4309407;Guaporé (RS);Total;1136
MU;4309506;Guarani das Missões (RS);Total;555
MU;4309555;Harmonia (RS);Total;256
MU;4309571;Herveiras (RS);Total;177
MU;4309605;Horizontina (RS);Total;1249
MU;4309654;Hulha Negra (RS);Total;487
MU;4309704;Humaitá (RS);Total;281
MU;4309753;Ibarama (RS);Total;206
MU;4309803;Ibiaçá (RS);Total;216
MU;4309902;Ibiraiaras (RS);Total;387
MU;4309951;Ibirapuitã (RS);Total;493
MU;4310009;Ibirubá (RS);Total;944
MU;4310108;Igrejinha (RS);Total;2074
MU;4310207;Ijuí (RS);Total;5898
MU;4310306;Ilópolis (RS);Total;249
MU;4310330;Imbé (RS);Total;2235
MU;4310363;Imigrante (RS);Total;155
MU;4310405;Independência (RS);Total;463
MU;4310413;Inhacorá (RS);Total;215
MU;4310439;Ipê (RS);Total;442
MU;4310462;Ipiranga do Sul (RS);Total;175
MU;4310504;Iraí (RS);Total;818
MU;4310538;Itaara (RS);Total;391
MU;4310553;Itacurubi (RS);Total;218
MU;4310579;Itapuca (RS);Total;101
MU;4310603;Itaqui (RS);Total;2808
MU;4310652;Itati (RS);Total;230
MU;4310702;Itatiba do Sul (RS);Total;197
MU;4310751;Ivorá (RS);Total;284
MU;4310801;Ivoti (RS);Total;1042
MU;4310850;Jaboticaba (RS);Total;228
MU;4310876;Jacuizinho (RS);Total;141
MU;4310900;Jacutinga (RS);Total;267
MU;4311007;Jaguarão (RS);Total;2519
MU;4311106;Jaguari (RS);Total;775
MU;4311122;Jaquirana (RS);Total;194
MU;4311130;Jari (RS);Total;167
MU;4311155;Jóia (RS);Total;548
MU;4311205;Júlio de Castilhos (RS);Total;2379
MU;4311239;Lagoa Bonita do Sul (RS);Total;248
MU;4311254;Lagoão (RS);Total;475
MU;4311270;Lagoa dos Três Cantos (RS);Total;91
MU;4311304;Lagoa Vermelha (RS);Total;1926
MU;4311403;Lajeado (RS);Total;4873
MU;4311429;Lajeado do Bugre (RS);Total;187
MU;4311502;Lavras do Sul (RS);Total;284
MU;4311601;Liberato Salzano (RS);Total;320
MU;4311627;Lindolfo Collor (RS);Total;321
MU;4311643;Linha Nova (RS);Total;141
MU;4311700;Machadinho (RS);Total;369
MU;4311718;Maçambará (RS);Total;369
MU;4311734;Mampituba (RS);Total;208
MU;4311759;Manoel Viana (RS);Total;483
MU;4311775;Maquiné (RS);Total;649
MU;4311791;Maratá (RS);Total;200
MU;4311809;Marau (RS);Total;3161
MU;4311908;Marcelino Ramos (RS);Total;360
MU;4311981;Mariana Pimentel (RS);Total;309
MU;4312005;Mariano Moro (RS);Total;67
MU;4312054;Marques de Souza (RS);Total;201
MU;4312104;Mata (RS);Total;428
MU;4312138;Mato Castelhano (RS);Total;220
MU;4312153;Mato Leitão (RS);Total;406
MU;4312179;Mato Queimado (RS);Total;133
MU;4312203;Maximiliano de Almeida (RS);Total;438
MU;4312252;Minas do Leão (RS);Total;599
MU;4312302;Miraguaí (RS);Total;297
MU;4312351;Montauri (RS);Total;74
MU;4312377;Monte Alegre dos Campos (RS);Total;345
MU;4312385;Monte Belo do Sul (RS);Total;129
MU;4312401;Montenegro (RS);Total;4167
MU;4312427;Mormaço (RS);Total;185
MU;4312443;Morrinhos do Sul (RS);Total;300
MU;4312450;Morro Redondo (RS);Total;561
MU;4312476;Morro Reuter (RS);Total;158
MU;4312500;Mostardas (RS);Total;1033
MU;4312609;Muçum (RS);Total;300
MU;4312617;Muitos Capões (RS);Total;133
MU;4312625;Muliterno (RS);Total;140
MU;4312658;Não-Me-Toque (RS);Total;890
MU;4312674;Nicolau Vergueiro (RS);Total;150
MU;4312708;Nonoai (RS);Total;1011
MU;4312757;Nova Alvorada (RS);Total;213
MU;4312807;Nova Araçá (RS);Total;191
MU;4312906;Nova Bassano (RS);Total;371
MU;4312955;Nova Boa Vista (RS);Total;129
MU;4313003;Nova Bréscia (RS);Total;348
MU;4313011;Nova Candelária (RS);Total;211
MU;4313037;Nova Esperança do Sul (RS);Total;420
MU;4313060;Nova Hartz (RS);Total;1131
MU;4313086;Nova Pádua (RS);Total;79
MU;4313102;Nova Palma (RS);Total;353
MU;4313201;Nova Petrópolis (RS);Total;1037
MU;4313300;Nova Prata (RS);Total;1504
MU;4313334;Nova Ramada (RS);Total;88
MU;4313359;Nova Roma do Sul (RS);Total;151
MU;4313375;Nova Santa Rita (RS);Total;2115
MU;4313391;Novo Cabrais (RS);Total;210
MU;4313409;Novo Hamburgo (RS);Total;13574
MU;4313425;Novo Machado (RS);Total;275
MU;4313441;Novo Tiradentes (RS);Total;359
MU;4313466;Novo Xingu (RS);Total;179
MU;4313490;Novo Barreiro (RS);Total;253
MU;4313508;Osório (RS);Total;3192
MU;4313607;Paim Filho (RS);Total;359
MU;4313656;Palmares do Sul (RS);Total;1035
MU;4313706;Palmeira das Missões (RS);Total;2874
MU;4313805;Palmitinho (RS);Total;908
MU;4313904;Panambi (RS);Total;2542
MU;4313953;Pantano Grande (RS);Total;702
MU;4314001;Paraí (RS);Total;314
MU;4314027;Paraíso do Sul (RS);Total;226
MU;4314035;Pareci Novo (RS);Total;175
MU;4314050;Parobé (RS);Total;3637
MU;4314068;Passa Sete (RS);Total;182
MU;4314076;Passo do Sobrado (RS);Total;212
MU;4314100;Passo Fundo (RS);Total;13412
MU;4314134;Paulo Bento (RS);Total;85
MU;4314159;Paverama (RS);Total;561
MU;4314175;Pedras Altas (RS);Total;120
MU;4314209;Pedro Osório (RS);Total;826
MU;4314308;Pejuçara (RS);Total;194
MU;4314407;Pelotas (RS);Total;27110
MU;4314423;Picada Café (RS);Total;287
MU;4314456;Pinhal (RS);Total;212
MU;4314464;Pinhal da Serra (RS);Total;284
MU;4314472;Pinhal Grande (RS);Total;405
MU;4314498;Pinheirinho do Vale (RS);Total;405
MU;4314506;Pinheiro Machado (RS);Total;785
MU;4314548;Pinto Bandeira (RS);Total;129
MU;4314555;Pirapó (RS);Total;171
MU;4314605;Piratini (RS);Total;1620
MU;4314704;Planalto (RS);Total;870
MU;4314753;Poço das Antas (RS);Total;56
MU;4314779;Pontão (RS);Total;196
MU;4314787;Ponte Preta (RS);Total;87
MU;4314803;Portão (RS);Total;2026
MU;4314902;Porto Alegre (RS);Total;98825
MU;4315008;Porto Lucena (RS);Total;259
MU;4315057;Porto Mauá (RS);Total;183
MU;4315073;Porto Vera Cruz (RS);Total;225
MU;4315107;Porto Xavier (RS);Total;599
MU;4315131;Pouso Novo (RS);Total;146
MU;4315149;Presidente Lucena (RS);Total;252
MU;4315156;Progresso (RS);Total;199
MU;4315172;Protásio Alves (RS);Total;91
MU;4315206;Putinga (RS);Total;241
MU;4315305;Quaraí (RS);Total;1597
MU;4315313;Quatro Irmãos (RS);Total;120
MU;4315321;Quevedos (RS);Total;161
MU;4315354;Quinze de Novembro (RS);Total;208
MU;4315404;Redentora (RS);Total;642
MU;4315453;Relvado (RS);Total;162
MU;4315503;Restinga Sêca (RS);Total;1248
MU;4315552;Rio dos Índios (RS);Total;187
MU;4315602;Rio Grande (RS);Total;15753
MU;4315701;Rio Pardo (RS);Total;3177
MU;4315750;Riozinho (RS);Total;219
MU;4315800;Roca Sales (RS);Total;668
MU;4315909;Rodeio Bonito (RS);Total;574
MU;4315958;Rolador (RS);Total;152
MU;4316006;Rolante (RS);Total;1649
MU;4316105;Ronda Alta (RS);Total;638
MU;4316204;Rondinha (RS);Total;330
MU;4316303;Roque Gonzales (RS);Total;438
MU;4316402;Rosário do Sul (RS);Total;2847
MU;4316428;Sagrada Família (RS);Total;140
MU;4316436;Saldanha Marinho (RS);Total;191
MU;4316451;Salto do Jacuí (RS);Total;900
MU;4316477;Salvador das Missões (RS);Total;205
MU;4316501;Salvador do Sul (RS);Total;449
MU;4316600;Sananduva (RS);Total;962
MU;4316709;Santa Bárbara do Sul (RS);Total;463
MU;4316733;Santa Cecília do Sul (RS);Total;81
MU;4316758;Santa Clara do Sul (RS);Total;277
MU;4316808;Santa Cruz do Sul (RS);Total;7838
MU;4316907;Santa Maria (RS);Total;16233
MU;4316956;Santa Maria do Herval (RS);Total;395
MU;4316972;Santa Margarida do Sul (RS);Total;247
MU;4317004;Santana da Boa Vista (RS);Total;894
MU;4317103;Sant'Ana do Livramento (RS);Total;5612
MU;4317202;Santa Rosa (RS);Total;5402
MU;4317251;Santa Tereza (RS);Total;128
MU;4317301;Santa Vitória do Palmar (RS);Total;2974
MU;4317400;Santiago (RS);Total;3463
MU;4317509;Santo Ângelo (RS);Total;5118
MU;4317558;Santo Antônio do Palma (RS);Total;176
MU;4317608;Santo Antônio da Patrulha (RS);Total;2949
MU;4317707;Santo Antônio das Missões (RS);Total;772
MU;4317756;Santo Antônio do Planalto (RS);Total;230
MU;4317806;Santo Augusto (RS);Total;1193
MU;4317905;Santo Cristo (RS);Total;1055
MU;4317954;Santo Expedito do Sul (RS);Total;316
MU;4318002;São Borja (RS);Total;4730
MU;4318051;São Domingos do Sul (RS);Total;160
MU;4318101;São Francisco de Assis (RS);Total;1442
MU;4318200;São Francisco de Paula (RS);Total;1579
MU;4318309;São Gabriel (RS);Total;5418
MU;4318408;São Jerônimo (RS);Total;2026
MU;4318424;São João da Urtiga (RS);Total;351
MU;4318432;São João do Polêsine (RS);Total;116
MU;4318440;São Jorge (RS);Total;163
MU;4318457;São José das Missões (RS);Total;213
MU;4318465;São José do Herval (RS);Total;222
MU;4318481;São José do Hortêncio (RS);Total;202
MU;4318499;São José do Inhacorá (RS);Total;267
MU;4318507;São José do Norte (RS);Total;1704
MU;4318606;São José do Ouro (RS);Total;288
MU;4318614;São José do Sul (RS);Total;165
MU;4318622;São José dos Ausentes (RS);Total;251
MU;4318705;São Leopoldo (RS);Total;14938
MU;4318804;São Lourenço do Sul (RS);Total;3155
MU;4318903;São Luiz Gonzaga (RS);Total;2750
MU;4319000;São Marcos (RS);Total;1007
MU;4319109;São Martinho (RS);Total;545
MU;4319125;São Martinho da Serra (RS);Total;224
MU;4319158;São Miguel das Missões (RS);Total;397
MU;4319208;São Nicolau (RS);Total;477
MU;4319307;São Paulo das Missões (RS);Total;637
MU;4319356;São Pedro da Serra (RS);Total;174
MU;4319364;São Pedro das Missões (RS);Total;152
MU;4319372;São Pedro do Butiá (RS);Total;154
MU;4319406;São Pedro do Sul (RS);Total;1146
MU;4319505;São Sebastião do Caí (RS);Total;1858
MU;4319604;São Sepé (RS);Total;1798
MU;4319703;São Valentim (RS);Total;238
MU;4319711;São Valentim do Sul (RS);Total;166
MU;4319737;São Valério do Sul (RS);Total;238
MU;4319752;São Vendelino (RS);Total;116
MU;4319802;São Vicente do Sul (RS);Total;441
MU;4319901;Sapiranga (RS);Total;4615
MU;4320008;Sapucaia do Sul (RS);Total;10124
MU;4320107;Sarandi (RS);Total;1436
MU;4320206;Seberi (RS);Total;996
MU;4320230;Sede Nova (RS);Total;213
MU;4320263;Segredo (RS);Total;504
MU;4320305;Selbach (RS);Total;379
MU;4320321;Senador Salgado Filho (RS);Total;186
MU;4320354;Sentinela do Sul (RS);Total;500
MU;4320404;Serafina Corrêa (RS);Total;697
MU;4320453;Sério (RS);Total;275
MU;4320503;Sertão (RS);Total;227
MU;4320552;Sertão Santana (RS);Total;512
MU;4320578;Sete de Setembro (RS);Total;121
MU;4320602;Severiano de Almeida (RS);Total;291
MU;4320651;Silveira Martins (RS);Total;117
MU;4320677;Sinimbu (RS);Total;799
MU;4320701;Sobradinho (RS);Total;1027
MU;4320800;Soledade (RS);Total;1434
MU;4320859;Tabaí (RS);Total;487
MU;4320909;Tapejara (RS);Total;1175
MU;4321006;Tapera (RS);Total;963
MU;4321105;Tapes (RS);Total;944
MU;4321204;Taquara (RS);Total;3736
MU;4321303;Taquari (RS);Total;1902
MU;4321329;Taquaruçu do Sul (RS);Total;141
MU;4321352;Tavares (RS);Total;484
MU;4321402;Tenente Portela (RS);Total;828
MU;4321436;Terra de Areia (RS);Total;662
MU;4321451;Teutônia (RS);Total;1473
MU;4321469;Tio Hugo (RS);Total;243
MU;4321477;Tiradentes do Sul (RS);Total;326
MU;4321493;Toropi (RS);Total;208
MU;4321501;Torres (RS);Total;3390
MU;4321600;Tramandaí (RS);Total;4630
MU;4321626;Travesseiro (RS);Total;110
MU;4321634;Três Arroios (RS);Total;160
MU;4321667;Três Cachoeiras (RS);Total;667
MU;4321709;Três Coroas (RS);Total;1759
MU;4321808;Três de Maio (RS);Total;2017
MU;4321832;Três Forquilhas (RS);Total;261
MU;4321857;Três Palmeiras (RS);Total;319
MU;4321907;Três Passos (RS);Total;1854
MU;4321956;Trindade do Sul (RS);Total;747
MU;4322004;Triunfo (RS);Total;2057
MU;4322103;Tucunduva (RS);Total;351
MU;4322152;Tunas (RS);Total;413
MU;4322186;Tupanci do Sul (RS);Total;92
MU;4322202;Tupanciretã (RS);Total;2030
MU;4322251;Tupandi (RS);Total;286
MU;4322301;Tuparendi (RS);Total;804
MU;4322327;Turuçu (RS);Total;193
MU;4322343;Ubiretama (RS);Total;169
MU;4322350;União da Serra (RS);Total;79
MU;4322376;Unistalda (RS);Total;100
MU;4322400;Uruguaiana (RS);Total;7572
MU;4322509;Vacaria (RS);Total;4773
MU;4322525;Vale Verde (RS);Total;342
MU;4322533;Vale do Sol (RS);Total;599
MU;4322541;Vale Real (RS);Total;254
MU;4322558;Vanini (RS);Total;100
MU;4322608;Venâncio Aires (RS);Total;5272
MU;4322707;Vera Cruz (RS);Total;1573
MU;4322806;Veranópolis (RS);Total;1216
MU;4322855;Vespasiano Corrêa (RS);Total;244
MU;4322905;Viadutos (RS);Total;337
MU;4323002;Viamão (RS);Total;18704
MU;4323101;Vicente Dutra (RS);Total;507
MU;4323200;Victor Graeff (RS);Total;224
MU;4323309;Vila Flores (RS);Total;195
MU;4323358;Vila Lângaro (RS);Total;193
MU;4323408;Vila Maria (RS);Total;264
MU;4323457;Vila Nova do Sul (RS);Total;225
MU;4323507;Vista Alegre (RS);Total;290
MU;4323606;Vista Alegre do Prata (RS);Total;58
MU;4323705;Vista Gaúcha (RS);Total;79
MU;4323754;Vitória das Missões (RS);Total;326
MU;4323770;Westfália (RS);Total;164
MU;4323804;Xangri-lá (RS);Total;680
MU;5000203;Água Clara (MS);Total;939
MU;5000252;Alcinópolis (MS);Total;121
MU;5000609;Amambai (MS);Total;2408
MU;5000708;Anastácio (MS);Total;1857
MU;5000807;Anaurilândia (MS);Total;495
MU;5000856;Angélica (MS);Total;454
MU;5000906;Antônio João (MS);Total;300
MU;5001003;Aparecida do Taboado (MS);Total;2391
MU;5001102;Aquidauana (MS);Total;3465
MU;5001243;Aral Moreira (MS);Total;431
MU;5001508;Bandeirantes (MS);Total;608
MU;5001904;Bataguassu (MS);Total;1275
MU;5002001;Batayporã (MS);Total;896
MU;5002100;Bela Vista (MS);Total;1308
MU;5002159;Bodoquena (MS);Total;398
MU;5002209;Bonito (MS);Total;1557
MU;5002308;Brasilândia (MS);Total;589
MU;5002407;Caarapó (MS);Total;1840
MU;5002605;Camapuã (MS);Total;926
MU;5002704;Campo Grande (MS);Total;59745
MU;5002803;Caracol (MS);Total;340
MU;5002902;Cassilândia (MS);Total;2126
MU;5002951;Chapadão do Sul (MS);Total;1718
MU;5003108;Corguinho (MS);Total;459
MU;5003157;Coronel Sapucaia (MS);Total;944
MU;5003207;Corumbá (MS);Total;5231
MU;5003256;Costa Rica (MS);Total;1353
MU;5003306;Coxim (MS);Total;2827
MU;5003454;Deodápolis (MS);Total;755
MU;5003488;Dois Irmãos do Buriti (MS);Total;757
MU;5003504;Douradina (MS);Total;379
MU;5003702;Dourados (MS);Total;14831
MU;5003751;Eldorado (MS);Total;756
MU;5003801;Fátima do Sul (MS);Total;1625
MU;5003900;Figueirão (MS);Total;159
MU;5004007;Glória de Dourados (MS);Total;678
MU;5004106;Guia Lopes da Laguna (MS);Total;762
MU;5004304;Iguatemi (MS);Total;962
MU;5004403;Inocência (MS);Total;557
MU;5004502;Itaporã (MS);Total;1366
MU;5004601;Itaquiraí (MS);Total;1506
MU;5004700;Ivinhema (MS);Total;1322
MU;5004809;Japorã (MS);Total;501
MU;5004908;Jaraguari (MS);Total;406
MU;5005004;Jardim (MS);Total;1881
MU;5005103;Jateí (MS);Total;246
MU;5005152;Juti (MS);Total;502
MU;5005202;Ladário (MS);Total;1467
MU;5005251;Laguna Carapã (MS);Total;281
MU;5005400;Maracaju (MS);Total;1841
MU;5005608;Miranda (MS);Total;1325
MU;5005681;Mundo Novo (MS);Total;1449
MU;5005707;Naviraí (MS);Total;3842
MU;5005806;Nioaque (MS);Total;619
MU;5006002;Nova Alvorada do Sul (MS);Total;1346
MU;5006200;Nova Andradina (MS);Total;2738
MU;5006259;Novo Horizonte do Sul (MS);Total;288
MU;5006275;Paraíso das Águas (MS);Total;353
MU;5006309;Paranaíba (MS);Total;4567
MU;5006358;Paranhos (MS);Total;621
MU;5006408;Pedro Gomes (MS);Total;428
MU;5006606;Ponta Porã (MS);Total;6400
MU;5006903;Porto Murtinho (MS);Total;694
MU;5007109;Ribas do Rio Pardo (MS);Total;1368
MU;5007208;Rio Brilhante (MS);Total;1356
MU;5007307;Rio Negro (MS);Total;368
MU;5007406;Rio Verde de Mato Grosso (MS);Total;1530
MU;5007505;Rochedo (MS);Total;265
MU;5007554;Santa Rita do Pardo (MS);Total;383
MU;5007695;São Gabriel do Oeste (MS);Total;1776
MU;5007703;Sete Quedas (MS);Total;704
MU;5007802;Selvíria (MS);Total;386
MU;5007901;Sidrolândia (MS);Total;2307
MU;5007935;Sonora (MS);Total;905
MU;5007950;Tacuru (MS);Total;488
MU;5007976;Taquarussu (MS);Total;197
MU;5008008;Terenos (MS);Total;1126
MU;5008305;Três Lagoas (MS);Total;6170
MU;5008404;Vicentina (MS);Total;320
MU;5100102;Acorizal (MT);Total;411
MU;5100201;Água Boa (MT);Total;1045
MU;5100250;Alta Floresta (MT);Total;3295
MU;5100300;Alto Araguaia (MT);Total;1009
MU;5100359;Alto Boa Vista (MT);Total;349
MU;5100409;Alto Garças (MT);Total;792
MU;5100508;Alto Paraguai (MT);Total;226
MU;5100607;Alto Taquari (MT);Total;635
MU;5100805;Apiacás (MT);Total;465
MU;5101001;Araguaiana (MT);Total;315
MU;5101209;Araguainha (MT);Total;162
MU;5101258;Araputanga (MT);Total;700
MU;5101308;Arenápolis (MT);Total;901
MU;5101407;Aripuanã (MT);Total;944
MU;5101605;Barão de Melgaço (MT);Total;470
MU;5101704;Barra do Bugres (MT);Total;1451
MU;5101803;Barra do Garças (MT);Total;4193
MU;5101852;Bom Jesus do Araguaia (MT);Total;249
MU;5101902;Brasnorte (MT);Total;486
MU;5102504;Cáceres (MT);Total;5866
MU;5102603;Campinápolis (MT);Total;847
MU;5102637;Campo Novo do Parecis (MT);Total;1392
MU;5102678;Campo Verde (MT);Total;2449
MU;5102686;Campos de Júlio (MT);Total;231
MU;5102694;Canabrava do Norte (MT);Total;205
MU;5102702;Canarana (MT);Total;1040
MU;5102793;Carlinda (MT);Total;816
MU;5102850;Castanheira (MT);Total;269
MU;5103007;Chapada dos Guimarães (MT);Total;1178
MU;5103056;Cláudia (MT);Total;777
MU;5103106;Cocalinho (MT);Total;485
MU;5103205;Colíder (MT);Total;1822
MU;5103254;Colniza (MT);Total;1290
MU;5103304;Comodoro (MT);Total;1036
MU;5103353;Confresa (MT);Total;2103
MU;5103361;Conquista D'Oeste (MT);Total;248
MU;5103379;Cotriguaçu (MT);Total;525
MU;5103403;Cuiabá (MT);Total;40919
MU;5103437;Curvelândia (MT);Total;166
MU;5103452;Denise (MT);Total;622
MU;5103502;Diamantino (MT);Total;1150
MU;5103601;Dom Aquino (MT);Total;623
MU;5103700;Feliz Natal (MT);Total;621
MU;5103809;Figueirópolis D'Oeste (MT);Total;125
MU;5103858;Gaúcha do Norte (MT);Total;260
MU;5103908;General Carneiro (MT);Total;445
MU;5103957;Glória D'Oeste (MT);Total;212
MU;5104104;Guarantã do Norte (MT);Total;1777
MU;5104203;Guiratinga (MT);Total;892
MU;5104500;Indiavaí (MT);Total;231
MU;5104526;Ipiranga do Norte (MT);Total;299
MU;5104542;Itanhangá (MT);Total;338
MU;5104559;Itaúba (MT);Total;270
MU;5104609;Itiquira (MT);Total;747
MU;5104807;Jaciara (MT);Total;1824
MU;5104906;Jangada (MT);Total;486
MU;5105002;Jauru (MT);Total;682
MU;5105101;Juara (MT);Total;2019
MU;5105150;Juína (MT);Total;2462
MU;5105176;Juruena (MT);Total;473
MU;5105200;Juscimeira (MT);Total;837
MU;5105234;Lambari D'Oeste (MT);Total;257
MU;5105259;Lucas do Rio Verde (MT);Total;3344
MU;5105309;Luciara (MT);Total;152
MU;5105507;Vila Bela da Santíssima Trindade (MT);Total;1044
MU;5105580;Marcelândia (MT);Total;570
MU;5105606;Matupá (MT);Total;748
MU;5105622;Mirassol d'Oeste (MT);Total;1480
MU;5105903;Nobres (MT);Total;811
MU;5106000;Nortelândia (MT);Total;339
MU;5106109;Nossa Senhora do Livramento (MT);Total;961
MU;5106158;Nova Bandeirantes (MT);Total;498
MU;5106174;Nova Nazaré (MT);Total;102
MU;5106182;Nova Lacerda (MT);Total;286
MU;5106190;Nova Santa Helena (MT);Total;259
MU;5106208;Nova Brasilândia (MT);Total;167
MU;5106216;Nova Canaã do Norte (MT);Total;625
MU;5106224;Nova Mutum (MT);Total;2865
MU;5106232;Nova Olímpia (MT);Total;1170
MU;5106240;Nova Ubiratã (MT);Total;551
MU;5106257;Nova Xavantina (MT);Total;1061
MU;5106265;Novo Mundo (MT);Total;421
MU;5106273;Novo Horizonte do Norte (MT);Total;215
MU;5106281;Novo São Joaquim (MT);Total;457
MU;5106299;Paranaíta (MT);Total;679
MU;5106307;Paranatinga (MT);Total;963
MU;5106315;Novo Santo Antônio (MT);Total;85
MU;5106372;Pedra Preta (MT);Total;1448
MU;5106422;Peixoto de Azevedo (MT);Total;1513
MU;5106455;Planalto da Serra (MT);Total;111
MU;5106505;Poconé (MT);Total;1598
MU;5106653;Pontal do Araguaia (MT);Total;553
MU;5106703;Ponte Branca (MT);Total;261
MU;5106752;Pontes e Lacerda (MT);Total;2521
MU;5106778;Porto Alegre do Norte (MT);Total;983
MU;5106802;Porto dos Gaúchos (MT);Total;229
MU;5106828;Porto Esperidião (MT);Total;568
MU;5106851;Porto Estrela (MT);Total;121
MU;5107008;Poxoréu (MT);Total;1514
MU;5107040;Primavera do Leste (MT);Total;3518
MU;5107065;Querência (MT);Total;861
MU;5107107;São José dos Quatro Marcos (MT);Total;1142
MU;5107156;Reserva do Cabaçal (MT);Total;231
MU;5107180;Ribeirão Cascalheira (MT);Total;320
MU;5107198;Ribeirãozinho (MT);Total;169
MU;5107206;Rio Branco (MT);Total;334
MU;5107248;Santa Carmem (MT);Total;521
MU;5107263;Santo Afonso (MT);Total;111
MU;5107297;São José do Povo (MT);Total;234
MU;5107305;São José do Rio Claro (MT);Total;1297
MU;5107354;São José do Xingu (MT);Total;215
MU;5107404;São Pedro da Cipa (MT);Total;266
MU;5107578;Rondolândia (MT);Total;157
MU;5107602;Rondonópolis (MT);Total;13217
MU;5107701;Rosário Oeste (MT);Total;1132
MU;5107743;Santa Cruz do Xingu (MT);Total;221
MU;5107750;Salto do Céu (MT);Total;184
MU;5107768;Santa Rita do Trivelato (MT);Total;124
MU;5107776;Santa Terezinha (MT);Total;407
MU;5107792;Santo Antônio do Leste (MT);Total;212
MU;5107800;Santo Antônio de Leverger (MT);Total;918
MU;5107859;São Félix do Araguaia (MT);Total;1189
MU;5107875;Sapezal (MT);Total;794
MU;5107883;Serra Nova Dourada (MT);Total;68
MU;5107909;Sinop (MT);Total;9446
MU;5107925;Sorriso (MT);Total;4229
MU;5107941;Tabaporã (MT);Total;489
MU;5107958;Tangará da Serra (MT);Total;5471
MU;5108006;Tapurah (MT);Total;597
MU;5108055;Terra Nova do Norte (MT);Total;671
MU;5108105;Tesouro (MT);Total;193
MU;5108204;Torixoréu (MT);Total;379
MU;5108303;União do Sul (MT);Total;410
MU;5108352;Vale de São Domingos (MT);Total;233
MU;5108402;Várzea Grande (MT);Total;18973
MU;5108501;Vera (MT);Total;752
MU;5108600;Vila Rica (MT);Total;1044
MU;5108808;Nova Guarita (MT);Total;358
MU;5108857;Nova Marilândia (MT);Total;269
MU;5108907;Nova Maringá (MT);Total;431
MU;5108956;Nova Monte Verde (MT);Total;340
MU;5200050;Abadia de Goiás (GO);Total;1201
MU;5200100;Abadiânia (GO);Total;1201
MU;5200134;Acreúna (GO);Total;1757
MU;5200159;Adelândia (GO);Total;207
MU;5200175;Água Fria de Goiás (GO);Total;264
MU;5200209;Água Limpa (GO);Total;128
MU;5200258;Águas Lindas de Goiás (GO);Total;14986
MU;5200308;Alexânia (GO);Total;1832
MU;5200506;Aloândia (GO);Total;118
MU;5200555;Alto Horizonte (GO);Total;351
MU;5200605;Alto Paraíso de Goiás (GO);Total;607
MU;5200803;Alvorada do Norte (GO);Total;830
MU;5200829;Amaralina (GO);Total;259
MU;5200852;Americano do Brasil (GO);Total;413
MU;5200902;Amorinópolis (GO);Total;193
MU;5201108;Anápolis (GO);Total;25174
MU;5201207;Anhanguera (GO);Total;44
MU;5201306;Anicuns (GO);Total;1489
MU;5201405;Aparecida de Goiânia (GO);Total;35388
MU;5201454;Aparecida do Rio Doce (GO);Total;238
MU;5201504;Aporé (GO);Total;131
MU;5201603;Araçu (GO);Total;241
MU;5201702;Aragarças (GO);Total;1123
MU;5201801;Aragoiânia (GO);Total;1569
MU;5202155;Araguapaz (GO);Total;563
MU;5202353;Arenópolis (GO);Total;209
MU;5202502;Aruanã (GO);Total;1016
MU;5202601;Aurilândia (GO);Total;340
MU;5202809;Avelinópolis (GO);Total;180
MU;5203104;Baliza (GO);Total;301
MU;5203203;Barro Alto (GO);Total;824
MU;5203302;Bela Vista de Goiás (GO);Total;1964
MU;5203401;Bom Jardim de Goiás (GO);Total;528
MU;5203500;Bom Jesus de Goiás (GO);Total;1259
MU;5203559;Bonfinópolis (GO);Total;889
MU;5203575;Bonópolis (GO);Total;232
MU;5203609;Brazabrantes (GO);Total;243
MU;5203807;Britânia (GO);Total;811
MU;5203906;Buriti Alegre (GO);Total;892
MU;5203939;Buriti de Goiás (GO);Total;239
MU;5203962;Buritinópolis (GO);Total;269
MU;5204003;Cabeceiras (GO);Total;535
MU;5204102;Cachoeira Alta (GO);Total;872
MU;5204201;Cachoeira de Goiás (GO);Total;87
MU;5204250;Cachoeira Dourada (GO);Total;409
MU;5204300;Caçu (GO);Total;765
MU;5204409;Caiapônia (GO);Total;1302
MU;5204508;Caldas Novas (GO);Total;6961
MU;5204557;Caldazinha (GO);Total;195
MU;5204607;Campestre de Goiás (GO);Total;360
MU;5204656;Campinaçu (GO);Total;176
MU;5204706;Campinorte (GO);Total;712
MU;5204805;Campo Alegre de Goiás (GO);Total;328
MU;5204854;Campo Limpo de Goiás (GO);Total;518
MU;5204904;Campos Belos (GO);Total;1102
MU;5204953;Campos Verdes (GO);Total;444
MU;5205000;Carmo do Rio Verde (GO);Total;784
MU;5205059;Castelândia (GO);Total;134
MU;5205109;Catalão (GO);Total;7040
MU;5205208;Caturaí (GO);Total;439
MU;5205307;Cavalcante (GO);Total;1024
MU;5205406;Ceres (GO);Total;1771
MU;5205455;Cezarina (GO);Total;1084
MU;5205471;Chapadão do Céu (GO);Total;410
MU;5205497;Cidade Ocidental (GO);Total;5181
MU;5205513;Cocalzinho de Goiás (GO);Total;1191
MU;5205521;Colinas do Sul (GO);Total;250
MU;5205703;Córrego do Ouro (GO);Total;182
MU;5205802;Corumbá de Goiás (GO);Total;756
MU;5205901;Corumbaíba (GO);Total;715
MU;5206206;Cristalina (GO);Total;3794
MU;5206305;Cristianópolis (GO);Total;306
MU;5206404;Crixás (GO);Total;1099
MU;5206503;Cromínia (GO);Total;399
MU;5206602;Cumari (GO);Total;309
MU;5206701;Damianópolis (GO);Total;171
MU;5206800;Damolândia (GO);Total;319
MU;5206909;Davinópolis (GO);Total;208
MU;5207105;Diorama (GO);Total;217
MU;5207253;Doverlândia (GO);Total;731
MU;5207352;Edealina (GO);Total;294
MU;5207402;Edéia (GO);Total;1044
MU;5207501;Estrela do Norte (GO);Total;284
MU;5207535;Faina (GO);Total;905
MU;5207600;Fazenda Nova (GO);Total;488
MU;5207808;Firminópolis (GO);Total;821
MU;5207907;Flores de Goiás (GO);Total;1333
MU;5208004;Formosa (GO);Total;8252
MU;5208103;Formoso (GO);Total;389
MU;5208152;Gameleira de Goiás (GO);Total;225
MU;5208301;Divinópolis de Goiás (GO);Total;409
MU;5208400;Goianápolis (GO);Total;762
MU;5208509;Goiandira (GO);Total;270
MU;5208608;Goianésia (GO);Total;4749
MU;5208707;Goiânia (GO);Total;93920
MU;5208806;Goianira (GO);Total;3492
MU;5208905;Goiás (GO);Total;2097
MU;5209101;Goiatuba (GO);Total;3198
MU;5209150;Gouvelândia (GO);Total;358
MU;5209200;Guapó (GO);Total;1682
MU;5209291;Guaraíta (GO);Total;202
MU;5209408;Guarani de Goiás (GO);Total;293
MU;5209457;Guarinos (GO);Total;169
MU;5209606;Heitoraí (GO);Total;382
MU;5209705;Hidrolândia (GO);Total;2092
MU;5209804;Hidrolina (GO);Total;391
MU;5209903;Iaciara (GO);Total;823
MU;5209937;Inaciolândia (GO);Total;317
MU;5209952;Indiara (GO);Total;1011
MU;5210000;Inhumas (GO);Total;3912
MU;5210109;Ipameri (GO);Total;1953
MU;5210158;Ipiranga de Goiás (GO);Total;313
MU;5210208;Iporá (GO);Total;2604
MU;5210307;Israelândia (GO);Total;248
MU;5210406;Itaberaí (GO);Total;2988
MU;5210562;Itaguari (GO);Total;373
MU;5210604;Itaguaru (GO);Total;349
MU;5210802;Itajá (GO);Total;439
MU;5210901;Itapaci (GO);Total;1882
MU;5211008;Itapirapuã (GO);Total;513
MU;5211206;Itapuranga (GO);Total;2259
MU;5211305;Itarumã (GO);Total;470
MU;5211404;Itauçu (GO);Total;474
MU;5211503;Itumbiara (GO);Total;6967
MU;5211602;Ivolândia (GO);Total;263
MU;5211701;Jandaia (GO);Total;711
MU;5211800;Jaraguá (GO);Total;2994
MU;5211909;Jataí (GO);Total;6309
MU;5212006;Jaupaci (GO);Total;136
MU;5212055;Jesúpolis (GO);Total;208
MU;5212105;Joviânia (GO);Total;576
MU;5212204;Jussara (GO);Total;2031
MU;5212253;Lagoa Santa (GO);Total;143
MU;5212303;Leopoldo de Bulhões (GO);Total;396
MU;5212501;Luziânia (GO);Total;14061
MU;5212600;Mairipotaba (GO);Total;341
MU;5212709;Mambaí (GO);Total;504
MU;5212808;Mara Rosa (GO);Total;794
MU;5212907;Marzagão (GO);Total;123
MU;5212956;Matrinchã (GO);Total;551
MU;5213004;Maurilândia (GO);Total;841
MU;5213053;Mimoso de Goiás (GO);Total;172
MU;5213087;Minaçu (GO);Total;2917
MU;5213103;Mineiros (GO);Total;4169
MU;5213400;Moiporá (GO);Total;218
MU;5213509;Monte Alegre de Goiás (GO);Total;607
MU;5213707;Montes Claros de Goiás (GO);Total;679
MU;5213756;Montividiu (GO);Total;704
MU;5213772;Montividiu do Norte (GO);Total;256
MU;5213806;Morrinhos (GO);Total;2926
MU;5213855;Morro Agudo de Goiás (GO);Total;216
MU;5213905;Mossâmedes (GO);Total;321
MU;5214002;Mozarlândia (GO);Total;875
MU;5214051;Mundo Novo (GO);Total;642
MU;5214101;Mutunópolis (GO);Total;490
MU;5214408;Nazário (GO);Total;775
MU;5214507;Nerópolis (GO);Total;1846
MU;5214606;Niquelândia (GO);Total;3086
MU;5214705;Nova América (GO);Total;214
MU;5214804;Nova Aurora (GO);Total;101
MU;5214838;Nova Crixás (GO);Total;1069
MU;5214861;Nova Glória (GO);Total;935
MU;5214879;Nova Iguaçu de Goiás (GO);Total;175
MU;5214903;Nova Roma (GO);Total;131
MU;5215009;Nova Veneza (GO);Total;671
MU;5215207;Novo Brasil (GO);Total;144
MU;5215231;Novo Gama (GO);Total;7633
MU;5215256;Novo Planalto (GO);Total;260
MU;5215306;Orizona (GO);Total;1219
MU;5215405;Ouro Verde de Goiás (GO);Total;354
MU;5215504;Ouvidor (GO);Total;433
MU;5215603;Padre Bernardo (GO);Total;2564
MU;5215652;Palestina de Goiás (GO);Total;216
MU;5215702;Palmeiras de Goiás (GO);Total;2365
MU;5215801;Palmelo (GO);Total;339
MU;5215900;Palminópolis (GO);Total;211
MU;5216007;Panamá (GO);Total;189
MU;5216304;Paranaiguara (GO);Total;752
MU;5216403;Paraúna (GO);Total;658
MU;5216452;Perolândia (GO);Total;259
MU;5216809;Petrolina de Goiás (GO);Total;709
MU;5216908;Pilar de Goiás (GO);Total;46
MU;5217104;Piracanjuba (GO);Total;2184
MU;5217203;Piranhas (GO);Total;1420
MU;5217302;Pirenópolis (GO);Total;2187
MU;5217401;Pires do Rio (GO);Total;2044
MU;5217609;Planaltina (GO);Total;7852
MU;5217708;Pontalina (GO);Total;1303
MU;5218003;Porangatu (GO);Total;3276
MU;5218052;Porteirão (GO);Total;235
MU;5218102;Portelândia (GO);Total;309
MU;5218300;Posse (GO);Total;2273
MU;5218391;Professor Jamil (GO);Total;278
MU;5218508;Quirinópolis (GO);Total;3732
MU;5218607;Rialma (GO);Total;1077
MU;5218706;Rianápolis (GO);Total;325
MU;5218789;Rio Quente (GO);Total;267
MU;5218805;Rio Verde (GO);Total;12464
MU;5218904;Rubiataba (GO);Total;1577
MU;5219001;Sanclerlândia (GO);Total;526
MU;5219100;Santa Bárbara de Goiás (GO);Total;511
MU;5219209;Santa Cruz de Goiás (GO);Total;186
MU;5219258;Santa Fé de Goiás (GO);Total;424
MU;5219308;Santa Helena de Goiás (GO);Total;3145
MU;5219357;Santa Isabel (GO);Total;402
MU;5219407;Santa Rita do Araguaia (GO);Total;397
MU;5219456;Santa Rita do Novo Destino (GO);Total;137
MU;5219506;Santa Rosa de Goiás (GO);Total;166
MU;5219605;Santa Tereza de Goiás (GO);Total;299
MU;5219704;Santa Terezinha de Goiás (GO);Total;686
MU;5219712;Santo Antônio da Barra (GO);Total;192
MU;5219738;Santo Antônio de Goiás (GO);Total;428
MU;5219753;Santo Antônio do Descoberto (GO);Total;4946
MU;5219803;São Domingos (GO);Total;840
MU;5219902;São Francisco de Goiás (GO);Total;546
MU;5220009;São João d'Aliança (GO);Total;1020
MU;5220058;São João da Paraúna (GO);Total;113
MU;5220108;São Luís de Montes Belos (GO);Total;2712
MU;5220157;São Luiz do Norte (GO);Total;387
MU;5220207;São Miguel do Araguaia (GO);Total;1888
MU;5220264;São Miguel do Passa Quatro (GO);Total;317
MU;5220280;São Patrício (GO);Total;222
MU;5220405;São Simão (GO);Total;1273
MU;5220454;Senador Canedo (GO);Total;9311
MU;5220504;Serranópolis (GO);Total;548
MU;5220603;Silvânia (GO);Total;1764
MU;5220686;Simolândia (GO);Total;694
MU;5220702;Sítio d'Abadia (GO);Total;405
MU;5221007;Taquaral de Goiás (GO);Total;230
MU;5221080;Teresina de Goiás (GO);Total;176
MU;5221197;Terezópolis de Goiás (GO);Total;638
MU;5221304;Três Ranchos (GO);Total;296
MU;5221403;Trindade (GO);Total;9640
MU;5221452;Trombas (GO);Total;287
MU;5221502;Turvânia (GO);Total;375
MU;5221551;Turvelândia (GO);Total;403
MU;5221577;Uirapuru (GO);Total;199
MU;5221601;Uruaçu (GO);Total;4158
MU;5221700;Uruana (GO);Total;1030
MU;5221809;Urutaí (GO);Total;250
MU;5221858;Valparaíso de Goiás (GO);Total;10778
MU;5221908;Varjão (GO);Total;426
MU;5222005;Vianópolis (GO);Total;735
MU;5222054;Vicentinópolis (GO);Total;664
MU;5222203;Vila Boa (GO);Total;318
MU;5222302;Vila Propício (GO);Total;411
MU;5300108;Brasília (DF);Total;169396
