cod_ibge,nome_municipio,uf_sigla,uf_nome,uf_cod_ibge,microrregiao_id,microrregiao_nome,mesorregiao_id,mesorregiao_nome,regiao_id,regiao_sigla,regiao_nome,fonte_dados
1100015,Alta Floresta D'Oeste,RO,Rondônia,11,11006,Cacoal,1102,Leste Rondoniense,1,N,Norte,IBGE_API
1100023,Ariquemes,RO,Rondônia,11,11003,Ariquemes,1102,Leste Rondoniense,1,N,Norte,IBGE_API
1100031,Cabixi,RO,Rondônia,11,11008,Colorado do Oeste,1102,Leste Rondoniense,1,N,Norte,IBGE_API
1100049,Cacoal,RO,Rondônia,11,11006,Cacoal,1102,Leste Rondoniense,1,N,Norte,IBGE_API
1100056,Cerejeiras,RO,Rondônia,11,11008,Colorado do Oeste,1102,Leste Rondoniense,1,N,Norte,IBGE_API
1100064,Colorado do Oeste,RO,Rondônia,11,11008,Colorado do Oeste,1102,Leste Rondoniense,1,N,Norte,IBGE_API
1100072,Corumbiara,RO,Rondônia,11,11008,Colorado do Oeste,1102,Leste Rondoniense,1,N,Norte,IBGE_API
1100080,Costa Marques,RO,Rondônia,11,11002,Guajará-Mirim,1101,Madeira-Guaporé,1,N,Norte,IBGE_API
1100098,Espigão D'Oeste,RO,Rondônia,11,11006,Cacoal,1102,Leste Rondoniense,1,N,Norte,IBGE_API
1100106,Guajará-Mirim,RO,Rondônia,11,11002,Guajará-Mirim,1101,Madeira-Guaporé,1,N,Norte,IBGE_API
1100114,Jaru,RO,Rondônia,11,11004,Ji-Paraná,1102,Leste Rondoniense,1,N,Norte,IBGE_API
1100122,Ji-Paraná,RO,Rondônia,11,11004,Ji-Paraná,1102,Leste Rondoniense,1,N,Norte,IBGE_API
1100130,Machadinho D'Oeste,RO,Rondônia,11,11003,Ariquemes,1102,Leste Rondoniense,1,N,Norte,IBGE_API
1100148,Nova Brasilândia D'Oeste,RO,Rondônia,11,11005,Alvorada D'Oeste,1102,Leste Rondoniense,1,N,Norte,IBGE_API
1100155,Ouro Preto do Oeste,RO,Rondônia,11,11004,Ji-Paraná,1102,Leste Rondoniense,1,N,Norte,IBGE_API
1100189,Pimenta Bueno,RO,Rondônia,11,11007,Vilhena,1102,Leste Rondoniense,1,N,Norte,IBGE_API
1100205,Porto Velho,RO,Rondônia,11,11001,Porto Velho,1101,Madeira-Guaporé,1,N,Norte,IBGE_API
1100254,Presidente Médici,RO,Rondônia,11,11004,Ji-Paraná,1102,Leste Rondoniense,1,N,Norte,IBGE_API
1100262,Rio Crespo,RO,Rondônia,11,11003,Ariquemes,1102,Leste Rondoniense,1,N,Norte,IBGE_API
1100288,Rolim de Moura,RO,Rondônia,11,11006,Cacoal,1102,Leste Rondoniense,1,N,Norte,IBGE_API
1100296,Santa Luzia D'Oeste,RO,Rondônia,11,11006,Cacoal,1102,Leste Rondoniense,1,N,Norte,IBGE_API
1100304,Vilhena,RO,Rondônia,11,11007,Vilhena,1102,Leste Rondoniense,1,N,Norte,IBGE_API
1100320,São Miguel do Guaporé,RO,Rondônia,11,11005,Alvorada D'Oeste,1102,Leste Rondoniense,1,N,Norte,IBGE_API
1100338,Nova Mamoré,RO,Rondônia,11,11001,Porto Velho,1101,Madeira-Guaporé,1,N,Norte,IBGE_API
1100346,Alvorada D'Oeste,RO,Rondônia,11,11005,Alvorada D'Oeste,1102,Leste Rondoniense,1,N,Norte,IBGE_API
1100379,Alto Alegre dos Parecis,RO,Rondônia,11,11006,Cacoal,1102,Leste Rondoniense,1,N,Norte,IBGE_API
1100403,Alto Paraíso,RO,Rondônia,11,11003,Ariquemes,1102,Leste Rondoniense,1,N,Norte,IBGE_API
1100452,Buritis,RO,Rondônia,11,11001,Porto Velho,1101,Madeira-Guaporé,1,N,Norte,IBGE_API
1100502,Novo Horizonte do Oeste,RO,Rondônia,11,11006,Cacoal,1102,Leste Rondoniense,1,N,Norte,IBGE_API
1100601,Cacaulândia,RO,Rondônia,11,11003,Ariquemes,1102,Leste Rondoniense,1,N,Norte,IBGE_API
1100700,Campo Novo de Rondônia,RO,Rondônia,11,11001,Porto Velho,1101,Madeira-Guaporé,1,N,Norte,IBGE_API
1100809,Candeias do Jamari,RO,Rondônia,11,11001,Porto Velho,1101,Madeira-Guaporé,1,N,Norte,IBGE_API
1100908,Castanheiras,RO,Rondônia,11,11006,Cacoal,1102,Leste Rondoniense,1,N,Norte,IBGE_API
1100924,Chupinguaia,RO,Rondônia,11,11007,Vilhena,1102,Leste Rondoniense,1,N,Norte,IBGE_API
1100940,Cujubim,RO,Rondônia,11,11001,Porto Velho,1101,Madeira-Guaporé,1,N,Norte,IBGE_API
1101005,Governador Jorge Teixeira,RO,Rondônia,11,11004,Ji-Paraná,1102,Leste Rondoniense,1,N,Norte,IBGE_API
1101104,Itapuã do Oeste,RO,Rondônia,11,11001,Porto Velho,1101,Madeira-Guaporé,1,N,Norte,IBGE_API
1101203,Ministro Andreazza,RO,Rondônia,11,11006,Cacoal,1102,Leste Rondoniense,1,N,Norte,IBGE_API
1101302,Mirante da Serra,RO,Rondônia,11,11004,Ji-Paraná,1102,Leste Rondoniense,1,N,Norte,IBGE_API
1101401,Monte Negro,RO,Rondônia,11,11003,Ariquemes,1102,Leste Rondoniense,1,N,Norte,IBGE_API
1101435,Nova União,RO,Rondônia,11,11004,Ji-Paraná,1102,Leste Rondoniense,1,N,Norte,IBGE_API
1101450,Parecis,RO,Rondônia,11,11007,Vilhena,1102,Leste Rondoniense,1,N,Norte,IBGE_API
1101468,Pimenteiras do Oeste,RO,Rondônia,11,11008,Colorado do Oeste,1102,Leste Rondoniense,1,N,Norte,IBGE_API
1101476,Primavera de Rondônia,RO,Rondônia,11,11007,Vilhena,1102,Leste Rondoniense,1,N,Norte,IBGE_API
1101484,São Felipe D'Oeste,RO,Rondônia,11,11007,Vilhena,1102,Leste Rondoniense,1,N,Norte,IBGE_API
1101492,São Francisco do Guaporé,RO,Rondônia,11,11002,Guajará-Mirim,1101,Madeira-Guaporé,1,N,Norte,IBGE_API
1101500,Seringueiras,RO,Rondônia,11,11005,Alvorada D'Oeste,1102,Leste Rondoniense,1,N,Norte,IBGE_API
1101559,Teixeirópolis,RO,Rondônia,11,11004,Ji-Paraná,1102,Leste Rondoniense,1,N,Norte,IBGE_API
1101609,Theobroma,RO,Rondônia,11,11004,Ji-Paraná,1102,Leste Rondoniense,1,N,Norte,IBGE_API
1101708,Urupá,RO,Rondônia,11,11004,Ji-Paraná,1102,Leste Rondoniense,1,N,Norte,IBGE_API
1101757,Vale do Anari,RO,Rondônia,11,11003,Ariquemes,1102,Leste Rondoniense,1,N,Norte,IBGE_API
1101807,Vale do Paraíso,RO,Rondônia,11,11004,Ji-Paraná,1102,Leste Rondoniense,1,N,Norte,IBGE_API
1200013,Acrelândia,AC,Acre,12,12004,Rio Branco,1202,Vale do Acre,1,N,Norte,IBGE_API
1200054,Assis Brasil,AC,Acre,12,12005,Brasiléia,1202,Vale do Acre,1,N,Norte,IBGE_API
1200104,Brasiléia,AC,Acre,12,12005,Brasiléia,1202,Vale do Acre,1,N,Norte,IBGE_API
1200138,Bujari,AC,Acre,12,12004,Rio Branco,1202,Vale do Acre,1,N,Norte,IBGE_API
1200179,Capixaba,AC,Acre,12,12004,Rio Branco,1202,Vale do Acre,1,N,Norte,IBGE_API
1200203,Cruzeiro do Sul,AC,Acre,12,12001,Cruzeiro do Sul,1201,Vale do Juruá,1,N,Norte,IBGE_API
1200252,Epitaciolândia,AC,Acre,12,12005,Brasiléia,1202,Vale do Acre,1,N,Norte,IBGE_API
1200302,Feijó,AC,Acre,12,12002,Tarauacá,1201,Vale do Juruá,1,N,Norte,IBGE_API
1200328,Jordão,AC,Acre,12,12002,Tarauacá,1201,Vale do Juruá,1,N,Norte,IBGE_API
1200336,Mâncio Lima,AC,Acre,12,12001,Cruzeiro do Sul,1201,Vale do Juruá,1,N,Norte,IBGE_API
1200344,Manoel Urbano,AC,Acre,12,12003,Sena Madureira,1202,Vale do Acre,1,N,Norte,IBGE_API
1200351,Marechal Thaumaturgo,AC,Acre,12,12001,Cruzeiro do Sul,1201,Vale do Juruá,1,N,Norte,IBGE_API
1200385,Plácido de Castro,AC,Acre,12,12004,Rio Branco,1202,Vale do Acre,1,N,Norte,IBGE_API
1200393,Porto Walter,AC,Acre,12,12001,Cruzeiro do Sul,1201,Vale do Juruá,1,N,Norte,IBGE_API
1200401,Rio Branco,AC,Acre,12,12004,Rio Branco,1202,Vale do Acre,1,N,Norte,IBGE_API
1200427,Rodrigues Alves,AC,Acre,12,12001,Cruzeiro do Sul,1201,Vale do Juruá,1,N,Norte,IBGE_API
1200435,Santa Rosa do Purus,AC,Acre,12,12003,Sena Madureira,1202,Vale do Acre,1,N,Norte,IBGE_API
1200450,Senador Guiomard,AC,Acre,12,12004,Rio Branco,1202,Vale do Acre,1,N,Norte,IBGE_API
1200500,Sena Madureira,AC,Acre,12,12003,Sena Madureira,1202,Vale do Acre,1,N,Norte,IBGE_API
1200609,Tarauacá,AC,Acre,12,12002,Tarauacá,1201,Vale do Juruá,1,N,Norte,IBGE_API
1200708,Xapuri,AC,Acre,12,12005,Brasiléia,1202,Vale do Acre,1,N,Norte,IBGE_API
1200807,Porto Acre,AC,Acre,12,12004,Rio Branco,1202,Vale do Acre,1,N,Norte,IBGE_API
1300029,Alvarães,AM,Amazonas,13,13005,Tefé,1303,Centro Amazonense,1,N,Norte,IBGE_API
1300060,Amaturá,AM,Amazonas,13,13003,Alto Solimões,1302,Sudoeste Amazonense,1,N,Norte,IBGE_API
1300086,Anamã,AM,Amazonas,13,13006,Coari,1303,Centro Amazonense,1,N,Norte,IBGE_API
1300102,Anori,AM,Amazonas,13,13006,Coari,1303,Centro Amazonense,1,N,Norte,IBGE_API
1300144,Apuí,AM,Amazonas,13,13013,Madeira,1304,Sul Amazonense,1,N,Norte,IBGE_API
1300201,Atalaia do Norte,AM,Amazonas,13,13003,Alto Solimões,1302,Sudoeste Amazonense,1,N,Norte,IBGE_API
1300300,Autazes,AM,Amazonas,13,13007,Manaus,1303,Centro Amazonense,1,N,Norte,IBGE_API
1300409,Barcelos,AM,Amazonas,13,13001,Rio Negro,1301,Norte Amazonense,1,N,Norte,IBGE_API
1300508,Barreirinha,AM,Amazonas,13,13010,Parintins,1303,Centro Amazonense,1,N,Norte,IBGE_API
1300607,Benjamin Constant,AM,Amazonas,13,13003,Alto Solimões,1302,Sudoeste Amazonense,1,N,Norte,IBGE_API
1300631,Beruri,AM,Amazonas,13,13006,Coari,1303,Centro Amazonense,1,N,Norte,IBGE_API
1300680,Boa Vista do Ramos,AM,Amazonas,13,13010,Parintins,1303,Centro Amazonense,1,N,Norte,IBGE_API
1300706,Boca do Acre,AM,Amazonas,13,13011,Boca do Acre,1304,Sul Amazonense,1,N,Norte,IBGE_API
1300805,Borba,AM,Amazonas,13,13013,Madeira,1304,Sul Amazonense,1,N,Norte,IBGE_API
1300839,Caapiranga,AM,Amazonas,13,13006,Coari,1303,Centro Amazonense,1,N,Norte,IBGE_API
1300904,Canutama,AM,Amazonas,13,13012,Purus,1304,Sul Amazonense,1,N,Norte,IBGE_API
1301001,Carauari,AM,Amazonas,13,13004,Juruá,1302,Sudoeste Amazonense,1,N,Norte,IBGE_API
1301100,Careiro,AM,Amazonas,13,13007,Manaus,1303,Centro Amazonense,1,N,Norte,IBGE_API
1301159,Careiro da Várzea,AM,Amazonas,13,13007,Manaus,1303,Centro Amazonense,1,N,Norte,IBGE_API
1301209,Coari,AM,Amazonas,13,13006,Coari,1303,Centro Amazonense,1,N,Norte,IBGE_API
1301308,Codajás,AM,Amazonas,13,13006,Coari,1303,Centro Amazonense,1,N,Norte,IBGE_API
1301407,Eirunepé,AM,Amazonas,13,13004,Juruá,1302,Sudoeste Amazonense,1,N,Norte,IBGE_API
1301506,Envira,AM,Amazonas,13,13004,Juruá,1302,Sudoeste Amazonense,1,N,Norte,IBGE_API
1301605,Fonte Boa,AM,Amazonas,13,13003,Alto Solimões,1302,Sudoeste Amazonense,1,N,Norte,IBGE_API
1301654,Guajará,AM,Amazonas,13,13004,Juruá,1302,Sudoeste Amazonense,1,N,Norte,IBGE_API
1301704,Humaitá,AM,Amazonas,13,13013,Madeira,1304,Sul Amazonense,1,N,Norte,IBGE_API
1301803,Ipixuna,AM,Amazonas,13,13004,Juruá,1302,Sudoeste Amazonense,1,N,Norte,IBGE_API
1301852,Iranduba,AM,Amazonas,13,13007,Manaus,1303,Centro Amazonense,1,N,Norte,IBGE_API
1301902,Itacoatiara,AM,Amazonas,13,13009,Itacoatiara,1303,Centro Amazonense,1,N,Norte,IBGE_API
1301951,Itamarati,AM,Amazonas,13,13004,Juruá,1302,Sudoeste Amazonense,1,N,Norte,IBGE_API
1302009,Itapiranga,AM,Amazonas,13,13009,Itacoatiara,1303,Centro Amazonense,1,N,Norte,IBGE_API
1302108,Japurá,AM,Amazonas,13,13002,Japurá,1301,Norte Amazonense,1,N,Norte,IBGE_API
1302207,Juruá,AM,Amazonas,13,13004,Juruá,1302,Sudoeste Amazonense,1,N,Norte,IBGE_API
1302306,Jutaí,AM,Amazonas,13,13003,Alto Solimões,1302,Sudoeste Amazonense,1,N,Norte,IBGE_API
1302405,Lábrea,AM,Amazonas,13,13012,Purus,1304,Sul Amazonense,1,N,Norte,IBGE_API
1302504,Manacapuru,AM,Amazonas,13,13007,Manaus,1303,Centro Amazonense,1,N,Norte,IBGE_API
1302553,Manaquiri,AM,Amazonas,13,13007,Manaus,1303,Centro Amazonense,1,N,Norte,IBGE_API
1302603,Manaus,AM,Amazonas,13,13007,Manaus,1303,Centro Amazonense,1,N,Norte,IBGE_API
1302702,Manicoré,AM,Amazonas,13,13013,Madeira,1304,Sul Amazonense,1,N,Norte,IBGE_API
1302801,Maraã,AM,Amazonas,13,13002,Japurá,1301,Norte Amazonense,1,N,Norte,IBGE_API
1302900,Maués,AM,Amazonas,13,13010,Parintins,1303,Centro Amazonense,1,N,Norte,IBGE_API
1303007,Nhamundá,AM,Amazonas,13,13010,Parintins,1303,Centro Amazonense,1,N,Norte,IBGE_API
1303106,Nova Olinda do Norte,AM,Amazonas,13,13009,Itacoatiara,1303,Centro Amazonense,1,N,Norte,IBGE_API
1303205,Novo Airão,AM,Amazonas,13,13001,Rio Negro,1301,Norte Amazonense,1,N,Norte,IBGE_API
1303304,Novo Aripuanã,AM,Amazonas,13,13013,Madeira,1304,Sul Amazonense,1,N,Norte,IBGE_API
1303403,Parintins,AM,Amazonas,13,13010,Parintins,1303,Centro Amazonense,1,N,Norte,IBGE_API
1303502,Pauini,AM,Amazonas,13,13011,Boca do Acre,1304,Sul Amazonense,1,N,Norte,IBGE_API
1303536,Presidente Figueiredo,AM,Amazonas,13,13008,Rio Preto da Eva,1303,Centro Amazonense,1,N,Norte,IBGE_API
1303569,Rio Preto da Eva,AM,Amazonas,13,13008,Rio Preto da Eva,1303,Centro Amazonense,1,N,Norte,IBGE_API
1303601,Santa Isabel do Rio Negro,AM,Amazonas,13,13001,Rio Negro,1301,Norte Amazonense,1,N,Norte,IBGE_API
1303700,Santo Antônio do Içá,AM,Amazonas,13,13003,Alto Solimões,1302,Sudoeste Amazonense,1,N,Norte,IBGE_API
1303809,São Gabriel da Cachoeira,AM,Amazonas,13,13001,Rio Negro,1301,Norte Amazonense,1,N,Norte,IBGE_API
1303908,São Paulo de Olivença,AM,Amazonas,13,13003,Alto Solimões,1302,Sudoeste Amazonense,1,N,Norte,IBGE_API
1303957,São Sebastião do Uatumã,AM,Amazonas,13,13010,Parintins,1303,Centro Amazonense,1,N,Norte,IBGE_API
1304005,Silves,AM,Amazonas,13,13009,Itacoatiara,1303,Centro Amazonense,1,N,Norte,IBGE_API
1304062,Tabatinga,AM,Amazonas,13,13003,Alto Solimões,1302,Sudoeste Amazonense,1,N,Norte,IBGE_API
1304104,Tapauá,AM,Amazonas,13,13012,Purus,1304,Sul Amazonense,1,N,Norte,IBGE_API
1304203,Tefé,AM,Amazonas,13,13005,Tefé,1303,Centro Amazonense,1,N,Norte,IBGE_API
1304237,Tonantins,AM,Amazonas,13,13003,Alto Solimões,1302,Sudoeste Amazonense,1,N,Norte,IBGE_API
1304260,Uarini,AM,Amazonas,13,13005,Tefé,1303,Centro Amazonense,1,N,Norte,IBGE_API
1304302,Urucará,AM,Amazonas,13,13010,Parintins,1303,Centro Amazonense,1,N,Norte,IBGE_API
1304401,Urucurituba,AM,Amazonas,13,13009,Itacoatiara,1303,Centro Amazonense,1,N,Norte,IBGE_API
1400027,Amajari,RR,Roraima,14,14001,Boa Vista,1401,Norte de Roraima,1,N,Norte,IBGE_API
1400050,Alto Alegre,RR,Roraima,14,14001,Boa Vista,1401,Norte de Roraima,1,N,Norte,IBGE_API
1400100,Boa Vista,RR,Roraima,14,14001,Boa Vista,1401,Norte de Roraima,1,N,Norte,IBGE_API
1400159,Bonfim,RR,Roraima,14,14002,Nordeste de Roraima,1401,Norte de Roraima,1,N,Norte,IBGE_API
1400175,Cantá,RR,Roraima,14,14002,Nordeste de Roraima,1401,Norte de Roraima,1,N,Norte,IBGE_API
1400209,Caracaraí,RR,Roraima,14,14003,Caracaraí,1402,Sul de Roraima,1,N,Norte,IBGE_API
1400233,Caroebe,RR,Roraima,14,14004,Sudeste de Roraima,1402,Sul de Roraima,1,N,Norte,IBGE_API
1400282,Iracema,RR,Roraima,14,14003,Caracaraí,1402,Sul de Roraima,1,N,Norte,IBGE_API
1400308,Mucajaí,RR,Roraima,14,14003,Caracaraí,1402,Sul de Roraima,1,N,Norte,IBGE_API
1400407,Normandia,RR,Roraima,14,14002,Nordeste de Roraima,1401,Norte de Roraima,1,N,Norte,IBGE_API
1400456,Pacaraima,RR,Roraima,14,14001,Boa Vista,1401,Norte de Roraima,1,N,Norte,IBGE_API
1400472,Rorainópolis,RR,Roraima,14,14004,Sudeste de Roraima,1402,Sul de Roraima,1,N,Norte,IBGE_API
1400506,São João da Baliza,RR,Roraima,14,14004,Sudeste de Roraima,1402,Sul de Roraima,1,N,Norte,IBGE_API
1400605,São Luiz,RR,Roraima,14,14004,Sudeste de Roraima,1402,Sul de Roraima,1,N,Norte,IBGE_API
1400704,Uiramutã,RR,Roraima,14,14002,Nordeste de Roraima,1401,Norte de Roraima,1,N,Norte,IBGE_API
1500107,Abaetetuba,PA,Pará,15,15011,Cametá,1504,Nordeste Paraense,1,N,Norte,IBGE_API
1500131,Abel Figueiredo,PA,Pará,15,15017,Paragominas,1506,Sudeste Paraense,1,N,Norte,IBGE_API
1500206,Acará,PA,Pará,15,15012,Tomé-Açu,1504,Nordeste Paraense,1,N,Norte,IBGE_API
1500305,Afuá,PA,Pará,15,15005,Furos de Breves,1502,Marajó,1,N,Norte,IBGE_API
1500347,Água Azul do Norte,PA,Pará,15,15019,Parauapebas,1506,Sudeste Paraense,1,N,Norte,IBGE_API
1500404,Alenquer,PA,Pará,15,15002,Santarém,1501,Baixo Amazonas,1,N,Norte,IBGE_API
1500503,Almeirim,PA,Pará,15,15003,Almeirim,1501,Baixo Amazonas,1,N,Norte,IBGE_API
1500602,Altamira,PA,Pará,15,15015,Altamira,1505,Sudoeste Paraense,1,N,Norte,IBGE_API
1500701,Anajás,PA,Pará,15,15005,Furos de Breves,1502,Marajó,1,N,Norte,IBGE_API
1500800,Ananindeua,PA,Pará,15,15007,Belém,1503,Metropolitana de Belém,1,N,Norte,IBGE_API
1500859,Anapu,PA,Pará,15,15015,Altamira,1505,Sudoeste Paraense,1,N,Norte,IBGE_API
1500909,Augusto Corrêa,PA,Pará,15,15010,Bragantina,1504,Nordeste Paraense,1,N,Norte,IBGE_API
1500958,Aurora do Pará,PA,Pará,15,15013,Guamá,1504,Nordeste Paraense,1,N,Norte,IBGE_API
1501006,Aveiro,PA,Pará,15,15014,Itaituba,1505,Sudoeste Paraense,1,N,Norte,IBGE_API
1501105,Bagre,PA,Pará,15,15004,Portel,1502,Marajó,1,N,Norte,IBGE_API
1501204,Baião,PA,Pará,15,15011,Cametá,1504,Nordeste Paraense,1,N,Norte,IBGE_API
1501253,Bannach,PA,Pará,15,15018,São Félix do Xingu,1506,Sudeste Paraense,1,N,Norte,IBGE_API
1501303,Barcarena,PA,Pará,15,15007,Belém,1503,Metropolitana de Belém,1,N,Norte,IBGE_API
1501402,Belém,PA,Pará,15,15007,Belém,1503,Metropolitana de Belém,1,N,Norte,IBGE_API
1501451,Belterra,PA,Pará,15,15002,Santarém,1501,Baixo Amazonas,1,N,Norte,IBGE_API
1501501,Benevides,PA,Pará,15,15007,Belém,1503,Metropolitana de Belém,1,N,Norte,IBGE_API
1501576,Bom Jesus do Tocantins,PA,Pará,15,15017,Paragominas,1506,Sudeste Paraense,1,N,Norte,IBGE_API
1501600,Bonito,PA,Pará,15,15010,Bragantina,1504,Nordeste Paraense,1,N,Norte,IBGE_API
1501709,Bragança,PA,Pará,15,15010,Bragantina,1504,Nordeste Paraense,1,N,Norte,IBGE_API
1501725,Brasil Novo,PA,Pará,15,15015,Altamira,1505,Sudoeste Paraense,1,N,Norte,IBGE_API
1501758,Brejo Grande do Araguaia,PA,Pará,15,15020,Marabá,1506,Sudeste Paraense,1,N,Norte,IBGE_API
1501782,Breu Branco,PA,Pará,15,15016,Tucuruí,1506,Sudeste Paraense,1,N,Norte,IBGE_API
1501808,Breves,PA,Pará,15,15005,Furos de Breves,1502,Marajó,1,N,Norte,IBGE_API
1501907,Bujaru,PA,Pará,15,15008,Castanhal,1503,Metropolitana de Belém,1,N,Norte,IBGE_API
1501956,Cachoeira do Piriá,PA,Pará,15,15013,Guamá,1504,Nordeste Paraense,1,N,Norte,IBGE_API
1502004,Cachoeira do Arari,PA,Pará,15,15006,Arari,1502,Marajó,1,N,Norte,IBGE_API
1502103,Cametá,PA,Pará,15,15011,Cametá,1504,Nordeste Paraense,1,N,Norte,IBGE_API
1502152,Canaã dos Carajás,PA,Pará,15,15019,Parauapebas,1506,Sudeste Paraense,1,N,Norte,IBGE_API
1502202,Capanema,PA,Pará,15,15010,Bragantina,1504,Nordeste Paraense,1,N,Norte,IBGE_API
1502301,Capitão Poço,PA,Pará,15,15013,Guamá,1504,Nordeste Paraense,1,N,Norte,IBGE_API
1502400,Castanhal,PA,Pará,15,15008,Castanhal,1503,Metropolitana de Belém,1,N,Norte,IBGE_API
1502509,Chaves,PA,Pará,15,15006,Arari,1502,Marajó,1,N,Norte,IBGE_API
1502608,Colares,PA,Pará,15,15009,Salgado,1504,Nordeste Paraense,1,N,Norte,IBGE_API
1502707,Conceição do Araguaia,PA,Pará,15,15022,Conceição do Araguaia,1506,Sudeste Paraense,1,N,Norte,IBGE_API
1502756,Concórdia do Pará,PA,Pará,15,15012,Tomé-Açu,1504,Nordeste Paraense,1,N,Norte,IBGE_API
1502764,Cumaru do Norte,PA,Pará,15,15018,São Félix do Xingu,1506,Sudeste Paraense,1,N,Norte,IBGE_API
1502772,Curionópolis,PA,Pará,15,15019,Parauapebas,1506,Sudeste Paraense,1,N,Norte,IBGE_API
1502806,Curralinho,PA,Pará,15,15005,Furos de Breves,1502,Marajó,1,N,Norte,IBGE_API
1502855,Curuá,PA,Pará,15,15002,Santarém,1501,Baixo Amazonas,1,N,Norte,IBGE_API
1502905,Curuçá,PA,Pará,15,15009,Salgado,1504,Nordeste Paraense,1,N,Norte,IBGE_API
1502939,Dom Eliseu,PA,Pará,15,15017,Paragominas,1506,Sudeste Paraense,1,N,Norte,IBGE_API
1502954,Eldorado do Carajás,PA,Pará,15,15019,Parauapebas,1506,Sudeste Paraense,1,N,Norte,IBGE_API
1503002,Faro,PA,Pará,15,15001,Óbidos,1501,Baixo Amazonas,1,N,Norte,IBGE_API
1503044,Floresta do Araguaia,PA,Pará,15,15022,Conceição do Araguaia,1506,Sudeste Paraense,1,N,Norte,IBGE_API
1503077,Garrafão do Norte,PA,Pará,15,15013,Guamá,1504,Nordeste Paraense,1,N,Norte,IBGE_API
1503093,Goianésia do Pará,PA,Pará,15,15017,Paragominas,1506,Sudeste Paraense,1,N,Norte,IBGE_API
1503101,Gurupá,PA,Pará,15,15004,Portel,1502,Marajó,1,N,Norte,IBGE_API
1503200,Igarapé-Açu,PA,Pará,15,15010,Bragantina,1504,Nordeste Paraense,1,N,Norte,IBGE_API
1503309,Igarapé-Miri,PA,Pará,15,15011,Cametá,1504,Nordeste Paraense,1,N,Norte,IBGE_API
1503408,Inhangapi,PA,Pará,15,15008,Castanhal,1503,Metropolitana de Belém,1,N,Norte,IBGE_API
1503457,Ipixuna do Pará,PA,Pará,15,15013,Guamá,1504,Nordeste Paraense,1,N,Norte,IBGE_API
1503507,Irituia,PA,Pará,15,15013,Guamá,1504,Nordeste Paraense,1,N,Norte,IBGE_API
1503606,Itaituba,PA,Pará,15,15014,Itaituba,1505,Sudoeste Paraense,1,N,Norte,IBGE_API
1503705,Itupiranga,PA,Pará,15,15016,Tucuruí,1506,Sudeste Paraense,1,N,Norte,IBGE_API
1503754,Jacareacanga,PA,Pará,15,15014,Itaituba,1505,Sudoeste Paraense,1,N,Norte,IBGE_API
1503804,Jacundá,PA,Pará,15,15016,Tucuruí,1506,Sudeste Paraense,1,N,Norte,IBGE_API
1503903,Juruti,PA,Pará,15,15001,Óbidos,1501,Baixo Amazonas,1,N,Norte,IBGE_API
1504000,Limoeiro do Ajuru,PA,Pará,15,15011,Cametá,1504,Nordeste Paraense,1,N,Norte,IBGE_API
1504059,Mãe do Rio,PA,Pará,15,15013,Guamá,1504,Nordeste Paraense,1,N,Norte,IBGE_API
1504109,Magalhães Barata,PA,Pará,15,15009,Salgado,1504,Nordeste Paraense,1,N,Norte,IBGE_API
1504208,Marabá,PA,Pará,15,15020,Marabá,1506,Sudeste Paraense,1,N,Norte,IBGE_API
1504307,Maracanã,PA,Pará,15,15009,Salgado,1504,Nordeste Paraense,1,N,Norte,IBGE_API
1504406,Marapanim,PA,Pará,15,15009,Salgado,1504,Nordeste Paraense,1,N,Norte,IBGE_API
1504422,Marituba,PA,Pará,15,15007,Belém,1503,Metropolitana de Belém,1,N,Norte,IBGE_API
1504455,Medicilândia,PA,Pará,15,15015,Altamira,1505,Sudoeste Paraense,1,N,Norte,IBGE_API
1504505,Melgaço,PA,Pará,15,15004,Portel,1502,Marajó,1,N,Norte,IBGE_API
1504604,Mocajuba,PA,Pará,15,15011,Cametá,1504,Nordeste Paraense,1,N,Norte,IBGE_API
1504703,Moju,PA,Pará,15,15012,Tomé-Açu,1504,Nordeste Paraense,1,N,Norte,IBGE_API
1504752,Mojuí dos Campos,PA,Pará,15,15002,Santarém,1501,Baixo Amazonas,1,N,Norte,IBGE_API
1504802,Monte Alegre,PA,Pará,15,15002,Santarém,1501,Baixo Amazonas,1,N,Norte,IBGE_API
1504901,Muaná,PA,Pará,15,15006,Arari,1502,Marajó,1,N,Norte,IBGE_API
1504950,Nova Esperança do Piriá,PA,Pará,15,15013,Guamá,1504,Nordeste Paraense,1,N,Norte,IBGE_API
1504976,Nova Ipixuna,PA,Pará,15,15016,Tucuruí,1506,Sudeste Paraense,1,N,Norte,IBGE_API
1505007,Nova Timboteua,PA,Pará,15,15010,Bragantina,1504,Nordeste Paraense,1,N,Norte,IBGE_API
1505031,Novo Progresso,PA,Pará,15,15014,Itaituba,1505,Sudoeste Paraense,1,N,Norte,IBGE_API
1505064,Novo Repartimento,PA,Pará,15,15016,Tucuruí,1506,Sudeste Paraense,1,N,Norte,IBGE_API
1505106,Óbidos,PA,Pará,15,15001,Óbidos,1501,Baixo Amazonas,1,N,Norte,IBGE_API
1505205,Oeiras do Pará,PA,Pará,15,15011,Cametá,1504,Nordeste Paraense,1,N,Norte,IBGE_API
1505304,Oriximiná,PA,Pará,15,15001,Óbidos,1501,Baixo Amazonas,1,N,Norte,IBGE_API
1505403,Ourém,PA,Pará,15,15013,Guamá,1504,Nordeste Paraense,1,N,Norte,IBGE_API
1505437,Ourilândia do Norte,PA,Pará,15,15018,São Félix do Xingu,1506,Sudeste Paraense,1,N,Norte,IBGE_API
1505486,Pacajá,PA,Pará,15,15015,Altamira,1505,Sudoeste Paraense,1,N,Norte,IBGE_API
1505494,Palestina do Pará,PA,Pará,15,15020,Marabá,1506,Sudeste Paraense,1,N,Norte,IBGE_API
1505502,Paragominas,PA,Pará,15,15017,Paragominas,1506,Sudeste Paraense,1,N,Norte,IBGE_API
1505536,Parauapebas,PA,Pará,15,15019,Parauapebas,1506,Sudeste Paraense,1,N,Norte,IBGE_API
1505551,Pau D'Arco,PA,Pará,15,15021,Redenção,1506,Sudeste Paraense,1,N,Norte,IBGE_API
1505601,Peixe-Boi,PA,Pará,15,15010,Bragantina,1504,Nordeste Paraense,1,N,Norte,IBGE_API
1505635,Piçarra,PA,Pará,15,15021,Redenção,1506,Sudeste Paraense,1,N,Norte,IBGE_API
1505650,Placas,PA,Pará,15,15002,Santarém,1501,Baixo Amazonas,1,N,Norte,IBGE_API
1505700,Ponta de Pedras,PA,Pará,15,15006,Arari,1502,Marajó,1,N,Norte,IBGE_API
1505809,Portel,PA,Pará,15,15004,Portel,1502,Marajó,1,N,Norte,IBGE_API
1505908,Porto de Moz,PA,Pará,15,15003,Almeirim,1501,Baixo Amazonas,1,N,Norte,IBGE_API
1506005,Prainha,PA,Pará,15,15002,Santarém,1501,Baixo Amazonas,1,N,Norte,IBGE_API
1506104,Primavera,PA,Pará,15,15010,Bragantina,1504,Nordeste Paraense,1,N,Norte,IBGE_API
1506112,Quatipuru,PA,Pará,15,15010,Bragantina,1504,Nordeste Paraense,1,N,Norte,IBGE_API
1506138,Redenção,PA,Pará,15,15021,Redenção,1506,Sudeste Paraense,1,N,Norte,IBGE_API
1506161,Rio Maria,PA,Pará,15,15021,Redenção,1506,Sudeste Paraense,1,N,Norte,IBGE_API
1506187,Rondon do Pará,PA,Pará,15,15017,Paragominas,1506,Sudeste Paraense,1,N,Norte,IBGE_API
1506195,Rurópolis,PA,Pará,15,15014,Itaituba,1505,Sudoeste Paraense,1,N,Norte,IBGE_API
1506203,Salinópolis,PA,Pará,15,15009,Salgado,1504,Nordeste Paraense,1,N,Norte,IBGE_API
1506302,Salvaterra,PA,Pará,15,15006,Arari,1502,Marajó,1,N,Norte,IBGE_API
1506351,Santa Bárbara do Pará,PA,Pará,15,15007,Belém,1503,Metropolitana de Belém,1,N,Norte,IBGE_API
1506401,Santa Cruz do Arari,PA,Pará,15,15006,Arari,1502,Marajó,1,N,Norte,IBGE_API
1506500,Santa Izabel do Pará,PA,Pará,15,15008,Castanhal,1503,Metropolitana de Belém,1,N,Norte,IBGE_API
1506559,Santa Luzia do Pará,PA,Pará,15,15013,Guamá,1504,Nordeste Paraense,1,N,Norte,IBGE_API
1506583,Santa Maria das Barreiras,PA,Pará,15,15022,Conceição do Araguaia,1506,Sudeste Paraense,1,N,Norte,IBGE_API
1506609,Santa Maria do Pará,PA,Pará,15,15010,Bragantina,1504,Nordeste Paraense,1,N,Norte,IBGE_API
1506708,Santana do Araguaia,PA,Pará,15,15022,Conceição do Araguaia,1506,Sudeste Paraense,1,N,Norte,IBGE_API
1506807,Santarém,PA,Pará,15,15002,Santarém,1501,Baixo Amazonas,1,N,Norte,IBGE_API
1506906,Santarém Novo,PA,Pará,15,15010,Bragantina,1504,Nordeste Paraense,1,N,Norte,IBGE_API
1507003,Santo Antônio do Tauá,PA,Pará,15,15008,Castanhal,1503,Metropolitana de Belém,1,N,Norte,IBGE_API
1507102,São Caetano de Odivelas,PA,Pará,15,15009,Salgado,1504,Nordeste Paraense,1,N,Norte,IBGE_API
1507151,São Domingos do Araguaia,PA,Pará,15,15020,Marabá,1506,Sudeste Paraense,1,N,Norte,IBGE_API
1507201,São Domingos do Capim,PA,Pará,15,15013,Guamá,1504,Nordeste Paraense,1,N,Norte,IBGE_API
1507300,São Félix do Xingu,PA,Pará,15,15018,São Félix do Xingu,1506,Sudeste Paraense,1,N,Norte,IBGE_API
1507409,São Francisco do Pará,PA,Pará,15,15010,Bragantina,1504,Nordeste Paraense,1,N,Norte,IBGE_API
1507458,São Geraldo do Araguaia,PA,Pará,15,15021,Redenção,1506,Sudeste Paraense,1,N,Norte,IBGE_API
1507466,São João da Ponta,PA,Pará,15,15009,Salgado,1504,Nordeste Paraense,1,N,Norte,IBGE_API
1507474,São João de Pirabas,PA,Pará,15,15009,Salgado,1504,Nordeste Paraense,1,N,Norte,IBGE_API
1507508,São João do Araguaia,PA,Pará,15,15020,Marabá,1506,Sudeste Paraense,1,N,Norte,IBGE_API
1507607,São Miguel do Guamá,PA,Pará,15,15013,Guamá,1504,Nordeste Paraense,1,N,Norte,IBGE_API
1507706,São Sebastião da Boa Vista,PA,Pará,15,15005,Furos de Breves,1502,Marajó,1,N,Norte,IBGE_API
1507755,Sapucaia,PA,Pará,15,15021,Redenção,1506,Sudeste Paraense,1,N,Norte,IBGE_API
1507805,Senador José Porfírio,PA,Pará,15,15015,Altamira,1505,Sudoeste Paraense,1,N,Norte,IBGE_API
1507904,Soure,PA,Pará,15,15006,Arari,1502,Marajó,1,N,Norte,IBGE_API
1507953,Tailândia,PA,Pará,15,15012,Tomé-Açu,1504,Nordeste Paraense,1,N,Norte,IBGE_API
1507961,Terra Alta,PA,Pará,15,15009,Salgado,1504,Nordeste Paraense,1,N,Norte,IBGE_API
1507979,Terra Santa,PA,Pará,15,15001,Óbidos,1501,Baixo Amazonas,1,N,Norte,IBGE_API
1508001,Tomé-Açu,PA,Pará,15,15012,Tomé-Açu,1504,Nordeste Paraense,1,N,Norte,IBGE_API
1508035,Tracuateua,PA,Pará,15,15010,Bragantina,1504,Nordeste Paraense,1,N,Norte,IBGE_API
1508050,Trairão,PA,Pará,15,15014,Itaituba,1505,Sudoeste Paraense,1,N,Norte,IBGE_API
1508084,Tucumã,PA,Pará,15,15018,São Félix do Xingu,1506,Sudeste Paraense,1,N,Norte,IBGE_API
1508100,Tucuruí,PA,Pará,15,15016,Tucuruí,1506,Sudeste Paraense,1,N,Norte,IBGE_API
1508126,Ulianópolis,PA,Pará,15,15017,Paragominas,1506,Sudeste Paraense,1,N,Norte,IBGE_API
1508159,Uruará,PA,Pará,15,15015,Altamira,1505,Sudoeste Paraense,1,N,Norte,IBGE_API
1508209,Vigia,PA,Pará,15,15009,Salgado,1504,Nordeste Paraense,1,N,Norte,IBGE_API
1508308,Viseu,PA,Pará,15,15013,Guamá,1504,Nordeste Paraense,1,N,Norte,IBGE_API
1508357,Vitória do Xingu,PA,Pará,15,15015,Altamira,1505,Sudoeste Paraense,1,N,Norte,IBGE_API
1508407,Xinguara,PA,Pará,15,15021,Redenção,1506,Sudeste Paraense,1,N,Norte,IBGE_API
1600055,Serra do Navio,AP,Amapá,16,16003,Macapá,1602,Sul do Amapá,1,N,Norte,IBGE_API
1600105,Amapá,AP,Amapá,16,16002,Amapá,1601,Norte do Amapá,1,N,Norte,IBGE_API
1600154,Pedra Branca do Amapari,AP,Amapá,16,16003,Macapá,1602,Sul do Amapá,1,N,Norte,IBGE_API
1600204,Calçoene,AP,Amapá,16,16001,Oiapoque,1601,Norte do Amapá,1,N,Norte,IBGE_API
1600212,Cutias,AP,Amapá,16,16003,Macapá,1602,Sul do Amapá,1,N,Norte,IBGE_API
1600238,Ferreira Gomes,AP,Amapá,16,16003,Macapá,1602,Sul do Amapá,1,N,Norte,IBGE_API
1600253,Itaubal,AP,Amapá,16,16003,Macapá,1602,Sul do Amapá,1,N,Norte,IBGE_API
1600279,Laranjal do Jari,AP,Amapá,16,16004,Mazagão,1602,Sul do Amapá,1,N,Norte,IBGE_API
1600303,Macapá,AP,Amapá,16,16003,Macapá,1602,Sul do Amapá,1,N,Norte,IBGE_API
1600402,Mazagão,AP,Amapá,16,16004,Mazagão,1602,Sul do Amapá,1,N,Norte,IBGE_API
1600501,Oiapoque,AP,Amapá,16,16001,Oiapoque,1601,Norte do Amapá,1,N,Norte,IBGE_API
1600535,Porto Grande,AP,Amapá,16,16003,Macapá,1602,Sul do Amapá,1,N,Norte,IBGE_API
1600550,Pracuúba,AP,Amapá,16,16002,Amapá,1601,Norte do Amapá,1,N,Norte,IBGE_API
1600600,Santana,AP,Amapá,16,16003,Macapá,1602,Sul do Amapá,1,N,Norte,IBGE_API
1600709,Tartarugalzinho,AP,Amapá,16,16002,Amapá,1601,Norte do Amapá,1,N,Norte,IBGE_API
1600808,Vitória do Jari,AP,Amapá,16,16004,Mazagão,1602,Sul do Amapá,1,N,Norte,IBGE_API
1700251,Abreulândia,TO,Tocantins,17,17003,Miracema do Tocantins,1701,Ocidental do Tocantins,1,N,Norte,IBGE_API
1700301,Aguiarnópolis,TO,Tocantins,17,17001,Bico do Papagaio,1701,Ocidental do Tocantins,1,N,Norte,IBGE_API
1700350,Aliança do Tocantins,TO,Tocantins,17,17005,Gurupi,1701,Ocidental do Tocantins,1,N,Norte,IBGE_API
1700400,Almas,TO,Tocantins,17,17008,Dianópolis,1702,Oriental do Tocantins,1,N,Norte,IBGE_API
1700707,Alvorada,TO,Tocantins,17,17005,Gurupi,1701,Ocidental do Tocantins,1,N,Norte,IBGE_API
1701002,Ananás,TO,Tocantins,17,17001,Bico do Papagaio,1701,Ocidental do Tocantins,1,N,Norte,IBGE_API
1701051,Angico,TO,Tocantins,17,17001,Bico do Papagaio,1701,Ocidental do Tocantins,1,N,Norte,IBGE_API
1701101,Aparecida do Rio Negro,TO,Tocantins,17,17006,Porto Nacional,1702,Oriental do Tocantins,1,N,Norte,IBGE_API
1701309,Aragominas,TO,Tocantins,17,17002,Araguaína,1701,Ocidental do Tocantins,1,N,Norte,IBGE_API
1701903,Araguacema,TO,Tocantins,17,17003,Miracema do Tocantins,1701,Ocidental do Tocantins,1,N,Norte,IBGE_API
1702000,Araguaçu,TO,Tocantins,17,17004,Rio Formoso,1701,Ocidental do Tocantins,1,N,Norte,IBGE_API
1702109,Araguaína,TO,Tocantins,17,17002,Araguaína,1701,Ocidental do Tocantins,1,N,Norte,IBGE_API
1702158,Araguanã,TO,Tocantins,17,17002,Araguaína,1701,Ocidental do Tocantins,1,N,Norte,IBGE_API
1702208,Araguatins,TO,Tocantins,17,17001,Bico do Papagaio,1701,Ocidental do Tocantins,1,N,Norte,IBGE_API
1702307,Arapoema,TO,Tocantins,17,17002,Araguaína,1701,Ocidental do Tocantins,1,N,Norte,IBGE_API
1702406,Arraias,TO,Tocantins,17,17008,Dianópolis,1702,Oriental do Tocantins,1,N,Norte,IBGE_API
1702554,Augustinópolis,TO,Tocantins,17,17001,Bico do Papagaio,1701,Ocidental do Tocantins,1,N,Norte,IBGE_API
1702703,Aurora do Tocantins,TO,Tocantins,17,17008,Dianópolis,1702,Oriental do Tocantins,1,N,Norte,IBGE_API
1702901,Axixá do Tocantins,TO,Tocantins,17,17001,Bico do Papagaio,1701,Ocidental do Tocantins,1,N,Norte,IBGE_API
1703008,Babaçulândia,TO,Tocantins,17,17002,Araguaína,1701,Ocidental do Tocantins,1,N,Norte,IBGE_API
1703057,Bandeirantes do Tocantins,TO,Tocantins,17,17002,Araguaína,1701,Ocidental do Tocantins,1,N,Norte,IBGE_API
1703073,Barra do Ouro,TO,Tocantins,17,17007,Jalapão,1702,Oriental do Tocantins,1,N,Norte,IBGE_API
1703107,Barrolândia,TO,Tocantins,17,17003,Miracema do Tocantins,1701,Ocidental do Tocantins,1,N,Norte,IBGE_API
1703206,Bernardo Sayão,TO,Tocantins,17,17003,Miracema do Tocantins,1701,Ocidental do Tocantins,1,N,Norte,IBGE_API
1703305,Bom Jesus do Tocantins,TO,Tocantins,17,17006,Porto Nacional,1702,Oriental do Tocantins,1,N,Norte,IBGE_API
1703602,Brasilândia do Tocantins,TO,Tocantins,17,17003,Miracema do Tocantins,1701,Ocidental do Tocantins,1,N,Norte,IBGE_API
1703701,Brejinho de Nazaré,TO,Tocantins,17,17005,Gurupi,1701,Ocidental do Tocantins,1,N,Norte,IBGE_API
1703800,Buriti do Tocantins,TO,Tocantins,17,17001,Bico do Papagaio,1701,Ocidental do Tocantins,1,N,Norte,IBGE_API
1703826,Cachoeirinha,TO,Tocantins,17,17001,Bico do Papagaio,1701,Ocidental do Tocantins,1,N,Norte,IBGE_API
1703842,Campos Lindos,TO,Tocantins,17,17007,Jalapão,1702,Oriental do Tocantins,1,N,Norte,IBGE_API
1703867,Cariri do Tocantins,TO,Tocantins,17,17005,Gurupi,1701,Ocidental do Tocantins,1,N,Norte,IBGE_API
1703883,Carmolândia,TO,Tocantins,17,17002,Araguaína,1701,Ocidental do Tocantins,1,N,Norte,IBGE_API
1703891,Carrasco Bonito,TO,Tocantins,17,17001,Bico do Papagaio,1701,Ocidental do Tocantins,1,N,Norte,IBGE_API
1703909,Caseara,TO,Tocantins,17,17003,Miracema do Tocantins,1701,Ocidental do Tocantins,1,N,Norte,IBGE_API
1704105,Centenário,TO,Tocantins,17,17007,Jalapão,1702,Oriental do Tocantins,1,N,Norte,IBGE_API
1704600,Chapada de Areia,TO,Tocantins,17,17004,Rio Formoso,1701,Ocidental do Tocantins,1,N,Norte,IBGE_API
1705102,Chapada da Natividade,TO,Tocantins,17,17008,Dianópolis,1702,Oriental do Tocantins,1,N,Norte,IBGE_API
1705508,Colinas do Tocantins,TO,Tocantins,17,17002,Araguaína,1701,Ocidental do Tocantins,1,N,Norte,IBGE_API
1705557,Combinado,TO,Tocantins,17,17008,Dianópolis,1702,Oriental do Tocantins,1,N,Norte,IBGE_API
1705607,Conceição do Tocantins,TO,Tocantins,17,17008,Dianópolis,1702,Oriental do Tocantins,1,N,Norte,IBGE_API
1706001,Couto Magalhães,TO,Tocantins,17,17003,Miracema do Tocantins,1701,Ocidental do Tocantins,1,N,Norte,IBGE_API
1706100,Cristalândia,TO,Tocantins,17,17004,Rio Formoso,1701,Ocidental do Tocantins,1,N,Norte,IBGE_API
1706258,Crixás do Tocantins,TO,Tocantins,17,17005,Gurupi,1701,Ocidental do Tocantins,1,N,Norte,IBGE_API
1706506,Darcinópolis,TO,Tocantins,17,17001,Bico do Papagaio,1701,Ocidental do Tocantins,1,N,Norte,IBGE_API
1707009,Dianópolis,TO,Tocantins,17,17008,Dianópolis,1702,Oriental do Tocantins,1,N,Norte,IBGE_API
1707108,Divinópolis do Tocantins,TO,Tocantins,17,17003,Miracema do Tocantins,1701,Ocidental do Tocantins,1,N,Norte,IBGE_API
1707207,Dois Irmãos do Tocantins,TO,Tocantins,17,17003,Miracema do Tocantins,1701,Ocidental do Tocantins,1,N,Norte,IBGE_API
1707306,Dueré,TO,Tocantins,17,17004,Rio Formoso,1701,Ocidental do Tocantins,1,N,Norte,IBGE_API
1707405,Esperantina,TO,Tocantins,17,17001,Bico do Papagaio,1701,Ocidental do Tocantins,1,N,Norte,IBGE_API
1707553,Fátima,TO,Tocantins,17,17004,Rio Formoso,1701,Ocidental do Tocantins,1,N,Norte,IBGE_API
1707652,Figueirópolis,TO,Tocantins,17,17005,Gurupi,1701,Ocidental do Tocantins,1,N,Norte,IBGE_API
1707702,Filadélfia,TO,Tocantins,17,17002,Araguaína,1701,Ocidental do Tocantins,1,N,Norte,IBGE_API
1708205,Formoso do Araguaia,TO,Tocantins,17,17004,Rio Formoso,1701,Ocidental do Tocantins,1,N,Norte,IBGE_API
1708254,Tabocão,TO,Tocantins,17,17003,Miracema do Tocantins,1701,Ocidental do Tocantins,1,N,Norte,IBGE_API
1708304,Goianorte,TO,Tocantins,17,17003,Miracema do Tocantins,1701,Ocidental do Tocantins,1,N,Norte,IBGE_API
1709005,Goiatins,TO,Tocantins,17,17007,Jalapão,1702,Oriental do Tocantins,1,N,Norte,IBGE_API
1709302,Guaraí,TO,Tocantins,17,17003,Miracema do Tocantins,1701,Ocidental do Tocantins,1,N,Norte,IBGE_API
1709500,Gurupi,TO,Tocantins,17,17005,Gurupi,1701,Ocidental do Tocantins,1,N,Norte,IBGE_API
1709807,Ipueiras,TO,Tocantins,17,17006,Porto Nacional,1702,Oriental do Tocantins,1,N,Norte,IBGE_API
1710508,Itacajá,TO,Tocantins,17,17007,Jalapão,1702,Oriental do Tocantins,1,N,Norte,IBGE_API
1710706,Itaguatins,TO,Tocantins,17,17001,Bico do Papagaio,1701,Ocidental do Tocantins,1,N,Norte,IBGE_API
1710904,Itapiratins,TO,Tocantins,17,17007,Jalapão,1702,Oriental do Tocantins,1,N,Norte,IBGE_API
1711100,Itaporã do Tocantins,TO,Tocantins,17,17003,Miracema do Tocantins,1701,Ocidental do Tocantins,1,N,Norte,IBGE_API
1711506,Jaú do Tocantins,TO,Tocantins,17,17005,Gurupi,1701,Ocidental do Tocantins,1,N,Norte,IBGE_API
1711803,Juarina,TO,Tocantins,17,17003,Miracema do Tocantins,1701,Ocidental do Tocantins,1,N,Norte,IBGE_API
1711902,Lagoa da Confusão,TO,Tocantins,17,17004,Rio Formoso,1701,Ocidental do Tocantins,1,N,Norte,IBGE_API
1711951,Lagoa do Tocantins,TO,Tocantins,17,17007,Jalapão,1702,Oriental do Tocantins,1,N,Norte,IBGE_API
1712009,Lajeado,TO,Tocantins,17,17006,Porto Nacional,1702,Oriental do Tocantins,1,N,Norte,IBGE_API
1712157,Lavandeira,TO,Tocantins,17,17008,Dianópolis,1702,Oriental do Tocantins,1,N,Norte,IBGE_API
1712405,Lizarda,TO,Tocantins,17,17007,Jalapão,1702,Oriental do Tocantins,1,N,Norte,IBGE_API
1712454,Luzinópolis,TO,Tocantins,17,17001,Bico do Papagaio,1701,Ocidental do Tocantins,1,N,Norte,IBGE_API
1712504,Marianópolis do Tocantins,TO,Tocantins,17,17003,Miracema do Tocantins,1701,Ocidental do Tocantins,1,N,Norte,IBGE_API
1712702,Mateiros,TO,Tocantins,17,17007,Jalapão,1702,Oriental do Tocantins,1,N,Norte,IBGE_API
1712801,Maurilândia do Tocantins,TO,Tocantins,17,17001,Bico do Papagaio,1701,Ocidental do Tocantins,1,N,Norte,IBGE_API
1713205,Miracema do Tocantins,TO,Tocantins,17,17003,Miracema do Tocantins,1701,Ocidental do Tocantins,1,N,Norte,IBGE_API
1713304,Miranorte,TO,Tocantins,17,17003,Miracema do Tocantins,1701,Ocidental do Tocantins,1,N,Norte,IBGE_API
1713601,Monte do Carmo,TO,Tocantins,17,17006,Porto Nacional,1702,Oriental do Tocantins,1,N,Norte,IBGE_API
1713700,Monte Santo do Tocantins,TO,Tocantins,17,17003,Miracema do Tocantins,1701,Ocidental do Tocantins,1,N,Norte,IBGE_API
1713809,Palmeiras do Tocantins,TO,Tocantins,17,17001,Bico do Papagaio,1701,Ocidental do Tocantins,1,N,Norte,IBGE_API
1713957,Muricilândia,TO,Tocantins,17,17002,Araguaína,1701,Ocidental do Tocantins,1,N,Norte,IBGE_API
1714203,Natividade,TO,Tocantins,17,17008,Dianópolis,1702,Oriental do Tocantins,1,N,Norte,IBGE_API
1714302,Nazaré,TO,Tocantins,17,17001,Bico do Papagaio,1701,Ocidental do Tocantins,1,N,Norte,IBGE_API
1714880,Nova Olinda,TO,Tocantins,17,17002,Araguaína,1701,Ocidental do Tocantins,1,N,Norte,IBGE_API
1715002,Nova Rosalândia,TO,Tocantins,17,17004,Rio Formoso,1701,Ocidental do Tocantins,1,N,Norte,IBGE_API
1715101,Novo Acordo,TO,Tocantins,17,17007,Jalapão,1702,Oriental do Tocantins,1,N,Norte,IBGE_API
1715150,Novo Alegre,TO,Tocantins,17,17008,Dianópolis,1702,Oriental do Tocantins,1,N,Norte,IBGE_API
1715259,Novo Jardim,TO,Tocantins,17,17008,Dianópolis,1702,Oriental do Tocantins,1,N,Norte,IBGE_API
1715507,Oliveira de Fátima,TO,Tocantins,17,17004,Rio Formoso,1701,Ocidental do Tocantins,1,N,Norte,IBGE_API
1715705,Palmeirante,TO,Tocantins,17,17002,Araguaína,1701,Ocidental do Tocantins,1,N,Norte,IBGE_API
1715754,Palmeirópolis,TO,Tocantins,17,17005,Gurupi,1701,Ocidental do Tocantins,1,N,Norte,IBGE_API
1716109,Paraíso do Tocantins,TO,Tocantins,17,17004,Rio Formoso,1701,Ocidental do Tocantins,1,N,Norte,IBGE_API
1716208,Paranã,TO,Tocantins,17,17008,Dianópolis,1702,Oriental do Tocantins,1,N,Norte,IBGE_API
1716307,Pau D'Arco,TO,Tocantins,17,17002,Araguaína,1701,Ocidental do Tocantins,1,N,Norte,IBGE_API
1716505,Pedro Afonso,TO,Tocantins,17,17006,Porto Nacional,1702,Oriental do Tocantins,1,N,Norte,IBGE_API
1716604,Peixe,TO,Tocantins,17,17005,Gurupi,1701,Ocidental do Tocantins,1,N,Norte,IBGE_API
1716653,Pequizeiro,TO,Tocantins,17,17003,Miracema do Tocantins,1701,Ocidental do Tocantins,1,N,Norte,IBGE_API
1716703,Colméia,TO,Tocantins,17,17003,Miracema do Tocantins,1701,Ocidental do Tocantins,1,N,Norte,IBGE_API
1717008,Pindorama do Tocantins,TO,Tocantins,17,17008,Dianópolis,1702,Oriental do Tocantins,1,N,Norte,IBGE_API
1717206,Piraquê,TO,Tocantins,17,17002,Araguaína,1701,Ocidental do Tocantins,1,N,Norte,IBGE_API
1717503,Pium,TO,Tocantins,17,17004,Rio Formoso,1701,Ocidental do Tocantins,1,N,Norte,IBGE_API
1717800,Ponte Alta do Bom Jesus,TO,Tocantins,17,17008,Dianópolis,1702,Oriental do Tocantins,1,N,Norte,IBGE_API
1717909,Ponte Alta do Tocantins,TO,Tocantins,17,17007,Jalapão,1702,Oriental do Tocantins,1,N,Norte,IBGE_API
1718006,Porto Alegre do Tocantins,TO,Tocantins,17,17008,Dianópolis,1702,Oriental do Tocantins,1,N,Norte,IBGE_API
1718204,Porto Nacional,TO,Tocantins,17,17006,Porto Nacional,1702,Oriental do Tocantins,1,N,Norte,IBGE_API
1718303,Praia Norte,TO,Tocantins,17,17001,Bico do Papagaio,1701,Ocidental do Tocantins,1,N,Norte,IBGE_API
1718402,Presidente Kennedy,TO,Tocantins,17,17003,Miracema do Tocantins,1701,Ocidental do Tocantins,1,N,Norte,IBGE_API
1718451,Pugmil,TO,Tocantins,17,17004,Rio Formoso,1701,Ocidental do Tocantins,1,N,Norte,IBGE_API
1718501,Recursolândia,TO,Tocantins,17,17007,Jalapão,1702,Oriental do Tocantins,1,N,Norte,IBGE_API
1718550,Riachinho,TO,Tocantins,17,17001,Bico do Papagaio,1701,Ocidental do Tocantins,1,N,Norte,IBGE_API
1718659,Rio da Conceição,TO,Tocantins,17,17008,Dianópolis,1702,Oriental do Tocantins,1,N,Norte,IBGE_API
1718709,Rio dos Bois,TO,Tocantins,17,17003,Miracema do Tocantins,1701,Ocidental do Tocantins,1,N,Norte,IBGE_API
1718758,Rio Sono,TO,Tocantins,17,17007,Jalapão,1702,Oriental do Tocantins,1,N,Norte,IBGE_API
1718808,Sampaio,TO,Tocantins,17,17001,Bico do Papagaio,1701,Ocidental do Tocantins,1,N,Norte,IBGE_API
1718840,Sandolândia,TO,Tocantins,17,17004,Rio Formoso,1701,Ocidental do Tocantins,1,N,Norte,IBGE_API
1718865,Santa Fé do Araguaia,TO,Tocantins,17,17002,Araguaína,1701,Ocidental do Tocantins,1,N,Norte,IBGE_API
1718881,Santa Maria do Tocantins,TO,Tocantins,17,17006,Porto Nacional,1702,Oriental do Tocantins,1,N,Norte,IBGE_API
1718899,Santa Rita do Tocantins,TO,Tocantins,17,17005,Gurupi,1701,Ocidental do Tocantins,1,N,Norte,IBGE_API
1718907,Santa Rosa do Tocantins,TO,Tocantins,17,17008,Dianópolis,1702,Oriental do Tocantins,1,N,Norte,IBGE_API
1719004,Santa Tereza do Tocantins,TO,Tocantins,17,17007,Jalapão,1702,Oriental do Tocantins,1,N,Norte,IBGE_API
1720002,Santa Terezinha do Tocantins,TO,Tocantins,17,17001,Bico do Papagaio,1701,Ocidental do Tocantins,1,N,Norte,IBGE_API
1720101,São Bento do Tocantins,TO,Tocantins,17,17001,Bico do Papagaio,1701,Ocidental do Tocantins,1,N,Norte,IBGE_API
1720150,São Félix do Tocantins,TO,Tocantins,17,17007,Jalapão,1702,Oriental do Tocantins,1,N,Norte,IBGE_API
1720200,São Miguel do Tocantins,TO,Tocantins,17,17001,Bico do Papagaio,1701,Ocidental do Tocantins,1,N,Norte,IBGE_API
1720259,São Salvador do Tocantins,TO,Tocantins,17,17005,Gurupi,1701,Ocidental do Tocantins,1,N,Norte,IBGE_API
1720309,São Sebastião do Tocantins,TO,Tocantins,17,17001,Bico do Papagaio,1701,Ocidental do Tocantins,1,N,Norte,IBGE_API
1720499,São Valério,TO,Tocantins,17,17008,Dianópolis,1702,Oriental do Tocantins,1,N,Norte,IBGE_API
1720655,Silvanópolis,TO,Tocantins,17,17006,Porto Nacional,1702,Oriental do Tocantins,1,N,Norte,IBGE_API
1720804,Sítio Novo do Tocantins,TO,Tocantins,17,17001,Bico do Papagaio,1701,Ocidental do Tocantins,1,N,Norte,IBGE_API
1720853,Sucupira,TO,Tocantins,17,17005,Gurupi,1701,Ocidental do Tocantins,1,N,Norte,IBGE_API
1720903,Taguatinga,TO,Tocantins,17,17008,Dianópolis,1702,Oriental do Tocantins,1,N,Norte,IBGE_API
1720937,Taipas do Tocantins,TO,Tocantins,17,17008,Dianópolis,1702,Oriental do Tocantins,1,N,Norte,IBGE_API
1720978,Talismã,TO,Tocantins,17,17005,Gurupi,1701,Ocidental do Tocantins,1,N,Norte,IBGE_API
1721000,Palmas,TO,Tocantins,17,17006,Porto Nacional,1702,Oriental do Tocantins,1,N,Norte,IBGE_API
1721109,Tocantínia,TO,Tocantins,17,17006,Porto Nacional,1702,Oriental do Tocantins,1,N,Norte,IBGE_API
1721208,Tocantinópolis,TO,Tocantins,17,17001,Bico do Papagaio,1701,Ocidental do Tocantins,1,N,Norte,IBGE_API
1721257,Tupirama,TO,Tocantins,17,17003,Miracema do Tocantins,1701,Ocidental do Tocantins,1,N,Norte,IBGE_API
1721307,Tupiratins,TO,Tocantins,17,17003,Miracema do Tocantins,1701,Ocidental do Tocantins,1,N,Norte,IBGE_API
1722081,Wanderlândia,TO,Tocantins,17,17002,Araguaína,1701,Ocidental do Tocantins,1,N,Norte,IBGE_API
1722107,Xambioá,TO,Tocantins,17,17002,Araguaína,1701,Ocidental do Tocantins,1,N,Norte,IBGE_API
2100055,Açailândia,MA,Maranhão,21,21009,Imperatriz,2102,Oeste Maranhense,2,NE,Nordeste,IBGE_API
2100105,Afonso Cunha,MA,Maranhão,21,21016,Coelho Neto,2104,Leste Maranhense,2,NE,Nordeste,IBGE_API
2100154,Água Doce do Maranhão,MA,Maranhão,21,21013,Baixo Parnaíba Maranhense,2104,Leste Maranhense,2,NE,Nordeste,IBGE_API
2100204,Alcântara,MA,Maranhão,21,21001,Litoral Ocidental Maranhense,2101,Norte Maranhense,2,NE,Nordeste,IBGE_API
2100303,Aldeias Altas,MA,Maranhão,21,21016,Coelho Neto,2104,Leste Maranhense,2,NE,Nordeste,IBGE_API
2100402,Altamira do Maranhão,MA,Maranhão,21,21008,Pindaré,2102,Oeste Maranhense,2,NE,Nordeste,IBGE_API
2100436,Alto Alegre do Maranhão,MA,Maranhão,21,21015,Codó,2104,Leste Maranhense,2,NE,Nordeste,IBGE_API
2100477,Alto Alegre do Pindaré,MA,Maranhão,21,21008,Pindaré,2102,Oeste Maranhense,2,NE,Nordeste,IBGE_API
2100501,Alto Parnaíba,MA,Maranhão,21,21020,Gerais de Balsas,2105,Sul Maranhense,2,NE,Nordeste,IBGE_API
2100550,Amapá do Maranhão,MA,Maranhão,21,21007,Gurupi,2102,Oeste Maranhense,2,NE,Nordeste,IBGE_API
2100600,Amarante do Maranhão,MA,Maranhão,21,21009,Imperatriz,2102,Oeste Maranhense,2,NE,Nordeste,IBGE_API
2100709,Anajatuba,MA,Maranhão,21,21005,Baixada Maranhense,2101,Norte Maranhense,2,NE,Nordeste,IBGE_API
2100808,Anapurus,MA,Maranhão,21,21014,Chapadinha,2104,Leste Maranhense,2,NE,Nordeste,IBGE_API
2100832,Apicum-Açu,MA,Maranhão,21,21001,Litoral Ocidental Maranhense,2101,Norte Maranhense,2,NE,Nordeste,IBGE_API
2100873,Araguanã,MA,Maranhão,21,21008,Pindaré,2102,Oeste Maranhense,2,NE,Nordeste,IBGE_API
2100907,Araioses,MA,Maranhão,21,21013,Baixo Parnaíba Maranhense,2104,Leste Maranhense,2,NE,Nordeste,IBGE_API
2100956,Arame,MA,Maranhão,21,21011,Alto Mearim e Grajaú,2103,Centro Maranhense,2,NE,Nordeste,IBGE_API
2101004,Arari,MA,Maranhão,21,21005,Baixada Maranhense,2101,Norte Maranhense,2,NE,Nordeste,IBGE_API
2101103,Axixá,MA,Maranhão,21,21003,Rosário,2101,Norte Maranhense,2,NE,Nordeste,IBGE_API
2101202,Bacabal,MA,Maranhão,21,21010,Médio Mearim,2103,Centro Maranhense,2,NE,Nordeste,IBGE_API
2101251,Bacabeira,MA,Maranhão,21,21003,Rosário,2101,Norte Maranhense,2,NE,Nordeste,IBGE_API
2101301,Bacuri,MA,Maranhão,21,21001,Litoral Ocidental Maranhense,2101,Norte Maranhense,2,NE,Nordeste,IBGE_API
2101350,Bacurituba,MA,Maranhão,21,21001,Litoral Ocidental Maranhense,2101,Norte Maranhense,2,NE,Nordeste,IBGE_API
2101400,Balsas,MA,Maranhão,21,21020,Gerais de Balsas,2105,Sul Maranhense,2,NE,Nordeste,IBGE_API
2101509,Barão de Grajaú,MA,Maranhão,21,21018,Chapadas do Alto Itapecuru,2104,Leste Maranhense,2,NE,Nordeste,IBGE_API
2101608,Barra do Corda,MA,Maranhão,21,21011,Alto Mearim e Grajaú,2103,Centro Maranhense,2,NE,Nordeste,IBGE_API
2101707,Barreirinhas,MA,Maranhão,21,21004,Lençóis Maranhenses,2101,Norte Maranhense,2,NE,Nordeste,IBGE_API
2101731,Belágua,MA,Maranhão,21,21014,Chapadinha,2104,Leste Maranhense,2,NE,Nordeste,IBGE_API
2101772,Bela Vista do Maranhão,MA,Maranhão,21,21005,Baixada Maranhense,2101,Norte Maranhense,2,NE,Nordeste,IBGE_API
2101806,Benedito Leite,MA,Maranhão,21,21021,Chapadas das Mangabeiras,2105,Sul Maranhense,2,NE,Nordeste,IBGE_API
2101905,Bequimão,MA,Maranhão,21,21001,Litoral Ocidental Maranhense,2101,Norte Maranhense,2,NE,Nordeste,IBGE_API
2101939,Bernardo do Mearim,MA,Maranhão,21,21010,Médio Mearim,2103,Centro Maranhense,2,NE,Nordeste,IBGE_API
2101970,Boa Vista do Gurupi,MA,Maranhão,21,21007,Gurupi,2102,Oeste Maranhense,2,NE,Nordeste,IBGE_API
2102002,Bom Jardim,MA,Maranhão,21,21008,Pindaré,2102,Oeste Maranhense,2,NE,Nordeste,IBGE_API
2102036,Bom Jesus das Selvas,MA,Maranhão,21,21008,Pindaré,2102,Oeste Maranhense,2,NE,Nordeste,IBGE_API
2102077,Bom Lugar,MA,Maranhão,21,21010,Médio Mearim,2103,Centro Maranhense,2,NE,Nordeste,IBGE_API
2102101,Brejo,MA,Maranhão,21,21014,Chapadinha,2104,Leste Maranhense,2,NE,Nordeste,IBGE_API
2102150,Brejo de Areia,MA,Maranhão,21,21008,Pindaré,2102,Oeste Maranhense,2,NE,Nordeste,IBGE_API
2102200,Buriti,MA,Maranhão,21,21014,Chapadinha,2104,Leste Maranhense,2,NE,Nordeste,IBGE_API
2102309,Buriti Bravo,MA,Maranhão,21,21017,Caxias,2104,Leste Maranhense,2,NE,Nordeste,IBGE_API
2102325,Buriticupu,MA,Maranhão,21,21008,Pindaré,2102,Oeste Maranhense,2,NE,Nordeste,IBGE_API
2102358,Buritirana,MA,Maranhão,21,21009,Imperatriz,2102,Oeste Maranhense,2,NE,Nordeste,IBGE_API
2102374,Cachoeira Grande,MA,Maranhão,21,21003,Rosário,2101,Norte Maranhense,2,NE,Nordeste,IBGE_API
2102408,Cajapió,MA,Maranhão,21,21001,Litoral Ocidental Maranhense,2101,Norte Maranhense,2,NE,Nordeste,IBGE_API
2102507,Cajari,MA,Maranhão,21,21005,Baixada Maranhense,2101,Norte Maranhense,2,NE,Nordeste,IBGE_API
2102556,Campestre do Maranhão,MA,Maranhão,21,21019,Porto Franco,2105,Sul Maranhense,2,NE,Nordeste,IBGE_API
2102606,Cândido Mendes,MA,Maranhão,21,21007,Gurupi,2102,Oeste Maranhense,2,NE,Nordeste,IBGE_API
2102705,Cantanhede,MA,Maranhão,21,21006,Itapecuru Mirim,2101,Norte Maranhense,2,NE,Nordeste,IBGE_API
2102754,Capinzal do Norte,MA,Maranhão,21,21015,Codó,2104,Leste Maranhense,2,NE,Nordeste,IBGE_API
2102804,Carolina,MA,Maranhão,21,21019,Porto Franco,2105,Sul Maranhense,2,NE,Nordeste,IBGE_API
2102903,Carutapera,MA,Maranhão,21,21007,Gurupi,2102,Oeste Maranhense,2,NE,Nordeste,IBGE_API
2103000,Caxias,MA,Maranhão,21,21017,Caxias,2104,Leste Maranhense,2,NE,Nordeste,IBGE_API
2103109,Cedral,MA,Maranhão,21,21001,Litoral Ocidental Maranhense,2101,Norte Maranhense,2,NE,Nordeste,IBGE_API
2103125,Central do Maranhão,MA,Maranhão,21,21001,Litoral Ocidental Maranhense,2101,Norte Maranhense,2,NE,Nordeste,IBGE_API
2103158,Centro do Guilherme,MA,Maranhão,21,21007,Gurupi,2102,Oeste Maranhense,2,NE,Nordeste,IBGE_API
2103174,Centro Novo do Maranhão,MA,Maranhão,21,21007,Gurupi,2102,Oeste Maranhense,2,NE,Nordeste,IBGE_API
2103208,Chapadinha,MA,Maranhão,21,21014,Chapadinha,2104,Leste Maranhense,2,NE,Nordeste,IBGE_API
2103257,Cidelândia,MA,Maranhão,21,21009,Imperatriz,2102,Oeste Maranhense,2,NE,Nordeste,IBGE_API
2103307,Codó,MA,Maranhão,21,21015,Codó,2104,Leste Maranhense,2,NE,Nordeste,IBGE_API
2103406,Coelho Neto,MA,Maranhão,21,21016,Coelho Neto,2104,Leste Maranhense,2,NE,Nordeste,IBGE_API
2103505,Colinas,MA,Maranhão,21,21018,Chapadas do Alto Itapecuru,2104,Leste Maranhense,2,NE,Nordeste,IBGE_API
2103554,Conceição do Lago-Açu,MA,Maranhão,21,21005,Baixada Maranhense,2101,Norte Maranhense,2,NE,Nordeste,IBGE_API
2103604,Coroatá,MA,Maranhão,21,21015,Codó,2104,Leste Maranhense,2,NE,Nordeste,IBGE_API
2103703,Cururupu,MA,Maranhão,21,21001,Litoral Ocidental Maranhense,2101,Norte Maranhense,2,NE,Nordeste,IBGE_API
2103752,Davinópolis,MA,Maranhão,21,21009,Imperatriz,2102,Oeste Maranhense,2,NE,Nordeste,IBGE_API
2103802,Dom Pedro,MA,Maranhão,21,21012,Presidente Dutra,2103,Centro Maranhense,2,NE,Nordeste,IBGE_API
2103901,Duque Bacelar,MA,Maranhão,21,21016,Coelho Neto,2104,Leste Maranhense,2,NE,Nordeste,IBGE_API
2104008,Esperantinópolis,MA,Maranhão,21,21010,Médio Mearim,2103,Centro Maranhense,2,NE,Nordeste,IBGE_API
2104057,Estreito,MA,Maranhão,21,21019,Porto Franco,2105,Sul Maranhense,2,NE,Nordeste,IBGE_API
2104073,Feira Nova do Maranhão,MA,Maranhão,21,21020,Gerais de Balsas,2105,Sul Maranhense,2,NE,Nordeste,IBGE_API
2104081,Fernando Falcão,MA,Maranhão,21,21011,Alto Mearim e Grajaú,2103,Centro Maranhense,2,NE,Nordeste,IBGE_API
2104099,Formosa da Serra Negra,MA,Maranhão,21,21011,Alto Mearim e Grajaú,2103,Centro Maranhense,2,NE,Nordeste,IBGE_API
2104107,Fortaleza dos Nogueiras,MA,Maranhão,21,21021,Chapadas das Mangabeiras,2105,Sul Maranhense,2,NE,Nordeste,IBGE_API
2104206,Fortuna,MA,Maranhão,21,21012,Presidente Dutra,2103,Centro Maranhense,2,NE,Nordeste,IBGE_API
2104305,Godofredo Viana,MA,Maranhão,21,21007,Gurupi,2102,Oeste Maranhense,2,NE,Nordeste,IBGE_API
2104404,Gonçalves Dias,MA,Maranhão,21,21012,Presidente Dutra,2103,Centro Maranhense,2,NE,Nordeste,IBGE_API
2104503,Governador Archer,MA,Maranhão,21,21012,Presidente Dutra,2103,Centro Maranhense,2,NE,Nordeste,IBGE_API
2104552,Governador Edison Lobão,MA,Maranhão,21,21009,Imperatriz,2102,Oeste Maranhense,2,NE,Nordeste,IBGE_API
2104602,Governador Eugênio Barros,MA,Maranhão,21,21012,Presidente Dutra,2103,Centro Maranhense,2,NE,Nordeste,IBGE_API
2104628,Governador Luiz Rocha,MA,Maranhão,21,21012,Presidente Dutra,2103,Centro Maranhense,2,NE,Nordeste,IBGE_API
2104651,Governador Newton Bello,MA,Maranhão,21,21008,Pindaré,2102,Oeste Maranhense,2,NE,Nordeste,IBGE_API
2104677,Governador Nunes Freire,MA,Maranhão,21,21007,Gurupi,2102,Oeste Maranhense,2,NE,Nordeste,IBGE_API
2104701,Graça Aranha,MA,Maranhão,21,21012,Presidente Dutra,2103,Centro Maranhense,2,NE,Nordeste,IBGE_API
2104800,Grajaú,MA,Maranhão,21,21011,Alto Mearim e Grajaú,2103,Centro Maranhense,2,NE,Nordeste,IBGE_API
2104909,Guimarães,MA,Maranhão,21,21001,Litoral Ocidental Maranhense,2101,Norte Maranhense,2,NE,Nordeste,IBGE_API
2105005,Humberto de Campos,MA,Maranhão,21,21004,Lençóis Maranhenses,2101,Norte Maranhense,2,NE,Nordeste,IBGE_API
2105104,Icatu,MA,Maranhão,21,21003,Rosário,2101,Norte Maranhense,2,NE,Nordeste,IBGE_API
2105153,Igarapé do Meio,MA,Maranhão,21,21005,Baixada Maranhense,2101,Norte Maranhense,2,NE,Nordeste,IBGE_API
2105203,Igarapé Grande,MA,Maranhão,21,21010,Médio Mearim,2103,Centro Maranhense,2,NE,Nordeste,IBGE_API
2105302,Imperatriz,MA,Maranhão,21,21009,Imperatriz,2102,Oeste Maranhense,2,NE,Nordeste,IBGE_API
2105351,Itaipava do Grajaú,MA,Maranhão,21,21011,Alto Mearim e Grajaú,2103,Centro Maranhense,2,NE,Nordeste,IBGE_API
2105401,Itapecuru Mirim,MA,Maranhão,21,21006,Itapecuru Mirim,2101,Norte Maranhense,2,NE,Nordeste,IBGE_API
2105427,Itinga do Maranhão,MA,Maranhão,21,21009,Imperatriz,2102,Oeste Maranhense,2,NE,Nordeste,IBGE_API
2105450,Jatobá,MA,Maranhão,21,21018,Chapadas do Alto Itapecuru,2104,Leste Maranhense,2,NE,Nordeste,IBGE_API
2105476,Jenipapo dos Vieiras,MA,Maranhão,21,21011,Alto Mearim e Grajaú,2103,Centro Maranhense,2,NE,Nordeste,IBGE_API
2105500,João Lisboa,MA,Maranhão,21,21009,Imperatriz,2102,Oeste Maranhense,2,NE,Nordeste,IBGE_API
2105609,Joselândia,MA,Maranhão,21,21011,Alto Mearim e Grajaú,2103,Centro Maranhense,2,NE,Nordeste,IBGE_API
2105658,Junco do Maranhão,MA,Maranhão,21,21007,Gurupi,2102,Oeste Maranhense,2,NE,Nordeste,IBGE_API
2105708,Lago da Pedra,MA,Maranhão,21,21008,Pindaré,2102,Oeste Maranhense,2,NE,Nordeste,IBGE_API
2105807,Lago do Junco,MA,Maranhão,21,21010,Médio Mearim,2103,Centro Maranhense,2,NE,Nordeste,IBGE_API
2105906,Lago Verde,MA,Maranhão,21,21010,Médio Mearim,2103,Centro Maranhense,2,NE,Nordeste,IBGE_API
2105922,Lagoa do Mato,MA,Maranhão,21,21018,Chapadas do Alto Itapecuru,2104,Leste Maranhense,2,NE,Nordeste,IBGE_API
2105948,Lago dos Rodrigues,MA,Maranhão,21,21010,Médio Mearim,2103,Centro Maranhense,2,NE,Nordeste,IBGE_API
2105963,Lagoa Grande do Maranhão,MA,Maranhão,21,21008,Pindaré,2102,Oeste Maranhense,2,NE,Nordeste,IBGE_API
2105989,Lajeado Novo,MA,Maranhão,21,21009,Imperatriz,2102,Oeste Maranhense,2,NE,Nordeste,IBGE_API
2106003,Lima Campos,MA,Maranhão,21,21010,Médio Mearim,2103,Centro Maranhense,2,NE,Nordeste,IBGE_API
2106102,Loreto,MA,Maranhão,21,21021,Chapadas das Mangabeiras,2105,Sul Maranhense,2,NE,Nordeste,IBGE_API
2106201,Luís Domingues,MA,Maranhão,21,21007,Gurupi,2102,Oeste Maranhense,2,NE,Nordeste,IBGE_API
2106300,Magalhães de Almeida,MA,Maranhão,21,21013,Baixo Parnaíba Maranhense,2104,Leste Maranhense,2,NE,Nordeste,IBGE_API
2106326,Maracaçumé,MA,Maranhão,21,21007,Gurupi,2102,Oeste Maranhense,2,NE,Nordeste,IBGE_API
2106359,Marajá do Sena,MA,Maranhão,21,21008,Pindaré,2102,Oeste Maranhense,2,NE,Nordeste,IBGE_API
2106375,Maranhãozinho,MA,Maranhão,21,21007,Gurupi,2102,Oeste Maranhense,2,NE,Nordeste,IBGE_API
2106409,Mata Roma,MA,Maranhão,21,21014,Chapadinha,2104,Leste Maranhense,2,NE,Nordeste,IBGE_API
2106508,Matinha,MA,Maranhão,21,21005,Baixada Maranhense,2101,Norte Maranhense,2,NE,Nordeste,IBGE_API
2106607,Matões,MA,Maranhão,21,21017,Caxias,2104,Leste Maranhense,2,NE,Nordeste,IBGE_API
2106631,Matões do Norte,MA,Maranhão,21,21006,Itapecuru Mirim,2101,Norte Maranhense,2,NE,Nordeste,IBGE_API
2106672,Milagres do Maranhão,MA,Maranhão,21,21014,Chapadinha,2104,Leste Maranhense,2,NE,Nordeste,IBGE_API
2106706,Mirador,MA,Maranhão,21,21018,Chapadas do Alto Itapecuru,2104,Leste Maranhense,2,NE,Nordeste,IBGE_API
2106755,Miranda do Norte,MA,Maranhão,21,21006,Itapecuru Mirim,2101,Norte Maranhense,2,NE,Nordeste,IBGE_API
2106805,Mirinzal,MA,Maranhão,21,21001,Litoral Ocidental Maranhense,2101,Norte Maranhense,2,NE,Nordeste,IBGE_API
2106904,Monção,MA,Maranhão,21,21005,Baixada Maranhense,2101,Norte Maranhense,2,NE,Nordeste,IBGE_API
2107001,Montes Altos,MA,Maranhão,21,21009,Imperatriz,2102,Oeste Maranhense,2,NE,Nordeste,IBGE_API
2107100,Morros,MA,Maranhão,21,21003,Rosário,2101,Norte Maranhense,2,NE,Nordeste,IBGE_API
2107209,Nina Rodrigues,MA,Maranhão,21,21006,Itapecuru Mirim,2101,Norte Maranhense,2,NE,Nordeste,IBGE_API
2107258,Nova Colinas,MA,Maranhão,21,21021,Chapadas das Mangabeiras,2105,Sul Maranhense,2,NE,Nordeste,IBGE_API
2107308,Nova Iorque,MA,Maranhão,21,21018,Chapadas do Alto Itapecuru,2104,Leste Maranhense,2,NE,Nordeste,IBGE_API
2107357,Nova Olinda do Maranhão,MA,Maranhão,21,21008,Pindaré,2102,Oeste Maranhense,2,NE,Nordeste,IBGE_API
2107407,Olho d'Água das Cunhãs,MA,Maranhão,21,21010,Médio Mearim,2103,Centro Maranhense,2,NE,Nordeste,IBGE_API
2107456,Olinda Nova do Maranhão,MA,Maranhão,21,21005,Baixada Maranhense,2101,Norte Maranhense,2,NE,Nordeste,IBGE_API
2107506,Paço do Lumiar,MA,Maranhão,21,21002,Aglomeração Urbana de São Luís,2101,Norte Maranhense,2,NE,Nordeste,IBGE_API
2107605,Palmeirândia,MA,Maranhão,21,21005,Baixada Maranhense,2101,Norte Maranhense,2,NE,Nordeste,IBGE_API
2107704,Paraibano,MA,Maranhão,21,21018,Chapadas do Alto Itapecuru,2104,Leste Maranhense,2,NE,Nordeste,IBGE_API
2107803,Parnarama,MA,Maranhão,21,21017,Caxias,2104,Leste Maranhense,2,NE,Nordeste,IBGE_API
2107902,Passagem Franca,MA,Maranhão,21,21018,Chapadas do Alto Itapecuru,2104,Leste Maranhense,2,NE,Nordeste,IBGE_API
2108009,Pastos Bons,MA,Maranhão,21,21018,Chapadas do Alto Itapecuru,2104,Leste Maranhense,2,NE,Nordeste,IBGE_API
2108058,Paulino Neves,MA,Maranhão,21,21004,Lençóis Maranhenses,2101,Norte Maranhense,2,NE,Nordeste,IBGE_API
2108108,Paulo Ramos,MA,Maranhão,21,21008,Pindaré,2102,Oeste Maranhense,2,NE,Nordeste,IBGE_API
2108207,Pedreiras,MA,Maranhão,21,21010,Médio Mearim,2103,Centro Maranhense,2,NE,Nordeste,IBGE_API
2108256,Pedro do Rosário,MA,Maranhão,21,21005,Baixada Maranhense,2101,Norte Maranhense,2,NE,Nordeste,IBGE_API
2108306,Penalva,MA,Maranhão,21,21005,Baixada Maranhense,2101,Norte Maranhense,2,NE,Nordeste,IBGE_API
2108405,Peri Mirim,MA,Maranhão,21,21005,Baixada Maranhense,2101,Norte Maranhense,2,NE,Nordeste,IBGE_API
2108454,Peritoró,MA,Maranhão,21,21015,Codó,2104,Leste Maranhense,2,NE,Nordeste,IBGE_API
2108504,Pindaré-Mirim,MA,Maranhão,21,21008,Pindaré,2102,Oeste Maranhense,2,NE,Nordeste,IBGE_API
2108603,Pinheiro,MA,Maranhão,21,21005,Baixada Maranhense,2101,Norte Maranhense,2,NE,Nordeste,IBGE_API
2108702,Pio XII,MA,Maranhão,21,21010,Médio Mearim,2103,Centro Maranhense,2,NE,Nordeste,IBGE_API
2108801,Pirapemas,MA,Maranhão,21,21006,Itapecuru Mirim,2101,Norte Maranhense,2,NE,Nordeste,IBGE_API
2108900,Poção de Pedras,MA,Maranhão,21,21010,Médio Mearim,2103,Centro Maranhense,2,NE,Nordeste,IBGE_API
2109007,Porto Franco,MA,Maranhão,21,21019,Porto Franco,2105,Sul Maranhense,2,NE,Nordeste,IBGE_API
2109056,Porto Rico do Maranhão,MA,Maranhão,21,21001,Litoral Ocidental Maranhense,2101,Norte Maranhense,2,NE,Nordeste,IBGE_API
2109106,Presidente Dutra,MA,Maranhão,21,21012,Presidente Dutra,2103,Centro Maranhense,2,NE,Nordeste,IBGE_API
2109205,Presidente Juscelino,MA,Maranhão,21,21003,Rosário,2101,Norte Maranhense,2,NE,Nordeste,IBGE_API
2109239,Presidente Médici,MA,Maranhão,21,21008,Pindaré,2102,Oeste Maranhense,2,NE,Nordeste,IBGE_API
2109270,Presidente Sarney,MA,Maranhão,21,21005,Baixada Maranhense,2101,Norte Maranhense,2,NE,Nordeste,IBGE_API
2109304,Presidente Vargas,MA,Maranhão,21,21006,Itapecuru Mirim,2101,Norte Maranhense,2,NE,Nordeste,IBGE_API
2109403,Primeira Cruz,MA,Maranhão,21,21004,Lençóis Maranhenses,2101,Norte Maranhense,2,NE,Nordeste,IBGE_API
2109452,Raposa,MA,Maranhão,21,21002,Aglomeração Urbana de São Luís,2101,Norte Maranhense,2,NE,Nordeste,IBGE_API
2109502,Riachão,MA,Maranhão,21,21020,Gerais de Balsas,2105,Sul Maranhense,2,NE,Nordeste,IBGE_API
2109551,Ribamar Fiquene,MA,Maranhão,21,21009,Imperatriz,2102,Oeste Maranhense,2,NE,Nordeste,IBGE_API
2109601,Rosário,MA,Maranhão,21,21003,Rosário,2101,Norte Maranhense,2,NE,Nordeste,IBGE_API
2109700,Sambaíba,MA,Maranhão,21,21021,Chapadas das Mangabeiras,2105,Sul Maranhense,2,NE,Nordeste,IBGE_API
2109759,Santa Filomena do Maranhão,MA,Maranhão,21,21011,Alto Mearim e Grajaú,2103,Centro Maranhense,2,NE,Nordeste,IBGE_API
2109809,Santa Helena,MA,Maranhão,21,21005,Baixada Maranhense,2101,Norte Maranhense,2,NE,Nordeste,IBGE_API
2109908,Santa Inês,MA,Maranhão,21,21008,Pindaré,2102,Oeste Maranhense,2,NE,Nordeste,IBGE_API
2110005,Santa Luzia,MA,Maranhão,21,21008,Pindaré,2102,Oeste Maranhense,2,NE,Nordeste,IBGE_API
2110039,Santa Luzia do Paruá,MA,Maranhão,21,21008,Pindaré,2102,Oeste Maranhense,2,NE,Nordeste,IBGE_API
2110104,Santa Quitéria do Maranhão,MA,Maranhão,21,21013,Baixo Parnaíba Maranhense,2104,Leste Maranhense,2,NE,Nordeste,IBGE_API
2110203,Santa Rita,MA,Maranhão,21,21003,Rosário,2101,Norte Maranhense,2,NE,Nordeste,IBGE_API
2110237,Santana do Maranhão,MA,Maranhão,21,21013,Baixo Parnaíba Maranhense,2104,Leste Maranhense,2,NE,Nordeste,IBGE_API
2110278,Santo Amaro do Maranhão,MA,Maranhão,21,21004,Lençóis Maranhenses,2101,Norte Maranhense,2,NE,Nordeste,IBGE_API
2110302,Santo Antônio dos Lopes,MA,Maranhão,21,21010,Médio Mearim,2103,Centro Maranhense,2,NE,Nordeste,IBGE_API
2110401,São Benedito do Rio Preto,MA,Maranhão,21,21014,Chapadinha,2104,Leste Maranhense,2,NE,Nordeste,IBGE_API
2110500,São Bento,MA,Maranhão,21,21005,Baixada Maranhense,2101,Norte Maranhense,2,NE,Nordeste,IBGE_API
2110609,São Bernardo,MA,Maranhão,21,21013,Baixo Parnaíba Maranhense,2104,Leste Maranhense,2,NE,Nordeste,IBGE_API
2110658,São Domingos do Azeitão,MA,Maranhão,21,21021,Chapadas das Mangabeiras,2105,Sul Maranhense,2,NE,Nordeste,IBGE_API
2110708,São Domingos do Maranhão,MA,Maranhão,21,21012,Presidente Dutra,2103,Centro Maranhense,2,NE,Nordeste,IBGE_API
2110807,São Félix de Balsas,MA,Maranhão,21,21021,Chapadas das Mangabeiras,2105,Sul Maranhense,2,NE,Nordeste,IBGE_API
2110856,São Francisco do Brejão,MA,Maranhão,21,21009,Imperatriz,2102,Oeste Maranhense,2,NE,Nordeste,IBGE_API
2110906,São Francisco do Maranhão,MA,Maranhão,21,21018,Chapadas do Alto Itapecuru,2104,Leste Maranhense,2,NE,Nordeste,IBGE_API
2111003,São João Batista,MA,Maranhão,21,21005,Baixada Maranhense,2101,Norte Maranhense,2,NE,Nordeste,IBGE_API
2111029,São João do Carú,MA,Maranhão,21,21008,Pindaré,2102,Oeste Maranhense,2,NE,Nordeste,IBGE_API
2111052,São João do Paraíso,MA,Maranhão,21,21019,Porto Franco,2105,Sul Maranhense,2,NE,Nordeste,IBGE_API
2111078,São João do Soter,MA,Maranhão,21,21017,Caxias,2104,Leste Maranhense,2,NE,Nordeste,IBGE_API
2111102,São João dos Patos,MA,Maranhão,21,21018,Chapadas do Alto Itapecuru,2104,Leste Maranhense,2,NE,Nordeste,IBGE_API
2111201,São José de Ribamar,MA,Maranhão,21,21002,Aglomeração Urbana de São Luís,2101,Norte Maranhense,2,NE,Nordeste,IBGE_API
2111250,São José dos Basílios,MA,Maranhão,21,21012,Presidente Dutra,2103,Centro Maranhense,2,NE,Nordeste,IBGE_API
2111300,São Luís,MA,Maranhão,21,21002,Aglomeração Urbana de São Luís,2101,Norte Maranhense,2,NE,Nordeste,IBGE_API
2111409,São Luís Gonzaga do Maranhão,MA,Maranhão,21,21010,Médio Mearim,2103,Centro Maranhense,2,NE,Nordeste,IBGE_API
2111508,São Mateus do Maranhão,MA,Maranhão,21,21010,Médio Mearim,2103,Centro Maranhense,2,NE,Nordeste,IBGE_API
2111532,São Pedro da Água Branca,MA,Maranhão,21,21009,Imperatriz,2102,Oeste Maranhense,2,NE,Nordeste,IBGE_API
2111573,São Pedro dos Crentes,MA,Maranhão,21,21019,Porto Franco,2105,Sul Maranhense,2,NE,Nordeste,IBGE_API
2111607,São Raimundo das Mangabeiras,MA,Maranhão,21,21021,Chapadas das Mangabeiras,2105,Sul Maranhense,2,NE,Nordeste,IBGE_API
2111631,São Raimundo do Doca Bezerra,MA,Maranhão,21,21010,Médio Mearim,2103,Centro Maranhense,2,NE,Nordeste,IBGE_API
2111672,São Roberto,MA,Maranhão,21,21010,Médio Mearim,2103,Centro Maranhense,2,NE,Nordeste,IBGE_API
2111706,São Vicente Ferrer,MA,Maranhão,21,21005,Baixada Maranhense,2101,Norte Maranhense,2,NE,Nordeste,IBGE_API
2111722,Satubinha,MA,Maranhão,21,21010,Médio Mearim,2103,Centro Maranhense,2,NE,Nordeste,IBGE_API
2111748,Senador Alexandre Costa,MA,Maranhão,21,21012,Presidente Dutra,2103,Centro Maranhense,2,NE,Nordeste,IBGE_API
2111763,Senador La Rocque,MA,Maranhão,21,21009,Imperatriz,2102,Oeste Maranhense,2,NE,Nordeste,IBGE_API
2111789,Serrano do Maranhão,MA,Maranhão,21,21001,Litoral Ocidental Maranhense,2101,Norte Maranhense,2,NE,Nordeste,IBGE_API
2111805,Sítio Novo,MA,Maranhão,21,21011,Alto Mearim e Grajaú,2103,Centro Maranhense,2,NE,Nordeste,IBGE_API
2111904,Sucupira do Norte,MA,Maranhão,21,21018,Chapadas do Alto Itapecuru,2104,Leste Maranhense,2,NE,Nordeste,IBGE_API
2111953,Sucupira do Riachão,MA,Maranhão,21,21018,Chapadas do Alto Itapecuru,2104,Leste Maranhense,2,NE,Nordeste,IBGE_API
2112001,Tasso Fragoso,MA,Maranhão,21,21020,Gerais de Balsas,2105,Sul Maranhense,2,NE,Nordeste,IBGE_API
2112100,Timbiras,MA,Maranhão,21,21015,Codó,2104,Leste Maranhense,2,NE,Nordeste,IBGE_API
2112209,Timon,MA,Maranhão,21,21017,Caxias,2104,Leste Maranhense,2,NE,Nordeste,IBGE_API
2112233,Trizidela do Vale,MA,Maranhão,21,21010,Médio Mearim,2103,Centro Maranhense,2,NE,Nordeste,IBGE_API
2112274,Tufilândia,MA,Maranhão,21,21008,Pindaré,2102,Oeste Maranhense,2,NE,Nordeste,IBGE_API
2112308,Tuntum,MA,Maranhão,21,21011,Alto Mearim e Grajaú,2103,Centro Maranhense,2,NE,Nordeste,IBGE_API
2112407,Turiaçu,MA,Maranhão,21,21007,Gurupi,2102,Oeste Maranhense,2,NE,Nordeste,IBGE_API
2112456,Turilândia,MA,Maranhão,21,21007,Gurupi,2102,Oeste Maranhense,2,NE,Nordeste,IBGE_API
2112506,Tutóia,MA,Maranhão,21,21004,Lençóis Maranhenses,2101,Norte Maranhense,2,NE,Nordeste,IBGE_API
2112605,Urbano Santos,MA,Maranhão,21,21014,Chapadinha,2104,Leste Maranhense,2,NE,Nordeste,IBGE_API
2112704,Vargem Grande,MA,Maranhão,21,21006,Itapecuru Mirim,2101,Norte Maranhense,2,NE,Nordeste,IBGE_API
2112803,Viana,MA,Maranhão,21,21005,Baixada Maranhense,2101,Norte Maranhense,2,NE,Nordeste,IBGE_API
2112852,Vila Nova dos Martírios,MA,Maranhão,21,21009,Imperatriz,2102,Oeste Maranhense,2,NE,Nordeste,IBGE_API
2112902,Vitória do Mearim,MA,Maranhão,21,21005,Baixada Maranhense,2101,Norte Maranhense,2,NE,Nordeste,IBGE_API
2113009,Vitorino Freire,MA,Maranhão,21,21008,Pindaré,2102,Oeste Maranhense,2,NE,Nordeste,IBGE_API
2114007,Zé Doca,MA,Maranhão,21,21008,Pindaré,2102,Oeste Maranhense,2,NE,Nordeste,IBGE_API
2200053,Acauã,PI,Piauí,22,22015,Alto Médio Canindé,2204,Sudeste Piauiense,2,NE,Nordeste,IBGE_API
2200103,Agricolândia,PI,Piauí,22,22005,Médio Parnaíba Piauiense,2202,Centro-Norte Piauiense,2,NE,Nordeste,IBGE_API
2200202,Água Branca,PI,Piauí,22,22005,Médio Parnaíba Piauiense,2202,Centro-Norte Piauiense,2,NE,Nordeste,IBGE_API
2200251,Alagoinha do Piauí,PI,Piauí,22,22014,Pio IX,2204,Sudeste Piauiense,2,NE,Nordeste,IBGE_API
2200277,Alegrete do Piauí,PI,Piauí,22,22014,Pio IX,2204,Sudeste Piauiense,2,NE,Nordeste,IBGE_API
2200301,Alto Longá,PI,Piauí,22,22004,Campo Maior,2202,Centro-Norte Piauiense,2,NE,Nordeste,IBGE_API
2200400,Altos,PI,Piauí,22,22003,Teresina,2202,Centro-Norte Piauiense,2,NE,Nordeste,IBGE_API
2200459,Alvorada do Gurguéia,PI,Piauí,22,22010,Alto Médio Gurguéia,2203,Sudoeste Piauiense,2,NE,Nordeste,IBGE_API
2200509,Amarante,PI,Piauí,22,22005,Médio Parnaíba Piauiense,2202,Centro-Norte Piauiense,2,NE,Nordeste,IBGE_API
2200608,Angical do Piauí,PI,Piauí,22,22005,Médio Parnaíba Piauiense,2202,Centro-Norte Piauiense,2,NE,Nordeste,IBGE_API
2200707,Anísio de Abreu,PI,Piauí,22,22011,São Raimundo Nonato,2203,Sudoeste Piauiense,2,NE,Nordeste,IBGE_API
2200806,Antônio Almeida,PI,Piauí,22,22008,Bertolínia,2203,Sudoeste Piauiense,2,NE,Nordeste,IBGE_API
2200905,Aroazes,PI,Piauí,22,22006,Valença do Piauí,2202,Centro-Norte Piauiense,2,NE,Nordeste,IBGE_API
2200954,Aroeiras do Itaim,PI,Piauí,22,22013,Picos,2204,Sudeste Piauiense,2,NE,Nordeste,IBGE_API
2201002,Arraial,PI,Piauí,22,22005,Médio Parnaíba Piauiense,2202,Centro-Norte Piauiense,2,NE,Nordeste,IBGE_API
2201051,Assunção do Piauí,PI,Piauí,22,22004,Campo Maior,2202,Centro-Norte Piauiense,2,NE,Nordeste,IBGE_API
2201101,Avelino Lopes,PI,Piauí,22,22012,Chapadas do Extremo Sul Piauiense,2203,Sudoeste Piauiense,2,NE,Nordeste,IBGE_API
2201150,Baixa Grande do Ribeiro,PI,Piauí,22,22007,Alto Parnaíba Piauiense,2203,Sudoeste Piauiense,2,NE,Nordeste,IBGE_API
2201176,Barra D'Alcântara,PI,Piauí,22,22006,Valença do Piauí,2202,Centro-Norte Piauiense,2,NE,Nordeste,IBGE_API
2201200,Barras,PI,Piauí,22,22001,Baixo Parnaíba Piauiense,2201,Norte Piauiense,2,NE,Nordeste,IBGE_API
2201309,Barreiras do Piauí,PI,Piauí,22,22010,Alto Médio Gurguéia,2203,Sudoeste Piauiense,2,NE,Nordeste,IBGE_API
2201408,Barro Duro,PI,Piauí,22,22005,Médio Parnaíba Piauiense,2202,Centro-Norte Piauiense,2,NE,Nordeste,IBGE_API
2201507,Batalha,PI,Piauí,22,22001,Baixo Parnaíba Piauiense,2201,Norte Piauiense,2,NE,Nordeste,IBGE_API
2201556,Bela Vista do Piauí,PI,Piauí,22,22015,Alto Médio Canindé,2204,Sudeste Piauiense,2,NE,Nordeste,IBGE_API
2201572,Belém do Piauí,PI,Piauí,22,22015,Alto Médio Canindé,2204,Sudeste Piauiense,2,NE,Nordeste,IBGE_API
2201606,Beneditinos,PI,Piauí,22,22003,Teresina,2202,Centro-Norte Piauiense,2,NE,Nordeste,IBGE_API
2201705,Bertolínia,PI,Piauí,22,22008,Bertolínia,2203,Sudoeste Piauiense,2,NE,Nordeste,IBGE_API
2201739,Betânia do Piauí,PI,Piauí,22,22015,Alto Médio Canindé,2204,Sudeste Piauiense,2,NE,Nordeste,IBGE_API
2201770,Boa Hora,PI,Piauí,22,22001,Baixo Parnaíba Piauiense,2201,Norte Piauiense,2,NE,Nordeste,IBGE_API
2201804,Bocaina,PI,Piauí,22,22013,Picos,2204,Sudeste Piauiense,2,NE,Nordeste,IBGE_API
2201903,Bom Jesus,PI,Piauí,22,22010,Alto Médio Gurguéia,2203,Sudoeste Piauiense,2,NE,Nordeste,IBGE_API
2201919,Bom Princípio do Piauí,PI,Piauí,22,22002,Litoral Piauiense,2201,Norte Piauiense,2,NE,Nordeste,IBGE_API
2201929,Bonfim do Piauí,PI,Piauí,22,22011,São Raimundo Nonato,2203,Sudoeste Piauiense,2,NE,Nordeste,IBGE_API
2201945,Boqueirão do Piauí,PI,Piauí,22,22004,Campo Maior,2202,Centro-Norte Piauiense,2,NE,Nordeste,IBGE_API
2201960,Brasileira,PI,Piauí,22,22001,Baixo Parnaíba Piauiense,2201,Norte Piauiense,2,NE,Nordeste,IBGE_API
2201988,Brejo do Piauí,PI,Piauí,22,22011,São Raimundo Nonato,2203,Sudoeste Piauiense,2,NE,Nordeste,IBGE_API
2202000,Buriti dos Lopes,PI,Piauí,22,22002,Litoral Piauiense,2201,Norte Piauiense,2,NE,Nordeste,IBGE_API
2202026,Buriti dos Montes,PI,Piauí,22,22004,Campo Maior,2202,Centro-Norte Piauiense,2,NE,Nordeste,IBGE_API
2202059,Cabeceiras do Piauí,PI,Piauí,22,22001,Baixo Parnaíba Piauiense,2201,Norte Piauiense,2,NE,Nordeste,IBGE_API
2202075,Cajazeiras do Piauí,PI,Piauí,22,22013,Picos,2204,Sudeste Piauiense,2,NE,Nordeste,IBGE_API
2202083,Cajueiro da Praia,PI,Piauí,22,22002,Litoral Piauiense,2201,Norte Piauiense,2,NE,Nordeste,IBGE_API
2202091,Caldeirão Grande do Piauí,PI,Piauí,22,22015,Alto Médio Canindé,2204,Sudeste Piauiense,2,NE,Nordeste,IBGE_API
2202109,Campinas do Piauí,PI,Piauí,22,22015,Alto Médio Canindé,2204,Sudeste Piauiense,2,NE,Nordeste,IBGE_API
2202117,Campo Alegre do Fidalgo,PI,Piauí,22,22015,Alto Médio Canindé,2204,Sudeste Piauiense,2,NE,Nordeste,IBGE_API
2202133,Campo Grande do Piauí,PI,Piauí,22,22015,Alto Médio Canindé,2204,Sudeste Piauiense,2,NE,Nordeste,IBGE_API
2202174,Campo Largo do Piauí,PI,Piauí,22,22001,Baixo Parnaíba Piauiense,2201,Norte Piauiense,2,NE,Nordeste,IBGE_API
2202208,Campo Maior,PI,Piauí,22,22004,Campo Maior,2202,Centro-Norte Piauiense,2,NE,Nordeste,IBGE_API
2202251,Canavieira,PI,Piauí,22,22009,Floriano,2203,Sudoeste Piauiense,2,NE,Nordeste,IBGE_API
2202307,Canto do Buriti,PI,Piauí,22,22011,São Raimundo Nonato,2203,Sudoeste Piauiense,2,NE,Nordeste,IBGE_API
2202406,Capitão de Campos,PI,Piauí,22,22004,Campo Maior,2202,Centro-Norte Piauiense,2,NE,Nordeste,IBGE_API
2202455,Capitão Gervásio Oliveira,PI,Piauí,22,22015,Alto Médio Canindé,2204,Sudeste Piauiense,2,NE,Nordeste,IBGE_API
2202505,Caracol,PI,Piauí,22,22011,São Raimundo Nonato,2203,Sudoeste Piauiense,2,NE,Nordeste,IBGE_API
2202539,Caraúbas do Piauí,PI,Piauí,22,22002,Litoral Piauiense,2201,Norte Piauiense,2,NE,Nordeste,IBGE_API
2202554,Caridade do Piauí,PI,Piauí,22,22015,Alto Médio Canindé,2204,Sudeste Piauiense,2,NE,Nordeste,IBGE_API
2202604,Castelo do Piauí,PI,Piauí,22,22004,Campo Maior,2202,Centro-Norte Piauiense,2,NE,Nordeste,IBGE_API
2202653,Caxingó,PI,Piauí,22,22002,Litoral Piauiense,2201,Norte Piauiense,2,NE,Nordeste,IBGE_API
2202703,Cocal,PI,Piauí,22,22002,Litoral Piauiense,2201,Norte Piauiense,2,NE,Nordeste,IBGE_API
2202711,Cocal de Telha,PI,Piauí,22,22004,Campo Maior,2202,Centro-Norte Piauiense,2,NE,Nordeste,IBGE_API
2202729,Cocal dos Alves,PI,Piauí,22,22002,Litoral Piauiense,2201,Norte Piauiense,2,NE,Nordeste,IBGE_API
2202737,Coivaras,PI,Piauí,22,22003,Teresina,2202,Centro-Norte Piauiense,2,NE,Nordeste,IBGE_API
2202752,Colônia do Gurguéia,PI,Piauí,22,22008,Bertolínia,2203,Sudoeste Piauiense,2,NE,Nordeste,IBGE_API
2202778,Colônia do Piauí,PI,Piauí,22,22013,Picos,2204,Sudeste Piauiense,2,NE,Nordeste,IBGE_API
2202802,Conceição do Canindé,PI,Piauí,22,22015,Alto Médio Canindé,2204,Sudeste Piauiense,2,NE,Nordeste,IBGE_API
2202851,Coronel José Dias,PI,Piauí,22,22011,São Raimundo Nonato,2203,Sudoeste Piauiense,2,NE,Nordeste,IBGE_API
2202901,Corrente,PI,Piauí,22,22012,Chapadas do Extremo Sul Piauiense,2203,Sudoeste Piauiense,2,NE,Nordeste,IBGE_API
2203008,Cristalândia do Piauí,PI,Piauí,22,22012,Chapadas do Extremo Sul Piauiense,2203,Sudoeste Piauiense,2,NE,Nordeste,IBGE_API
2203107,Cristino Castro,PI,Piauí,22,22010,Alto Médio Gurguéia,2203,Sudoeste Piauiense,2,NE,Nordeste,IBGE_API
2203206,Curimatá,PI,Piauí,22,22012,Chapadas do Extremo Sul Piauiense,2203,Sudoeste Piauiense,2,NE,Nordeste,IBGE_API
2203230,Currais,PI,Piauí,22,22010,Alto Médio Gurguéia,2203,Sudoeste Piauiense,2,NE,Nordeste,IBGE_API
2203255,Curralinhos,PI,Piauí,22,22003,Teresina,2202,Centro-Norte Piauiense,2,NE,Nordeste,IBGE_API
2203271,Curral Novo do Piauí,PI,Piauí,22,22015,Alto Médio Canindé,2204,Sudeste Piauiense,2,NE,Nordeste,IBGE_API
2203305,Demerval Lobão,PI,Piauí,22,22003,Teresina,2202,Centro-Norte Piauiense,2,NE,Nordeste,IBGE_API
2203354,Dirceu Arcoverde,PI,Piauí,22,22011,São Raimundo Nonato,2203,Sudoeste Piauiense,2,NE,Nordeste,IBGE_API
2203404,Dom Expedito Lopes,PI,Piauí,22,22013,Picos,2204,Sudeste Piauiense,2,NE,Nordeste,IBGE_API
2203420,Domingos Mourão,PI,Piauí,22,22004,Campo Maior,2202,Centro-Norte Piauiense,2,NE,Nordeste,IBGE_API
2203453,Dom Inocêncio,PI,Piauí,22,22011,São Raimundo Nonato,2203,Sudoeste Piauiense,2,NE,Nordeste,IBGE_API
2203503,Elesbão Veloso,PI,Piauí,22,22006,Valença do Piauí,2202,Centro-Norte Piauiense,2,NE,Nordeste,IBGE_API
2203602,Eliseu Martins,PI,Piauí,22,22008,Bertolínia,2203,Sudoeste Piauiense,2,NE,Nordeste,IBGE_API
2203701,Esperantina,PI,Piauí,22,22001,Baixo Parnaíba Piauiense,2201,Norte Piauiense,2,NE,Nordeste,IBGE_API
2203750,Fartura do Piauí,PI,Piauí,22,22011,São Raimundo Nonato,2203,Sudoeste Piauiense,2,NE,Nordeste,IBGE_API
2203800,Flores do Piauí,PI,Piauí,22,22009,Floriano,2203,Sudoeste Piauiense,2,NE,Nordeste,IBGE_API
2203859,Floresta do Piauí,PI,Piauí,22,22015,Alto Médio Canindé,2204,Sudeste Piauiense,2,NE,Nordeste,IBGE_API
2203909,Floriano,PI,Piauí,22,22009,Floriano,2203,Sudoeste Piauiense,2,NE,Nordeste,IBGE_API
2204006,Francinópolis,PI,Piauí,22,22006,Valença do Piauí,2202,Centro-Norte Piauiense,2,NE,Nordeste,IBGE_API
2204105,Francisco Ayres,PI,Piauí,22,22005,Médio Parnaíba Piauiense,2202,Centro-Norte Piauiense,2,NE,Nordeste,IBGE_API
2204154,Francisco Macedo,PI,Piauí,22,22015,Alto Médio Canindé,2204,Sudeste Piauiense,2,NE,Nordeste,IBGE_API
2204204,Francisco Santos,PI,Piauí,22,22014,Pio IX,2204,Sudeste Piauiense,2,NE,Nordeste,IBGE_API
2204303,Fronteiras,PI,Piauí,22,22015,Alto Médio Canindé,2204,Sudeste Piauiense,2,NE,Nordeste,IBGE_API
2204352,Geminiano,PI,Piauí,22,22013,Picos,2204,Sudeste Piauiense,2,NE,Nordeste,IBGE_API
2204402,Gilbués,PI,Piauí,22,22010,Alto Médio Gurguéia,2203,Sudoeste Piauiense,2,NE,Nordeste,IBGE_API
2204501,Guadalupe,PI,Piauí,22,22009,Floriano,2203,Sudoeste Piauiense,2,NE,Nordeste,IBGE_API
2204550,Guaribas,PI,Piauí,22,22011,São Raimundo Nonato,2203,Sudoeste Piauiense,2,NE,Nordeste,IBGE_API
2204600,Hugo Napoleão,PI,Piauí,22,22005,Médio Parnaíba Piauiense,2202,Centro-Norte Piauiense,2,NE,Nordeste,IBGE_API
2204659,Ilha Grande,PI,Piauí,22,22002,Litoral Piauiense,2201,Norte Piauiense,2,NE,Nordeste,IBGE_API
2204709,Inhuma,PI,Piauí,22,22006,Valença do Piauí,2202,Centro-Norte Piauiense,2,NE,Nordeste,IBGE_API
2204808,Ipiranga do Piauí,PI,Piauí,22,22013,Picos,2204,Sudeste Piauiense,2,NE,Nordeste,IBGE_API
2204907,Isaías Coelho,PI,Piauí,22,22015,Alto Médio Canindé,2204,Sudeste Piauiense,2,NE,Nordeste,IBGE_API
2205003,Itainópolis,PI,Piauí,22,22015,Alto Médio Canindé,2204,Sudeste Piauiense,2,NE,Nordeste,IBGE_API
2205102,Itaueira,PI,Piauí,22,22009,Floriano,2203,Sudoeste Piauiense,2,NE,Nordeste,IBGE_API
2205151,Jacobina do Piauí,PI,Piauí,22,22015,Alto Médio Canindé,2204,Sudeste Piauiense,2,NE,Nordeste,IBGE_API
2205201,Jaicós,PI,Piauí,22,22015,Alto Médio Canindé,2204,Sudeste Piauiense,2,NE,Nordeste,IBGE_API
2205250,Jardim do Mulato,PI,Piauí,22,22005,Médio Parnaíba Piauiense,2202,Centro-Norte Piauiense,2,NE,Nordeste,IBGE_API
2205276,Jatobá do Piauí,PI,Piauí,22,22004,Campo Maior,2202,Centro-Norte Piauiense,2,NE,Nordeste,IBGE_API
2205300,Jerumenha,PI,Piauí,22,22009,Floriano,2203,Sudoeste Piauiense,2,NE,Nordeste,IBGE_API
2205359,João Costa,PI,Piauí,22,22015,Alto Médio Canindé,2204,Sudeste Piauiense,2,NE,Nordeste,IBGE_API
2205409,Joaquim Pires,PI,Piauí,22,22001,Baixo Parnaíba Piauiense,2201,Norte Piauiense,2,NE,Nordeste,IBGE_API
2205458,Joca Marques,PI,Piauí,22,22001,Baixo Parnaíba Piauiense,2201,Norte Piauiense,2,NE,Nordeste,IBGE_API
2205508,José de Freitas,PI,Piauí,22,22003,Teresina,2202,Centro-Norte Piauiense,2,NE,Nordeste,IBGE_API
2205516,Juazeiro do Piauí,PI,Piauí,22,22004,Campo Maior,2202,Centro-Norte Piauiense,2,NE,Nordeste,IBGE_API
2205524,Júlio Borges,PI,Piauí,22,22012,Chapadas do Extremo Sul Piauiense,2203,Sudoeste Piauiense,2,NE,Nordeste,IBGE_API
2205532,Jurema,PI,Piauí,22,22011,São Raimundo Nonato,2203,Sudoeste Piauiense,2,NE,Nordeste,IBGE_API
2205540,Lagoinha do Piauí,PI,Piauí,22,22005,Médio Parnaíba Piauiense,2202,Centro-Norte Piauiense,2,NE,Nordeste,IBGE_API
2205557,Lagoa Alegre,PI,Piauí,22,22003,Teresina,2202,Centro-Norte Piauiense,2,NE,Nordeste,IBGE_API
2205565,Lagoa do Barro do Piauí,PI,Piauí,22,22015,Alto Médio Canindé,2204,Sudeste Piauiense,2,NE,Nordeste,IBGE_API
2205573,Lagoa de São Francisco,PI,Piauí,22,22004,Campo Maior,2202,Centro-Norte Piauiense,2,NE,Nordeste,IBGE_API
2205581,Lagoa do Piauí,PI,Piauí,22,22003,Teresina,2202,Centro-Norte Piauiense,2,NE,Nordeste,IBGE_API
2205599,Lagoa do Sítio,PI,Piauí,22,22006,Valença do Piauí,2202,Centro-Norte Piauiense,2,NE,Nordeste,IBGE_API
2205607,Landri Sales,PI,Piauí,22,22008,Bertolínia,2203,Sudoeste Piauiense,2,NE,Nordeste,IBGE_API
2205706,Luís Correia,PI,Piauí,22,22002,Litoral Piauiense,2201,Norte Piauiense,2,NE,Nordeste,IBGE_API
2205805,Luzilândia,PI,Piauí,22,22001,Baixo Parnaíba Piauiense,2201,Norte Piauiense,2,NE,Nordeste,IBGE_API
2205854,Madeiro,PI,Piauí,22,22001,Baixo Parnaíba Piauiense,2201,Norte Piauiense,2,NE,Nordeste,IBGE_API
2205904,Manoel Emídio,PI,Piauí,22,22008,Bertolínia,2203,Sudoeste Piauiense,2,NE,Nordeste,IBGE_API
2205953,Marcolândia,PI,Piauí,22,22015,Alto Médio Canindé,2204,Sudeste Piauiense,2,NE,Nordeste,IBGE_API
2206001,Marcos Parente,PI,Piauí,22,22008,Bertolínia,2203,Sudoeste Piauiense,2,NE,Nordeste,IBGE_API
2206050,Massapê do Piauí,PI,Piauí,22,22015,Alto Médio Canindé,2204,Sudeste Piauiense,2,NE,Nordeste,IBGE_API
2206100,Matias Olímpio,PI,Piauí,22,22001,Baixo Parnaíba Piauiense,2201,Norte Piauiense,2,NE,Nordeste,IBGE_API
2206209,Miguel Alves,PI,Piauí,22,22001,Baixo Parnaíba Piauiense,2201,Norte Piauiense,2,NE,Nordeste,IBGE_API
2206308,Miguel Leão,PI,Piauí,22,22003,Teresina,2202,Centro-Norte Piauiense,2,NE,Nordeste,IBGE_API
2206357,Milton Brandão,PI,Piauí,22,22004,Campo Maior,2202,Centro-Norte Piauiense,2,NE,Nordeste,IBGE_API
2206407,Monsenhor Gil,PI,Piauí,22,22003,Teresina,2202,Centro-Norte Piauiense,2,NE,Nordeste,IBGE_API
2206506,Monsenhor Hipólito,PI,Piauí,22,22014,Pio IX,2204,Sudeste Piauiense,2,NE,Nordeste,IBGE_API
2206605,Monte Alegre do Piauí,PI,Piauí,22,22010,Alto Médio Gurguéia,2203,Sudoeste Piauiense,2,NE,Nordeste,IBGE_API
2206654,Morro Cabeça no Tempo,PI,Piauí,22,22012,Chapadas do Extremo Sul Piauiense,2203,Sudoeste Piauiense,2,NE,Nordeste,IBGE_API
2206670,Morro do Chapéu do Piauí,PI,Piauí,22,22001,Baixo Parnaíba Piauiense,2201,Norte Piauiense,2,NE,Nordeste,IBGE_API
2206696,Murici dos Portelas,PI,Piauí,22,22002,Litoral Piauiense,2201,Norte Piauiense,2,NE,Nordeste,IBGE_API
2206704,Nazaré do Piauí,PI,Piauí,22,22009,Floriano,2203,Sudoeste Piauiense,2,NE,Nordeste,IBGE_API
2206720,Nazária,PI,Piauí,22,22003,Teresina,2202,Centro-Norte Piauiense,2,NE,Nordeste,IBGE_API
2206753,Nossa Senhora de Nazaré,PI,Piauí,22,22004,Campo Maior,2202,Centro-Norte Piauiense,2,NE,Nordeste,IBGE_API
2206803,Nossa Senhora dos Remédios,PI,Piauí,22,22001,Baixo Parnaíba Piauiense,2201,Norte Piauiense,2,NE,Nordeste,IBGE_API
2206902,Novo Oriente do Piauí,PI,Piauí,22,22006,Valença do Piauí,2202,Centro-Norte Piauiense,2,NE,Nordeste,IBGE_API
2206951,Novo Santo Antônio,PI,Piauí,22,22004,Campo Maior,2202,Centro-Norte Piauiense,2,NE,Nordeste,IBGE_API
2207009,Oeiras,PI,Piauí,22,22013,Picos,2204,Sudeste Piauiense,2,NE,Nordeste,IBGE_API
2207108,Olho D'Água do Piauí,PI,Piauí,22,22005,Médio Parnaíba Piauiense,2202,Centro-Norte Piauiense,2,NE,Nordeste,IBGE_API
2207207,Padre Marcos,PI,Piauí,22,22015,Alto Médio Canindé,2204,Sudeste Piauiense,2,NE,Nordeste,IBGE_API
2207306,Paes Landim,PI,Piauí,22,22015,Alto Médio Canindé,2204,Sudeste Piauiense,2,NE,Nordeste,IBGE_API
2207355,Pajeú do Piauí,PI,Piauí,22,22011,São Raimundo Nonato,2203,Sudoeste Piauiense,2,NE,Nordeste,IBGE_API
2207405,Palmeira do Piauí,PI,Piauí,22,22010,Alto Médio Gurguéia,2203,Sudoeste Piauiense,2,NE,Nordeste,IBGE_API
2207504,Palmeirais,PI,Piauí,22,22005,Médio Parnaíba Piauiense,2202,Centro-Norte Piauiense,2,NE,Nordeste,IBGE_API
2207553,Paquetá,PI,Piauí,22,22013,Picos,2204,Sudeste Piauiense,2,NE,Nordeste,IBGE_API
2207603,Parnaguá,PI,Piauí,22,22012,Chapadas do Extremo Sul Piauiense,2203,Sudoeste Piauiense,2,NE,Nordeste,IBGE_API
2207702,Parnaíba,PI,Piauí,22,22002,Litoral Piauiense,2201,Norte Piauiense,2,NE,Nordeste,IBGE_API
2207751,Passagem Franca do Piauí,PI,Piauí,22,22005,Médio Parnaíba Piauiense,2202,Centro-Norte Piauiense,2,NE,Nordeste,IBGE_API
2207777,Patos do Piauí,PI,Piauí,22,22015,Alto Médio Canindé,2204,Sudeste Piauiense,2,NE,Nordeste,IBGE_API
2207793,Pau D'Arco do Piauí,PI,Piauí,22,22003,Teresina,2202,Centro-Norte Piauiense,2,NE,Nordeste,IBGE_API
2207801,Paulistana,PI,Piauí,22,22015,Alto Médio Canindé,2204,Sudeste Piauiense,2,NE,Nordeste,IBGE_API
2207850,Pavussu,PI,Piauí,22,22009,Floriano,2203,Sudoeste Piauiense,2,NE,Nordeste,IBGE_API
2207900,Pedro II,PI,Piauí,22,22004,Campo Maior,2202,Centro-Norte Piauiense,2,NE,Nordeste,IBGE_API
2207934,Pedro Laurentino,PI,Piauí,22,22015,Alto Médio Canindé,2204,Sudeste Piauiense,2,NE,Nordeste,IBGE_API
2207959,Nova Santa Rita,PI,Piauí,22,22015,Alto Médio Canindé,2204,Sudeste Piauiense,2,NE,Nordeste,IBGE_API
2208007,Picos,PI,Piauí,22,22013,Picos,2204,Sudeste Piauiense,2,NE,Nordeste,IBGE_API
2208106,Pimenteiras,PI,Piauí,22,22006,Valença do Piauí,2202,Centro-Norte Piauiense,2,NE,Nordeste,IBGE_API
2208205,Pio IX,PI,Piauí,22,22014,Pio IX,2204,Sudeste Piauiense,2,NE,Nordeste,IBGE_API
2208304,Piracuruca,PI,Piauí,22,22002,Litoral Piauiense,2201,Norte Piauiense,2,NE,Nordeste,IBGE_API
2208403,Piripiri,PI,Piauí,22,22001,Baixo Parnaíba Piauiense,2201,Norte Piauiense,2,NE,Nordeste,IBGE_API
2208502,Porto,PI,Piauí,22,22001,Baixo Parnaíba Piauiense,2201,Norte Piauiense,2,NE,Nordeste,IBGE_API
2208551,Porto Alegre do Piauí,PI,Piauí,22,22008,Bertolínia,2203,Sudoeste Piauiense,2,NE,Nordeste,IBGE_API
2208601,Prata do Piauí,PI,Piauí,22,22006,Valença do Piauí,2202,Centro-Norte Piauiense,2,NE,Nordeste,IBGE_API
2208650,Queimada Nova,PI,Piauí,22,22015,Alto Médio Canindé,2204,Sudeste Piauiense,2,NE,Nordeste,IBGE_API
2208700,Redenção do Gurguéia,PI,Piauí,22,22010,Alto Médio Gurguéia,2203,Sudoeste Piauiense,2,NE,Nordeste,IBGE_API
2208809,Regeneração,PI,Piauí,22,22005,Médio Parnaíba Piauiense,2202,Centro-Norte Piauiense,2,NE,Nordeste,IBGE_API
2208858,Riacho Frio,PI,Piauí,22,22012,Chapadas do Extremo Sul Piauiense,2203,Sudoeste Piauiense,2,NE,Nordeste,IBGE_API
2208874,Ribeira do Piauí,PI,Piauí,22,22015,Alto Médio Canindé,2204,Sudeste Piauiense,2,NE,Nordeste,IBGE_API
2208908,Ribeiro Gonçalves,PI,Piauí,22,22007,Alto Parnaíba Piauiense,2203,Sudoeste Piauiense,2,NE,Nordeste,IBGE_API
2209005,Rio Grande do Piauí,PI,Piauí,22,22009,Floriano,2203,Sudoeste Piauiense,2,NE,Nordeste,IBGE_API
2209104,Santa Cruz do Piauí,PI,Piauí,22,22013,Picos,2204,Sudeste Piauiense,2,NE,Nordeste,IBGE_API
2209153,Santa Cruz dos Milagres,PI,Piauí,22,22006,Valença do Piauí,2202,Centro-Norte Piauiense,2,NE,Nordeste,IBGE_API
2209203,Santa Filomena,PI,Piauí,22,22007,Alto Parnaíba Piauiense,2203,Sudoeste Piauiense,2,NE,Nordeste,IBGE_API
2209302,Santa Luz,PI,Piauí,22,22010,Alto Médio Gurguéia,2203,Sudoeste Piauiense,2,NE,Nordeste,IBGE_API
2209351,Santana do Piauí,PI,Piauí,22,22013,Picos,2204,Sudeste Piauiense,2,NE,Nordeste,IBGE_API
2209377,Santa Rosa do Piauí,PI,Piauí,22,22013,Picos,2204,Sudeste Piauiense,2,NE,Nordeste,IBGE_API
2209401,Santo Antônio de Lisboa,PI,Piauí,22,22014,Pio IX,2204,Sudeste Piauiense,2,NE,Nordeste,IBGE_API
2209450,Santo Antônio dos Milagres,PI,Piauí,22,22005,Médio Parnaíba Piauiense,2202,Centro-Norte Piauiense,2,NE,Nordeste,IBGE_API
2209500,Santo Inácio do Piauí,PI,Piauí,22,22015,Alto Médio Canindé,2204,Sudeste Piauiense,2,NE,Nordeste,IBGE_API
2209559,São Braz do Piauí,PI,Piauí,22,22011,São Raimundo Nonato,2203,Sudoeste Piauiense,2,NE,Nordeste,IBGE_API
2209609,São Félix do Piauí,PI,Piauí,22,22006,Valença do Piauí,2202,Centro-Norte Piauiense,2,NE,Nordeste,IBGE_API
2209658,São Francisco de Assis do Piauí,PI,Piauí,22,22015,Alto Médio Canindé,2204,Sudeste Piauiense,2,NE,Nordeste,IBGE_API
2209708,São Francisco do Piauí,PI,Piauí,22,22009,Floriano,2203,Sudoeste Piauiense,2,NE,Nordeste,IBGE_API
2209757,São Gonçalo do Gurguéia,PI,Piauí,22,22010,Alto Médio Gurguéia,2203,Sudoeste Piauiense,2,NE,Nordeste,IBGE_API
2209807,São Gonçalo do Piauí,PI,Piauí,22,22005,Médio Parnaíba Piauiense,2202,Centro-Norte Piauiense,2,NE,Nordeste,IBGE_API
2209856,São João da Canabrava,PI,Piauí,22,22013,Picos,2204,Sudeste Piauiense,2,NE,Nordeste,IBGE_API
2209872,São João da Fronteira,PI,Piauí,22,22002,Litoral Piauiense,2201,Norte Piauiense,2,NE,Nordeste,IBGE_API
2209906,São João da Serra,PI,Piauí,22,22004,Campo Maior,2202,Centro-Norte Piauiense,2,NE,Nordeste,IBGE_API
2209955,São João da Varjota,PI,Piauí,22,22013,Picos,2204,Sudeste Piauiense,2,NE,Nordeste,IBGE_API
2209971,São João do Arraial,PI,Piauí,22,22001,Baixo Parnaíba Piauiense,2201,Norte Piauiense,2,NE,Nordeste,IBGE_API
2210003,São João do Piauí,PI,Piauí,22,22015,Alto Médio Canindé,2204,Sudeste Piauiense,2,NE,Nordeste,IBGE_API
2210052,São José do Divino,PI,Piauí,22,22002,Litoral Piauiense,2201,Norte Piauiense,2,NE,Nordeste,IBGE_API
2210102,São José do Peixe,PI,Piauí,22,22009,Floriano,2203,Sudoeste Piauiense,2,NE,Nordeste,IBGE_API
2210201,São José do Piauí,PI,Piauí,22,22013,Picos,2204,Sudeste Piauiense,2,NE,Nordeste,IBGE_API
2210300,São Julião,PI,Piauí,22,22014,Pio IX,2204,Sudeste Piauiense,2,NE,Nordeste,IBGE_API
2210359,São Lourenço do Piauí,PI,Piauí,22,22011,São Raimundo Nonato,2203,Sudoeste Piauiense,2,NE,Nordeste,IBGE_API
2210375,São Luis do Piauí,PI,Piauí,22,22013,Picos,2204,Sudeste Piauiense,2,NE,Nordeste,IBGE_API
2210383,São Miguel da Baixa Grande,PI,Piauí,22,22006,Valença do Piauí,2202,Centro-Norte Piauiense,2,NE,Nordeste,IBGE_API
2210391,São Miguel do Fidalgo,PI,Piauí,22,22009,Floriano,2203,Sudoeste Piauiense,2,NE,Nordeste,IBGE_API
2210409,São Miguel do Tapuio,PI,Piauí,22,22004,Campo Maior,2202,Centro-Norte Piauiense,2,NE,Nordeste,IBGE_API
2210508,São Pedro do Piauí,PI,Piauí,22,22005,Médio Parnaíba Piauiense,2202,Centro-Norte Piauiense,2,NE,Nordeste,IBGE_API
2210607,São Raimundo Nonato,PI,Piauí,22,22011,São Raimundo Nonato,2203,Sudoeste Piauiense,2,NE,Nordeste,IBGE_API
2210623,Sebastião Barros,PI,Piauí,22,22012,Chapadas do Extremo Sul Piauiense,2203,Sudoeste Piauiense,2,NE,Nordeste,IBGE_API
2210631,Sebastião Leal,PI,Piauí,22,22008,Bertolínia,2203,Sudoeste Piauiense,2,NE,Nordeste,IBGE_API
2210656,Sigefredo Pacheco,PI,Piauí,22,22004,Campo Maior,2202,Centro-Norte Piauiense,2,NE,Nordeste,IBGE_API
2210706,Simões,PI,Piauí,22,22015,Alto Médio Canindé,2204,Sudeste Piauiense,2,NE,Nordeste,IBGE_API
2210805,Simplício Mendes,PI,Piauí,22,22015,Alto Médio Canindé,2204,Sudeste Piauiense,2,NE,Nordeste,IBGE_API
2210904,Socorro do Piauí,PI,Piauí,22,22015,Alto Médio Canindé,2204,Sudeste Piauiense,2,NE,Nordeste,IBGE_API
2210938,Sussuapara,PI,Piauí,22,22013,Picos,2204,Sudeste Piauiense,2,NE,Nordeste,IBGE_API
2210953,Tamboril do Piauí,PI,Piauí,22,22011,São Raimundo Nonato,2203,Sudoeste Piauiense,2,NE,Nordeste,IBGE_API
2210979,Tanque do Piauí,PI,Piauí,22,22013,Picos,2204,Sudeste Piauiense,2,NE,Nordeste,IBGE_API
2211001,Teresina,PI,Piauí,22,22003,Teresina,2202,Centro-Norte Piauiense,2,NE,Nordeste,IBGE_API
2211100,União,PI,Piauí,22,22003,Teresina,2202,Centro-Norte Piauiense,2,NE,Nordeste,IBGE_API
2211209,Uruçuí,PI,Piauí,22,22007,Alto Parnaíba Piauiense,2203,Sudoeste Piauiense,2,NE,Nordeste,IBGE_API
2211308,Valença do Piauí,PI,Piauí,22,22006,Valença do Piauí,2202,Centro-Norte Piauiense,2,NE,Nordeste,IBGE_API
2211357,Várzea Branca,PI,Piauí,22,22011,São Raimundo Nonato,2203,Sudoeste Piauiense,2,NE,Nordeste,IBGE_API
2211407,Várzea Grande,PI,Piauí,22,22006,Valença do Piauí,2202,Centro-Norte Piauiense,2,NE,Nordeste,IBGE_API
2211506,Vera Mendes,PI,Piauí,22,22015,Alto Médio Canindé,2204,Sudeste Piauiense,2,NE,Nordeste,IBGE_API
2211605,Vila Nova do Piauí,PI,Piauí,22,22015,Alto Médio Canindé,2204,Sudeste Piauiense,2,NE,Nordeste,IBGE_API
2211704,Wall Ferraz,PI,Piauí,22,22013,Picos,2204,Sudeste Piauiense,2,NE,Nordeste,IBGE_API
2300101,Abaiara,CE,Ceará,23,23033,Brejo Santo,2307,Sul Cearense,2,NE,Nordeste,IBGE_API
2300150,Acarape,CE,Ceará,23,23013,Baturité,2302,Norte Cearense,2,NE,Nordeste,IBGE_API
2300200,Acaraú,CE,Ceará,23,23001,Litoral de Camocim e Acaraú,2301,Noroeste Cearense,2,NE,Nordeste,IBGE_API
2300309,Acopiara,CE,Ceará,23,23021,Sertão de Senador Pompeu,2304,Sertões Cearenses,2,NE,Nordeste,IBGE_API
2300408,Aiuaba,CE,Ceará,23,23020,Sertão de Inhamuns,2304,Sertões Cearenses,2,NE,Nordeste,IBGE_API
2300507,Alcântaras,CE,Ceará,23,23004,Meruoca,2301,Noroeste Cearense,2,NE,Nordeste,IBGE_API
2300606,Altaneira,CE,Ceará,23,23030,Caririaçu,2307,Sul Cearense,2,NE,Nordeste,IBGE_API
2300705,Alto Santo,CE,Ceará,23,23023,Baixo Jaguaribe,2305,Jaguaribe,2,NE,Nordeste,IBGE_API
2300754,Amontada,CE,Ceará,23,23008,Itapipoca,2302,Norte Cearense,2,NE,Nordeste,IBGE_API
2300804,Antonina do Norte,CE,Ceará,23,23027,Várzea Alegre,2306,Centro-Sul Cearense,2,NE,Nordeste,IBGE_API
2300903,Apuiarés,CE,Ceará,23,23011,Médio Curu,2302,Norte Cearense,2,NE,Nordeste,IBGE_API
2301000,Aquiraz,CE,Ceará,23,23016,Fortaleza,2303,Metropolitana de Fortaleza,2,NE,Nordeste,IBGE_API
2301109,Aracati,CE,Ceará,23,23022,Litoral de Aracati,2305,Jaguaribe,2,NE,Nordeste,IBGE_API
2301208,Aracoiaba,CE,Ceará,23,23013,Baturité,2302,Norte Cearense,2,NE,Nordeste,IBGE_API
2301257,Ararendá,CE,Ceará,23,23018,Sertão de Cratéus,2304,Sertões Cearenses,2,NE,Nordeste,IBGE_API
2301307,Araripe,CE,Ceará,23,23029,Chapada do Araripe,2307,Sul Cearense,2,NE,Nordeste,IBGE_API
2301406,Aratuba,CE,Ceará,23,23013,Baturité,2302,Norte Cearense,2,NE,Nordeste,IBGE_API
2301505,Arneiroz,CE,Ceará,23,23020,Sertão de Inhamuns,2304,Sertões Cearenses,2,NE,Nordeste,IBGE_API
2301604,Assaré,CE,Ceará,23,23029,Chapada do Araripe,2307,Sul Cearense,2,NE,Nordeste,IBGE_API
2301703,Aurora,CE,Ceará,23,23031,Barro,2307,Sul Cearense,2,NE,Nordeste,IBGE_API
2301802,Baixio,CE,Ceará,23,23028,Lavras da Mangabeira,2306,Centro-Sul Cearense,2,NE,Nordeste,IBGE_API
2301851,Banabuiú,CE,Ceará,23,23019,Sertão de Quixeramobim,2304,Sertões Cearenses,2,NE,Nordeste,IBGE_API
2301901,Barbalha,CE,Ceará,23,23032,Cariri,2307,Sul Cearense,2,NE,Nordeste,IBGE_API
2301950,Barreira,CE,Ceará,23,23014,Chorozinho,2302,Norte Cearense,2,NE,Nordeste,IBGE_API
2302008,Barro,CE,Ceará,23,23031,Barro,2307,Sul Cearense,2,NE,Nordeste,IBGE_API
2302057,Barroquinha,CE,Ceará,23,23001,Litoral de Camocim e Acaraú,2301,Noroeste Cearense,2,NE,Nordeste,IBGE_API
2302107,Baturité,CE,Ceará,23,23013,Baturité,2302,Norte Cearense,2,NE,Nordeste,IBGE_API
2302206,Beberibe,CE,Ceará,23,23015,Cascavel,2302,Norte Cearense,2,NE,Nordeste,IBGE_API
2302305,Bela Cruz,CE,Ceará,23,23001,Litoral de Camocim e Acaraú,2301,Noroeste Cearense,2,NE,Nordeste,IBGE_API
2302404,Boa Viagem,CE,Ceará,23,23019,Sertão de Quixeramobim,2304,Sertões Cearenses,2,NE,Nordeste,IBGE_API
2302503,Brejo Santo,CE,Ceará,23,23033,Brejo Santo,2307,Sul Cearense,2,NE,Nordeste,IBGE_API
2302602,Camocim,CE,Ceará,23,23001,Litoral de Camocim e Acaraú,2301,Noroeste Cearense,2,NE,Nordeste,IBGE_API
2302701,Campos Sales,CE,Ceará,23,23029,Chapada do Araripe,2307,Sul Cearense,2,NE,Nordeste,IBGE_API
2302800,Canindé,CE,Ceará,23,23012,Canindé,2302,Norte Cearense,2,NE,Nordeste,IBGE_API
2302909,Capistrano,CE,Ceará,23,23013,Baturité,2302,Norte Cearense,2,NE,Nordeste,IBGE_API
2303006,Caridade,CE,Ceará,23,23012,Canindé,2302,Norte Cearense,2,NE,Nordeste,IBGE_API
2303105,Cariré,CE,Ceará,23,23005,Sobral,2301,Noroeste Cearense,2,NE,Nordeste,IBGE_API
2303204,Caririaçu,CE,Ceará,23,23030,Caririaçu,2307,Sul Cearense,2,NE,Nordeste,IBGE_API
2303303,Cariús,CE,Ceará,23,23027,Várzea Alegre,2306,Centro-Sul Cearense,2,NE,Nordeste,IBGE_API
2303402,Carnaubal,CE,Ceará,23,23002,Ibiapaba,2301,Noroeste Cearense,2,NE,Nordeste,IBGE_API
2303501,Cascavel,CE,Ceará,23,23015,Cascavel,2302,Norte Cearense,2,NE,Nordeste,IBGE_API
2303600,Catarina,CE,Ceará,23,23020,Sertão de Inhamuns,2304,Sertões Cearenses,2,NE,Nordeste,IBGE_API
2303659,Catunda,CE,Ceará,23,23007,Santa Quitéria,2301,Noroeste Cearense,2,NE,Nordeste,IBGE_API
2303709,Caucaia,CE,Ceará,23,23016,Fortaleza,2303,Metropolitana de Fortaleza,2,NE,Nordeste,IBGE_API
2303808,Cedro,CE,Ceará,23,23026,Iguatu,2306,Centro-Sul Cearense,2,NE,Nordeste,IBGE_API
2303907,Chaval,CE,Ceará,23,23001,Litoral de Camocim e Acaraú,2301,Noroeste Cearense,2,NE,Nordeste,IBGE_API
2303931,Choró,CE,Ceará,23,23019,Sertão de Quixeramobim,2304,Sertões Cearenses,2,NE,Nordeste,IBGE_API
2303956,Chorozinho,CE,Ceará,23,23014,Chorozinho,2302,Norte Cearense,2,NE,Nordeste,IBGE_API
2304004,Coreaú,CE,Ceará,23,23003,Coreaú,2301,Noroeste Cearense,2,NE,Nordeste,IBGE_API
2304103,Crateús,CE,Ceará,23,23018,Sertão de Cratéus,2304,Sertões Cearenses,2,NE,Nordeste,IBGE_API
2304202,Crato,CE,Ceará,23,23032,Cariri,2307,Sul Cearense,2,NE,Nordeste,IBGE_API
2304236,Croatá,CE,Ceará,23,23002,Ibiapaba,2301,Noroeste Cearense,2,NE,Nordeste,IBGE_API
2304251,Cruz,CE,Ceará,23,23001,Litoral de Camocim e Acaraú,2301,Noroeste Cearense,2,NE,Nordeste,IBGE_API
2304269,Deputado Irapuan Pinheiro,CE,Ceará,23,23021,Sertão de Senador Pompeu,2304,Sertões Cearenses,2,NE,Nordeste,IBGE_API
2304277,Ereré,CE,Ceará,23,23025,Serra do Pereiro,2305,Jaguaribe,2,NE,Nordeste,IBGE_API
2304285,Eusébio,CE,Ceará,23,23016,Fortaleza,2303,Metropolitana de Fortaleza,2,NE,Nordeste,IBGE_API
2304301,Farias Brito,CE,Ceará,23,23030,Caririaçu,2307,Sul Cearense,2,NE,Nordeste,IBGE_API
2304350,Forquilha,CE,Ceará,23,23005,Sobral,2301,Noroeste Cearense,2,NE,Nordeste,IBGE_API
2304400,Fortaleza,CE,Ceará,23,23016,Fortaleza,2303,Metropolitana de Fortaleza,2,NE,Nordeste,IBGE_API
2304459,Fortim,CE,Ceará,23,23022,Litoral de Aracati,2305,Jaguaribe,2,NE,Nordeste,IBGE_API
2304509,Frecheirinha,CE,Ceará,23,23003,Coreaú,2301,Noroeste Cearense,2,NE,Nordeste,IBGE_API
2304608,General Sampaio,CE,Ceará,23,23011,Médio Curu,2302,Norte Cearense,2,NE,Nordeste,IBGE_API
2304657,Graça,CE,Ceará,23,23005,Sobral,2301,Noroeste Cearense,2,NE,Nordeste,IBGE_API
2304707,Granja,CE,Ceará,23,23001,Litoral de Camocim e Acaraú,2301,Noroeste Cearense,2,NE,Nordeste,IBGE_API
2304806,Granjeiro,CE,Ceará,23,23030,Caririaçu,2307,Sul Cearense,2,NE,Nordeste,IBGE_API
2304905,Groaíras,CE,Ceará,23,23005,Sobral,2301,Noroeste Cearense,2,NE,Nordeste,IBGE_API
2304954,Guaiúba,CE,Ceará,23,23016,Fortaleza,2303,Metropolitana de Fortaleza,2,NE,Nordeste,IBGE_API
2305001,Guaraciaba do Norte,CE,Ceará,23,23002,Ibiapaba,2301,Noroeste Cearense,2,NE,Nordeste,IBGE_API
2305100,Guaramiranga,CE,Ceará,23,23013,Baturité,2302,Norte Cearense,2,NE,Nordeste,IBGE_API
2305209,Hidrolândia,CE,Ceará,23,23007,Santa Quitéria,2301,Noroeste Cearense,2,NE,Nordeste,IBGE_API
2305233,Horizonte,CE,Ceará,23,23017,Pacajus,2303,Metropolitana de Fortaleza,2,NE,Nordeste,IBGE_API
2305266,Ibaretama,CE,Ceará,23,23019,Sertão de Quixeramobim,2304,Sertões Cearenses,2,NE,Nordeste,IBGE_API
2305308,Ibiapina,CE,Ceará,23,23002,Ibiapaba,2301,Noroeste Cearense,2,NE,Nordeste,IBGE_API
2305332,Ibicuitinga,CE,Ceará,23,23023,Baixo Jaguaribe,2305,Jaguaribe,2,NE,Nordeste,IBGE_API
2305357,Icapuí,CE,Ceará,23,23022,Litoral de Aracati,2305,Jaguaribe,2,NE,Nordeste,IBGE_API
2305407,Icó,CE,Ceará,23,23026,Iguatu,2306,Centro-Sul Cearense,2,NE,Nordeste,IBGE_API
2305506,Iguatu,CE,Ceará,23,23026,Iguatu,2306,Centro-Sul Cearense,2,NE,Nordeste,IBGE_API
2305605,Independência,CE,Ceará,23,23018,Sertão de Cratéus,2304,Sertões Cearenses,2,NE,Nordeste,IBGE_API
2305654,Ipaporanga,CE,Ceará,23,23018,Sertão de Cratéus,2304,Sertões Cearenses,2,NE,Nordeste,IBGE_API
2305704,Ipaumirim,CE,Ceará,23,23028,Lavras da Mangabeira,2306,Centro-Sul Cearense,2,NE,Nordeste,IBGE_API
2305803,Ipu,CE,Ceará,23,23006,Ipu,2301,Noroeste Cearense,2,NE,Nordeste,IBGE_API
2305902,Ipueiras,CE,Ceará,23,23006,Ipu,2301,Noroeste Cearense,2,NE,Nordeste,IBGE_API
2306009,Iracema,CE,Ceará,23,23025,Serra do Pereiro,2305,Jaguaribe,2,NE,Nordeste,IBGE_API
2306108,Irauçuba,CE,Ceará,23,23005,Sobral,2301,Noroeste Cearense,2,NE,Nordeste,IBGE_API
2306207,Itaiçaba,CE,Ceará,23,23022,Litoral de Aracati,2305,Jaguaribe,2,NE,Nordeste,IBGE_API
2306256,Itaitinga,CE,Ceará,23,23016,Fortaleza,2303,Metropolitana de Fortaleza,2,NE,Nordeste,IBGE_API
2306306,Itapajé,CE,Ceará,23,23010,Uruburetama,2302,Norte Cearense,2,NE,Nordeste,IBGE_API
2306405,Itapipoca,CE,Ceará,23,23008,Itapipoca,2302,Norte Cearense,2,NE,Nordeste,IBGE_API
2306504,Itapiúna,CE,Ceará,23,23013,Baturité,2302,Norte Cearense,2,NE,Nordeste,IBGE_API
2306553,Itarema,CE,Ceará,23,23001,Litoral de Camocim e Acaraú,2301,Noroeste Cearense,2,NE,Nordeste,IBGE_API
2306603,Itatira,CE,Ceará,23,23012,Canindé,2302,Norte Cearense,2,NE,Nordeste,IBGE_API
2306702,Jaguaretama,CE,Ceará,23,23024,Médio Jaguaribe,2305,Jaguaribe,2,NE,Nordeste,IBGE_API
2306801,Jaguaribara,CE,Ceará,23,23024,Médio Jaguaribe,2305,Jaguaribe,2,NE,Nordeste,IBGE_API
2306900,Jaguaribe,CE,Ceará,23,23024,Médio Jaguaribe,2305,Jaguaribe,2,NE,Nordeste,IBGE_API
2307007,Jaguaruana,CE,Ceará,23,23023,Baixo Jaguaribe,2305,Jaguaribe,2,NE,Nordeste,IBGE_API
2307106,Jardim,CE,Ceará,23,23032,Cariri,2307,Sul Cearense,2,NE,Nordeste,IBGE_API
2307205,Jati,CE,Ceará,23,23033,Brejo Santo,2307,Sul Cearense,2,NE,Nordeste,IBGE_API
2307254,Jijoca de Jericoacoara,CE,Ceará,23,23001,Litoral de Camocim e Acaraú,2301,Noroeste Cearense,2,NE,Nordeste,IBGE_API
2307304,Juazeiro do Norte,CE,Ceará,23,23032,Cariri,2307,Sul Cearense,2,NE,Nordeste,IBGE_API
2307403,Jucás,CE,Ceará,23,23027,Várzea Alegre,2306,Centro-Sul Cearense,2,NE,Nordeste,IBGE_API
2307502,Lavras da Mangabeira,CE,Ceará,23,23028,Lavras da Mangabeira,2306,Centro-Sul Cearense,2,NE,Nordeste,IBGE_API
2307601,Limoeiro do Norte,CE,Ceará,23,23023,Baixo Jaguaribe,2305,Jaguaribe,2,NE,Nordeste,IBGE_API
2307635,Madalena,CE,Ceará,23,23019,Sertão de Quixeramobim,2304,Sertões Cearenses,2,NE,Nordeste,IBGE_API
2307650,Maracanaú,CE,Ceará,23,23016,Fortaleza,2303,Metropolitana de Fortaleza,2,NE,Nordeste,IBGE_API
2307700,Maranguape,CE,Ceará,23,23016,Fortaleza,2303,Metropolitana de Fortaleza,2,NE,Nordeste,IBGE_API
2307809,Marco,CE,Ceará,23,23001,Litoral de Camocim e Acaraú,2301,Noroeste Cearense,2,NE,Nordeste,IBGE_API
2307908,Martinópole,CE,Ceará,23,23001,Litoral de Camocim e Acaraú,2301,Noroeste Cearense,2,NE,Nordeste,IBGE_API
2308005,Massapê,CE,Ceará,23,23005,Sobral,2301,Noroeste Cearense,2,NE,Nordeste,IBGE_API
2308104,Mauriti,CE,Ceará,23,23031,Barro,2307,Sul Cearense,2,NE,Nordeste,IBGE_API
2308203,Meruoca,CE,Ceará,23,23004,Meruoca,2301,Noroeste Cearense,2,NE,Nordeste,IBGE_API
2308302,Milagres,CE,Ceará,23,23033,Brejo Santo,2307,Sul Cearense,2,NE,Nordeste,IBGE_API
2308351,Milhã,CE,Ceará,23,23021,Sertão de Senador Pompeu,2304,Sertões Cearenses,2,NE,Nordeste,IBGE_API
2308377,Miraíma,CE,Ceará,23,23005,Sobral,2301,Noroeste Cearense,2,NE,Nordeste,IBGE_API
2308401,Missão Velha,CE,Ceará,23,23032,Cariri,2307,Sul Cearense,2,NE,Nordeste,IBGE_API
2308500,Mombaça,CE,Ceará,23,23021,Sertão de Senador Pompeu,2304,Sertões Cearenses,2,NE,Nordeste,IBGE_API
2308609,Monsenhor Tabosa,CE,Ceará,23,23018,Sertão de Cratéus,2304,Sertões Cearenses,2,NE,Nordeste,IBGE_API
2308708,Morada Nova,CE,Ceará,23,23023,Baixo Jaguaribe,2305,Jaguaribe,2,NE,Nordeste,IBGE_API
2308807,Moraújo,CE,Ceará,23,23003,Coreaú,2301,Noroeste Cearense,2,NE,Nordeste,IBGE_API
2308906,Morrinhos,CE,Ceará,23,23001,Litoral de Camocim e Acaraú,2301,Noroeste Cearense,2,NE,Nordeste,IBGE_API
2309003,Mucambo,CE,Ceará,23,23005,Sobral,2301,Noroeste Cearense,2,NE,Nordeste,IBGE_API
2309102,Mulungu,CE,Ceará,23,23013,Baturité,2302,Norte Cearense,2,NE,Nordeste,IBGE_API
2309201,Nova Olinda,CE,Ceará,23,23032,Cariri,2307,Sul Cearense,2,NE,Nordeste,IBGE_API
2309300,Nova Russas,CE,Ceará,23,23018,Sertão de Cratéus,2304,Sertões Cearenses,2,NE,Nordeste,IBGE_API
2309409,Novo Oriente,CE,Ceará,23,23018,Sertão de Cratéus,2304,Sertões Cearenses,2,NE,Nordeste,IBGE_API
2309458,Ocara,CE,Ceará,23,23014,Chorozinho,2302,Norte Cearense,2,NE,Nordeste,IBGE_API
2309508,Orós,CE,Ceará,23,23026,Iguatu,2306,Centro-Sul Cearense,2,NE,Nordeste,IBGE_API
2309607,Pacajus,CE,Ceará,23,23017,Pacajus,2303,Metropolitana de Fortaleza,2,NE,Nordeste,IBGE_API
2309706,Pacatuba,CE,Ceará,23,23016,Fortaleza,2303,Metropolitana de Fortaleza,2,NE,Nordeste,IBGE_API
2309805,Pacoti,CE,Ceará,23,23013,Baturité,2302,Norte Cearense,2,NE,Nordeste,IBGE_API
2309904,Pacujá,CE,Ceará,23,23005,Sobral,2301,Noroeste Cearense,2,NE,Nordeste,IBGE_API
2310001,Palhano,CE,Ceará,23,23023,Baixo Jaguaribe,2305,Jaguaribe,2,NE,Nordeste,IBGE_API
2310100,Palmácia,CE,Ceará,23,23013,Baturité,2302,Norte Cearense,2,NE,Nordeste,IBGE_API
2310209,Paracuru,CE,Ceará,23,23009,Baixo Curu,2302,Norte Cearense,2,NE,Nordeste,IBGE_API
2310258,Paraipaba,CE,Ceará,23,23009,Baixo Curu,2302,Norte Cearense,2,NE,Nordeste,IBGE_API
2310308,Parambu,CE,Ceará,23,23020,Sertão de Inhamuns,2304,Sertões Cearenses,2,NE,Nordeste,IBGE_API
2310407,Paramoti,CE,Ceará,23,23012,Canindé,2302,Norte Cearense,2,NE,Nordeste,IBGE_API
2310506,Pedra Branca,CE,Ceará,23,23021,Sertão de Senador Pompeu,2304,Sertões Cearenses,2,NE,Nordeste,IBGE_API
2310605,Penaforte,CE,Ceará,23,23033,Brejo Santo,2307,Sul Cearense,2,NE,Nordeste,IBGE_API
2310704,Pentecoste,CE,Ceará,23,23011,Médio Curu,2302,Norte Cearense,2,NE,Nordeste,IBGE_API
2310803,Pereiro,CE,Ceará,23,23025,Serra do Pereiro,2305,Jaguaribe,2,NE,Nordeste,IBGE_API
2310852,Pindoretama,CE,Ceará,23,23015,Cascavel,2302,Norte Cearense,2,NE,Nordeste,IBGE_API
2310902,Piquet Carneiro,CE,Ceará,23,23021,Sertão de Senador Pompeu,2304,Sertões Cearenses,2,NE,Nordeste,IBGE_API
2310951,Pires Ferreira,CE,Ceará,23,23006,Ipu,2301,Noroeste Cearense,2,NE,Nordeste,IBGE_API
2311009,Poranga,CE,Ceará,23,23006,Ipu,2301,Noroeste Cearense,2,NE,Nordeste,IBGE_API
2311108,Porteiras,CE,Ceará,23,23032,Cariri,2307,Sul Cearense,2,NE,Nordeste,IBGE_API
2311207,Potengi,CE,Ceará,23,23029,Chapada do Araripe,2307,Sul Cearense,2,NE,Nordeste,IBGE_API
2311231,Potiretama,CE,Ceará,23,23025,Serra do Pereiro,2305,Jaguaribe,2,NE,Nordeste,IBGE_API
2311264,Quiterianópolis,CE,Ceará,23,23018,Sertão de Cratéus,2304,Sertões Cearenses,2,NE,Nordeste,IBGE_API
2311306,Quixadá,CE,Ceará,23,23019,Sertão de Quixeramobim,2304,Sertões Cearenses,2,NE,Nordeste,IBGE_API
2311355,Quixelô,CE,Ceará,23,23026,Iguatu,2306,Centro-Sul Cearense,2,NE,Nordeste,IBGE_API
2311405,Quixeramobim,CE,Ceará,23,23019,Sertão de Quixeramobim,2304,Sertões Cearenses,2,NE,Nordeste,IBGE_API
2311504,Quixeré,CE,Ceará,23,23023,Baixo Jaguaribe,2305,Jaguaribe,2,NE,Nordeste,IBGE_API
2311603,Redenção,CE,Ceará,23,23013,Baturité,2302,Norte Cearense,2,NE,Nordeste,IBGE_API
2311702,Reriutaba,CE,Ceará,23,23006,Ipu,2301,Noroeste Cearense,2,NE,Nordeste,IBGE_API
2311801,Russas,CE,Ceará,23,23023,Baixo Jaguaribe,2305,Jaguaribe,2,NE,Nordeste,IBGE_API
2311900,Saboeiro,CE,Ceará,23,23020,Sertão de Inhamuns,2304,Sertões Cearenses,2,NE,Nordeste,IBGE_API
2311959,Salitre,CE,Ceará,23,23029,Chapada do Araripe,2307,Sul Cearense,2,NE,Nordeste,IBGE_API
2312007,Santana do Acaraú,CE,Ceará,23,23005,Sobral,2301,Noroeste Cearense,2,NE,Nordeste,IBGE_API
2312106,Santana do Cariri,CE,Ceará,23,23032,Cariri,2307,Sul Cearense,2,NE,Nordeste,IBGE_API
2312205,Santa Quitéria,CE,Ceará,23,23007,Santa Quitéria,2301,Noroeste Cearense,2,NE,Nordeste,IBGE_API
2312304,São Benedito,CE,Ceará,23,23002,Ibiapaba,2301,Noroeste Cearense,2,NE,Nordeste,IBGE_API
2312403,São Gonçalo do Amarante,CE,Ceará,23,23009,Baixo Curu,2302,Norte Cearense,2,NE,Nordeste,IBGE_API
2312502,São João do Jaguaribe,CE,Ceará,23,23023,Baixo Jaguaribe,2305,Jaguaribe,2,NE,Nordeste,IBGE_API
2312601,São Luís do Curu,CE,Ceará,23,23011,Médio Curu,2302,Norte Cearense,2,NE,Nordeste,IBGE_API
2312700,Senador Pompeu,CE,Ceará,23,23021,Sertão de Senador Pompeu,2304,Sertões Cearenses,2,NE,Nordeste,IBGE_API
2312809,Senador Sá,CE,Ceará,23,23005,Sobral,2301,Noroeste Cearense,2,NE,Nordeste,IBGE_API
2312908,Sobral,CE,Ceará,23,23005,Sobral,2301,Noroeste Cearense,2,NE,Nordeste,IBGE_API
2313005,Solonópole,CE,Ceará,23,23021,Sertão de Senador Pompeu,2304,Sertões Cearenses,2,NE,Nordeste,IBGE_API
2313104,Tabuleiro do Norte,CE,Ceará,23,23023,Baixo Jaguaribe,2305,Jaguaribe,2,NE,Nordeste,IBGE_API
2313203,Tamboril,CE,Ceará,23,23018,Sertão de Cratéus,2304,Sertões Cearenses,2,NE,Nordeste,IBGE_API
2313252,Tarrafas,CE,Ceará,23,23027,Várzea Alegre,2306,Centro-Sul Cearense,2,NE,Nordeste,IBGE_API
2313302,Tauá,CE,Ceará,23,23020,Sertão de Inhamuns,2304,Sertões Cearenses,2,NE,Nordeste,IBGE_API
2313351,Tejuçuoca,CE,Ceará,23,23011,Médio Curu,2302,Norte Cearense,2,NE,Nordeste,IBGE_API
2313401,Tianguá,CE,Ceará,23,23002,Ibiapaba,2301,Noroeste Cearense,2,NE,Nordeste,IBGE_API
2313500,Trairi,CE,Ceará,23,23008,Itapipoca,2302,Norte Cearense,2,NE,Nordeste,IBGE_API
2313559,Tururu,CE,Ceará,23,23010,Uruburetama,2302,Norte Cearense,2,NE,Nordeste,IBGE_API
2313609,Ubajara,CE,Ceará,23,23002,Ibiapaba,2301,Noroeste Cearense,2,NE,Nordeste,IBGE_API
2313708,Umari,CE,Ceará,23,23028,Lavras da Mangabeira,2306,Centro-Sul Cearense,2,NE,Nordeste,IBGE_API
2313757,Umirim,CE,Ceará,23,23010,Uruburetama,2302,Norte Cearense,2,NE,Nordeste,IBGE_API
2313807,Uruburetama,CE,Ceará,23,23010,Uruburetama,2302,Norte Cearense,2,NE,Nordeste,IBGE_API
2313906,Uruoca,CE,Ceará,23,23003,Coreaú,2301,Noroeste Cearense,2,NE,Nordeste,IBGE_API
2313955,Varjota,CE,Ceará,23,23006,Ipu,2301,Noroeste Cearense,2,NE,Nordeste,IBGE_API
2314003,Várzea Alegre,CE,Ceará,23,23027,Várzea Alegre,2306,Centro-Sul Cearense,2,NE,Nordeste,IBGE_API
2314102,Viçosa do Ceará,CE,Ceará,23,23002,Ibiapaba,2301,Noroeste Cearense,2,NE,Nordeste,IBGE_API
2400109,Acari,RN,Rio Grande do Norte,24,24012,Seridó Oriental,2402,Central Potiguar,2,NE,Nordeste,IBGE_API
2400208,Açu,RN,Rio Grande do Norte,24,24004,Vale do Açu,2401,Oeste Potiguar,2,NE,Nordeste,IBGE_API
2400307,Afonso Bezerra,RN,Rio Grande do Norte,24,24009,Angicos,2402,Central Potiguar,2,NE,Nordeste,IBGE_API
2400406,Água Nova,RN,Rio Grande do Norte,24,24005,Serra de São Miguel,2401,Oeste Potiguar,2,NE,Nordeste,IBGE_API
2400505,Alexandria,RN,Rio Grande do Norte,24,24006,Pau dos Ferros,2401,Oeste Potiguar,2,NE,Nordeste,IBGE_API
2400604,Almino Afonso,RN,Rio Grande do Norte,24,24007,Umarizal,2401,Oeste Potiguar,2,NE,Nordeste,IBGE_API
2400703,Alto do Rodrigues,RN,Rio Grande do Norte,24,24004,Vale do Açu,2401,Oeste Potiguar,2,NE,Nordeste,IBGE_API
2400802,Angicos,RN,Rio Grande do Norte,24,24009,Angicos,2402,Central Potiguar,2,NE,Nordeste,IBGE_API
2400901,Antônio Martins,RN,Rio Grande do Norte,24,24007,Umarizal,2401,Oeste Potiguar,2,NE,Nordeste,IBGE_API
2401008,Apodi,RN,Rio Grande do Norte,24,24002,Chapada do Apodi,2401,Oeste Potiguar,2,NE,Nordeste,IBGE_API
2401107,Areia Branca,RN,Rio Grande do Norte,24,24001,Mossoró,2401,Oeste Potiguar,2,NE,Nordeste,IBGE_API
2401206,Arês,RN,Rio Grande do Norte,24,24019,Litoral Sul,2404,Leste Potiguar,2,NE,Nordeste,IBGE_API
2401305,Campo Grande,RN,Rio Grande do Norte,24,24003,Médio Oeste,2401,Oeste Potiguar,2,NE,Nordeste,IBGE_API
2401404,Baía Formosa,RN,Rio Grande do Norte,24,24019,Litoral Sul,2404,Leste Potiguar,2,NE,Nordeste,IBGE_API
2401453,Baraúna,RN,Rio Grande do Norte,24,24001,Mossoró,2401,Oeste Potiguar,2,NE,Nordeste,IBGE_API
2401503,Barcelona,RN,Rio Grande do Norte,24,24014,Borborema Potiguar,2403,Agreste Potiguar,2,NE,Nordeste,IBGE_API
2401602,Bento Fernandes,RN,Rio Grande do Norte,24,24013,Baixa Verde,2403,Agreste Potiguar,2,NE,Nordeste,IBGE_API
2401651,Bodó,RN,Rio Grande do Norte,24,24010,Serra de Santana,2402,Central Potiguar,2,NE,Nordeste,IBGE_API
2401701,Bom Jesus,RN,Rio Grande do Norte,24,24015,Agreste Potiguar,2403,Agreste Potiguar,2,NE,Nordeste,IBGE_API
2401800,Brejinho,RN,Rio Grande do Norte,24,24015,Agreste Potiguar,2403,Agreste Potiguar,2,NE,Nordeste,IBGE_API
2401859,Caiçara do Norte,RN,Rio Grande do Norte,24,24008,Macau,2402,Central Potiguar,2,NE,Nordeste,IBGE_API
2401909,Caiçara do Rio do Vento,RN,Rio Grande do Norte,24,24009,Angicos,2402,Central Potiguar,2,NE,Nordeste,IBGE_API
2402006,Caicó,RN,Rio Grande do Norte,24,24011,Seridó Ocidental,2402,Central Potiguar,2,NE,Nordeste,IBGE_API
2402105,Campo Redondo,RN,Rio Grande do Norte,24,24014,Borborema Potiguar,2403,Agreste Potiguar,2,NE,Nordeste,IBGE_API
2402204,Canguaretama,RN,Rio Grande do Norte,24,24019,Litoral Sul,2404,Leste Potiguar,2,NE,Nordeste,IBGE_API
2402303,Caraúbas,RN,Rio Grande do Norte,24,24002,Chapada do Apodi,2401,Oeste Potiguar,2,NE,Nordeste,IBGE_API
2402402,Carnaúba dos Dantas,RN,Rio Grande do Norte,24,24012,Seridó Oriental,2402,Central Potiguar,2,NE,Nordeste,IBGE_API
2402501,Carnaubais,RN,Rio Grande do Norte,24,24004,Vale do Açu,2401,Oeste Potiguar,2,NE,Nordeste,IBGE_API
2402600,Ceará-Mirim,RN,Rio Grande do Norte,24,24017,Macaíba,2404,Leste Potiguar,2,NE,Nordeste,IBGE_API
2402709,Cerro Corá,RN,Rio Grande do Norte,24,24010,Serra de Santana,2402,Central Potiguar,2,NE,Nordeste,IBGE_API
2402808,Coronel Ezequiel,RN,Rio Grande do Norte,24,24014,Borborema Potiguar,2403,Agreste Potiguar,2,NE,Nordeste,IBGE_API
2402907,Coronel João Pessoa,RN,Rio Grande do Norte,24,24005,Serra de São Miguel,2401,Oeste Potiguar,2,NE,Nordeste,IBGE_API
2403004,Cruzeta,RN,Rio Grande do Norte,24,24012,Seridó Oriental,2402,Central Potiguar,2,NE,Nordeste,IBGE_API
2403103,Currais Novos,RN,Rio Grande do Norte,24,24012,Seridó Oriental,2402,Central Potiguar,2,NE,Nordeste,IBGE_API
2403202,Doutor Severiano,RN,Rio Grande do Norte,24,24005,Serra de São Miguel,2401,Oeste Potiguar,2,NE,Nordeste,IBGE_API
2403251,Parnamirim,RN,Rio Grande do Norte,24,24018,Natal,2404,Leste Potiguar,2,NE,Nordeste,IBGE_API
2403301,Encanto,RN,Rio Grande do Norte,24,24005,Serra de São Miguel,2401,Oeste Potiguar,2,NE,Nordeste,IBGE_API
2403400,Equador,RN,Rio Grande do Norte,24,24012,Seridó Oriental,2402,Central Potiguar,2,NE,Nordeste,IBGE_API
2403509,Espírito Santo,RN,Rio Grande do Norte,24,24019,Litoral Sul,2404,Leste Potiguar,2,NE,Nordeste,IBGE_API
2403608,Extremoz,RN,Rio Grande do Norte,24,24018,Natal,2404,Leste Potiguar,2,NE,Nordeste,IBGE_API
2403707,Felipe Guerra,RN,Rio Grande do Norte,24,24002,Chapada do Apodi,2401,Oeste Potiguar,2,NE,Nordeste,IBGE_API
2403756,Fernando Pedroza,RN,Rio Grande do Norte,24,24009,Angicos,2402,Central Potiguar,2,NE,Nordeste,IBGE_API
2403806,Florânia,RN,Rio Grande do Norte,24,24010,Serra de Santana,2402,Central Potiguar,2,NE,Nordeste,IBGE_API
2403905,Francisco Dantas,RN,Rio Grande do Norte,24,24006,Pau dos Ferros,2401,Oeste Potiguar,2,NE,Nordeste,IBGE_API
2404002,Frutuoso Gomes,RN,Rio Grande do Norte,24,24007,Umarizal,2401,Oeste Potiguar,2,NE,Nordeste,IBGE_API
2404101,Galinhos,RN,Rio Grande do Norte,24,24008,Macau,2402,Central Potiguar,2,NE,Nordeste,IBGE_API
2404200,Goianinha,RN,Rio Grande do Norte,24,24019,Litoral Sul,2404,Leste Potiguar,2,NE,Nordeste,IBGE_API
2404309,Governador Dix-Sept Rosado,RN,Rio Grande do Norte,24,24002,Chapada do Apodi,2401,Oeste Potiguar,2,NE,Nordeste,IBGE_API
2404408,Grossos,RN,Rio Grande do Norte,24,24001,Mossoró,2401,Oeste Potiguar,2,NE,Nordeste,IBGE_API
2404507,Guamaré,RN,Rio Grande do Norte,24,24008,Macau,2402,Central Potiguar,2,NE,Nordeste,IBGE_API
2404606,Ielmo Marinho,RN,Rio Grande do Norte,24,24015,Agreste Potiguar,2403,Agreste Potiguar,2,NE,Nordeste,IBGE_API
2404705,Ipanguaçu,RN,Rio Grande do Norte,24,24004,Vale do Açu,2401,Oeste Potiguar,2,NE,Nordeste,IBGE_API
2404804,Ipueira,RN,Rio Grande do Norte,24,24011,Seridó Ocidental,2402,Central Potiguar,2,NE,Nordeste,IBGE_API
2404853,Itajá,RN,Rio Grande do Norte,24,24004,Vale do Açu,2401,Oeste Potiguar,2,NE,Nordeste,IBGE_API
2404903,Itaú,RN,Rio Grande do Norte,24,24006,Pau dos Ferros,2401,Oeste Potiguar,2,NE,Nordeste,IBGE_API
2405009,Jaçanã,RN,Rio Grande do Norte,24,24014,Borborema Potiguar,2403,Agreste Potiguar,2,NE,Nordeste,IBGE_API
2405108,Jandaíra,RN,Rio Grande do Norte,24,24013,Baixa Verde,2403,Agreste Potiguar,2,NE,Nordeste,IBGE_API
2405207,Janduís,RN,Rio Grande do Norte,24,24003,Médio Oeste,2401,Oeste Potiguar,2,NE,Nordeste,IBGE_API
2405306,Januário Cicco,RN,Rio Grande do Norte,24,24015,Agreste Potiguar,2403,Agreste Potiguar,2,NE,Nordeste,IBGE_API
2405405,Japi,RN,Rio Grande do Norte,24,24014,Borborema Potiguar,2403,Agreste Potiguar,2,NE,Nordeste,IBGE_API
2405504,Jardim de Angicos,RN,Rio Grande do Norte,24,24009,Angicos,2402,Central Potiguar,2,NE,Nordeste,IBGE_API
2405603,Jardim de Piranhas,RN,Rio Grande do Norte,24,24011,Seridó Ocidental,2402,Central Potiguar,2,NE,Nordeste,IBGE_API
2405702,Jardim do Seridó,RN,Rio Grande do Norte,24,24012,Seridó Oriental,2402,Central Potiguar,2,NE,Nordeste,IBGE_API
2405801,João Câmara,RN,Rio Grande do Norte,24,24013,Baixa Verde,2403,Agreste Potiguar,2,NE,Nordeste,IBGE_API
2405900,João Dias,RN,Rio Grande do Norte,24,24007,Umarizal,2401,Oeste Potiguar,2,NE,Nordeste,IBGE_API
2406007,José da Penha,RN,Rio Grande do Norte,24,24006,Pau dos Ferros,2401,Oeste Potiguar,2,NE,Nordeste,IBGE_API
2406106,Jucurutu,RN,Rio Grande do Norte,24,24004,Vale do Açu,2401,Oeste Potiguar,2,NE,Nordeste,IBGE_API
2406155,Jundiá,RN,Rio Grande do Norte,24,24015,Agreste Potiguar,2403,Agreste Potiguar,2,NE,Nordeste,IBGE_API
2406205,Lagoa d'Anta,RN,Rio Grande do Norte,24,24015,Agreste Potiguar,2403,Agreste Potiguar,2,NE,Nordeste,IBGE_API
2406304,Lagoa de Pedras,RN,Rio Grande do Norte,24,24015,Agreste Potiguar,2403,Agreste Potiguar,2,NE,Nordeste,IBGE_API
2406403,Lagoa de Velhos,RN,Rio Grande do Norte,24,24014,Borborema Potiguar,2403,Agreste Potiguar,2,NE,Nordeste,IBGE_API
2406502,Lagoa Nova,RN,Rio Grande do Norte,24,24010,Serra de Santana,2402,Central Potiguar,2,NE,Nordeste,IBGE_API
2406601,Lagoa Salgada,RN,Rio Grande do Norte,24,24015,Agreste Potiguar,2403,Agreste Potiguar,2,NE,Nordeste,IBGE_API
2406700,Lajes,RN,Rio Grande do Norte,24,24009,Angicos,2402,Central Potiguar,2,NE,Nordeste,IBGE_API
2406809,Lajes Pintadas,RN,Rio Grande do Norte,24,24014,Borborema Potiguar,2403,Agreste Potiguar,2,NE,Nordeste,IBGE_API
2406908,Lucrécia,RN,Rio Grande do Norte,24,24007,Umarizal,2401,Oeste Potiguar,2,NE,Nordeste,IBGE_API
2407005,Luís Gomes,RN,Rio Grande do Norte,24,24005,Serra de São Miguel,2401,Oeste Potiguar,2,NE,Nordeste,IBGE_API
2407104,Macaíba,RN,Rio Grande do Norte,24,24017,Macaíba,2404,Leste Potiguar,2,NE,Nordeste,IBGE_API
2407203,Macau,RN,Rio Grande do Norte,24,24008,Macau,2402,Central Potiguar,2,NE,Nordeste,IBGE_API
2407252,Major Sales,RN,Rio Grande do Norte,24,24005,Serra de São Miguel,2401,Oeste Potiguar,2,NE,Nordeste,IBGE_API
2407302,Marcelino Vieira,RN,Rio Grande do Norte,24,24006,Pau dos Ferros,2401,Oeste Potiguar,2,NE,Nordeste,IBGE_API
2407401,Martins,RN,Rio Grande do Norte,24,24007,Umarizal,2401,Oeste Potiguar,2,NE,Nordeste,IBGE_API
2407500,Maxaranguape,RN,Rio Grande do Norte,24,24016,Litoral Nordeste,2404,Leste Potiguar,2,NE,Nordeste,IBGE_API
2407609,Messias Targino,RN,Rio Grande do Norte,24,24003,Médio Oeste,2401,Oeste Potiguar,2,NE,Nordeste,IBGE_API
2407708,Montanhas,RN,Rio Grande do Norte,24,24019,Litoral Sul,2404,Leste Potiguar,2,NE,Nordeste,IBGE_API
2407807,Monte Alegre,RN,Rio Grande do Norte,24,24015,Agreste Potiguar,2403,Agreste Potiguar,2,NE,Nordeste,IBGE_API
2407906,Monte das Gameleiras,RN,Rio Grande do Norte,24,24014,Borborema Potiguar,2403,Agreste Potiguar,2,NE,Nordeste,IBGE_API
2408003,Mossoró,RN,Rio Grande do Norte,24,24001,Mossoró,2401,Oeste Potiguar,2,NE,Nordeste,IBGE_API
2408102,Natal,RN,Rio Grande do Norte,24,24018,Natal,2404,Leste Potiguar,2,NE,Nordeste,IBGE_API
2408201,Nísia Floresta,RN,Rio Grande do Norte,24,24017,Macaíba,2404,Leste Potiguar,2,NE,Nordeste,IBGE_API
2408300,Nova Cruz,RN,Rio Grande do Norte,24,24015,Agreste Potiguar,2403,Agreste Potiguar,2,NE,Nordeste,IBGE_API
2408409,Olho d'Água do Borges,RN,Rio Grande do Norte,24,24007,Umarizal,2401,Oeste Potiguar,2,NE,Nordeste,IBGE_API
2408508,Ouro Branco,RN,Rio Grande do Norte,24,24012,Seridó Oriental,2402,Central Potiguar,2,NE,Nordeste,IBGE_API
2408607,Paraná,RN,Rio Grande do Norte,24,24006,Pau dos Ferros,2401,Oeste Potiguar,2,NE,Nordeste,IBGE_API
2408706,Paraú,RN,Rio Grande do Norte,24,24003,Médio Oeste,2401,Oeste Potiguar,2,NE,Nordeste,IBGE_API
2408805,Parazinho,RN,Rio Grande do Norte,24,24013,Baixa Verde,2403,Agreste Potiguar,2,NE,Nordeste,IBGE_API
2408904,Parelhas,RN,Rio Grande do Norte,24,24012,Seridó Oriental,2402,Central Potiguar,2,NE,Nordeste,IBGE_API
2408953,Rio do Fogo,RN,Rio Grande do Norte,24,24016,Litoral Nordeste,2404,Leste Potiguar,2,NE,Nordeste,IBGE_API
2409100,Passa e Fica,RN,Rio Grande do Norte,24,24015,Agreste Potiguar,2403,Agreste Potiguar,2,NE,Nordeste,IBGE_API
2409209,Passagem,RN,Rio Grande do Norte,24,24015,Agreste Potiguar,2403,Agreste Potiguar,2,NE,Nordeste,IBGE_API
2409308,Patu,RN,Rio Grande do Norte,24,24007,Umarizal,2401,Oeste Potiguar,2,NE,Nordeste,IBGE_API
2409332,Santa Maria,RN,Rio Grande do Norte,24,24015,Agreste Potiguar,2403,Agreste Potiguar,2,NE,Nordeste,IBGE_API
2409407,Pau dos Ferros,RN,Rio Grande do Norte,24,24006,Pau dos Ferros,2401,Oeste Potiguar,2,NE,Nordeste,IBGE_API
2409506,Pedra Grande,RN,Rio Grande do Norte,24,24016,Litoral Nordeste,2404,Leste Potiguar,2,NE,Nordeste,IBGE_API
2409605,Pedra Preta,RN,Rio Grande do Norte,24,24009,Angicos,2402,Central Potiguar,2,NE,Nordeste,IBGE_API
2409704,Pedro Avelino,RN,Rio Grande do Norte,24,24009,Angicos,2402,Central Potiguar,2,NE,Nordeste,IBGE_API
2409803,Pedro Velho,RN,Rio Grande do Norte,24,24019,Litoral Sul,2404,Leste Potiguar,2,NE,Nordeste,IBGE_API
2409902,Pendências,RN,Rio Grande do Norte,24,24004,Vale do Açu,2401,Oeste Potiguar,2,NE,Nordeste,IBGE_API
2410009,Pilões,RN,Rio Grande do Norte,24,24006,Pau dos Ferros,2401,Oeste Potiguar,2,NE,Nordeste,IBGE_API
2410108,Poço Branco,RN,Rio Grande do Norte,24,24013,Baixa Verde,2403,Agreste Potiguar,2,NE,Nordeste,IBGE_API
2410207,Portalegre,RN,Rio Grande do Norte,24,24006,Pau dos Ferros,2401,Oeste Potiguar,2,NE,Nordeste,IBGE_API
2410256,Porto do Mangue,RN,Rio Grande do Norte,24,24004,Vale do Açu,2401,Oeste Potiguar,2,NE,Nordeste,IBGE_API
2410306,Serra Caiada,RN,Rio Grande do Norte,24,24015,Agreste Potiguar,2403,Agreste Potiguar,2,NE,Nordeste,IBGE_API
2410405,Pureza,RN,Rio Grande do Norte,24,24016,Litoral Nordeste,2404,Leste Potiguar,2,NE,Nordeste,IBGE_API
2410504,Rafael Fernandes,RN,Rio Grande do Norte,24,24006,Pau dos Ferros,2401,Oeste Potiguar,2,NE,Nordeste,IBGE_API
2410603,Rafael Godeiro,RN,Rio Grande do Norte,24,24007,Umarizal,2401,Oeste Potiguar,2,NE,Nordeste,IBGE_API
2410702,Riacho da Cruz,RN,Rio Grande do Norte,24,24006,Pau dos Ferros,2401,Oeste Potiguar,2,NE,Nordeste,IBGE_API
2410801,Riacho de Santana,RN,Rio Grande do Norte,24,24005,Serra de São Miguel,2401,Oeste Potiguar,2,NE,Nordeste,IBGE_API
2410900,Riachuelo,RN,Rio Grande do Norte,24,24015,Agreste Potiguar,2403,Agreste Potiguar,2,NE,Nordeste,IBGE_API
2411007,Rodolfo Fernandes,RN,Rio Grande do Norte,24,24006,Pau dos Ferros,2401,Oeste Potiguar,2,NE,Nordeste,IBGE_API
2411056,Tibau,RN,Rio Grande do Norte,24,24001,Mossoró,2401,Oeste Potiguar,2,NE,Nordeste,IBGE_API
2411106,Ruy Barbosa,RN,Rio Grande do Norte,24,24014,Borborema Potiguar,2403,Agreste Potiguar,2,NE,Nordeste,IBGE_API
2411205,Santa Cruz,RN,Rio Grande do Norte,24,24014,Borborema Potiguar,2403,Agreste Potiguar,2,NE,Nordeste,IBGE_API
2411403,Santana do Matos,RN,Rio Grande do Norte,24,24010,Serra de Santana,2402,Central Potiguar,2,NE,Nordeste,IBGE_API
2411429,Santana do Seridó,RN,Rio Grande do Norte,24,24012,Seridó Oriental,2402,Central Potiguar,2,NE,Nordeste,IBGE_API
2411502,Santo Antônio,RN,Rio Grande do Norte,24,24015,Agreste Potiguar,2403,Agreste Potiguar,2,NE,Nordeste,IBGE_API
2411601,São Bento do Norte,RN,Rio Grande do Norte,24,24008,Macau,2402,Central Potiguar,2,NE,Nordeste,IBGE_API
2411700,São Bento do Trairí,RN,Rio Grande do Norte,24,24014,Borborema Potiguar,2403,Agreste Potiguar,2,NE,Nordeste,IBGE_API
2411809,São Fernando,RN,Rio Grande do Norte,24,24011,Seridó Ocidental,2402,Central Potiguar,2,NE,Nordeste,IBGE_API
2411908,São Francisco do Oeste,RN,Rio Grande do Norte,24,24006,Pau dos Ferros,2401,Oeste Potiguar,2,NE,Nordeste,IBGE_API
2412005,São Gonçalo do Amarante,RN,Rio Grande do Norte,24,24017,Macaíba,2404,Leste Potiguar,2,NE,Nordeste,IBGE_API
2412104,São João do Sabugi,RN,Rio Grande do Norte,24,24011,Seridó Ocidental,2402,Central Potiguar,2,NE,Nordeste,IBGE_API
2412203,São José de Mipibu,RN,Rio Grande do Norte,24,24017,Macaíba,2404,Leste Potiguar,2,NE,Nordeste,IBGE_API
2412302,São José do Campestre,RN,Rio Grande do Norte,24,24014,Borborema Potiguar,2403,Agreste Potiguar,2,NE,Nordeste,IBGE_API
2412401,São José do Seridó,RN,Rio Grande do Norte,24,24012,Seridó Oriental,2402,Central Potiguar,2,NE,Nordeste,IBGE_API
2412500,São Miguel,RN,Rio Grande do Norte,24,24005,Serra de São Miguel,2401,Oeste Potiguar,2,NE,Nordeste,IBGE_API
2412559,São Miguel do Gostoso,RN,Rio Grande do Norte,24,24016,Litoral Nordeste,2404,Leste Potiguar,2,NE,Nordeste,IBGE_API
2412609,São Paulo do Potengi,RN,Rio Grande do Norte,24,24015,Agreste Potiguar,2403,Agreste Potiguar,2,NE,Nordeste,IBGE_API
2412708,São Pedro,RN,Rio Grande do Norte,24,24015,Agreste Potiguar,2403,Agreste Potiguar,2,NE,Nordeste,IBGE_API
2412807,São Rafael,RN,Rio Grande do Norte,24,24004,Vale do Açu,2401,Oeste Potiguar,2,NE,Nordeste,IBGE_API
2412906,São Tomé,RN,Rio Grande do Norte,24,24014,Borborema Potiguar,2403,Agreste Potiguar,2,NE,Nordeste,IBGE_API
2413003,São Vicente,RN,Rio Grande do Norte,24,24010,Serra de Santana,2402,Central Potiguar,2,NE,Nordeste,IBGE_API
2413102,Senador Elói de Souza,RN,Rio Grande do Norte,24,24015,Agreste Potiguar,2403,Agreste Potiguar,2,NE,Nordeste,IBGE_API
2413201,Senador Georgino Avelino,RN,Rio Grande do Norte,24,24019,Litoral Sul,2404,Leste Potiguar,2,NE,Nordeste,IBGE_API
2413300,Serra de São Bento,RN,Rio Grande do Norte,24,24014,Borborema Potiguar,2403,Agreste Potiguar,2,NE,Nordeste,IBGE_API
2413359,Serra do Mel,RN,Rio Grande do Norte,24,24001,Mossoró,2401,Oeste Potiguar,2,NE,Nordeste,IBGE_API
2413409,Serra Negra do Norte,RN,Rio Grande do Norte,24,24011,Seridó Ocidental,2402,Central Potiguar,2,NE,Nordeste,IBGE_API
2413508,Serrinha,RN,Rio Grande do Norte,24,24015,Agreste Potiguar,2403,Agreste Potiguar,2,NE,Nordeste,IBGE_API
2413557,Serrinha dos Pintos,RN,Rio Grande do Norte,24,24007,Umarizal,2401,Oeste Potiguar,2,NE,Nordeste,IBGE_API
2413607,Severiano Melo,RN,Rio Grande do Norte,24,24006,Pau dos Ferros,2401,Oeste Potiguar,2,NE,Nordeste,IBGE_API
2413706,Sítio Novo,RN,Rio Grande do Norte,24,24014,Borborema Potiguar,2403,Agreste Potiguar,2,NE,Nordeste,IBGE_API
2413805,Taboleiro Grande,RN,Rio Grande do Norte,24,24006,Pau dos Ferros,2401,Oeste Potiguar,2,NE,Nordeste,IBGE_API
2413904,Taipu,RN,Rio Grande do Norte,24,24016,Litoral Nordeste,2404,Leste Potiguar,2,NE,Nordeste,IBGE_API
2414001,Tangará,RN,Rio Grande do Norte,24,24014,Borborema Potiguar,2403,Agreste Potiguar,2,NE,Nordeste,IBGE_API
2414100,Tenente Ananias,RN,Rio Grande do Norte,24,24006,Pau dos Ferros,2401,Oeste Potiguar,2,NE,Nordeste,IBGE_API
2414159,Tenente Laurentino Cruz,RN,Rio Grande do Norte,24,24010,Serra de Santana,2402,Central Potiguar,2,NE,Nordeste,IBGE_API
2414209,Tibau do Sul,RN,Rio Grande do Norte,24,24019,Litoral Sul,2404,Leste Potiguar,2,NE,Nordeste,IBGE_API
2414308,Timbaúba dos Batistas,RN,Rio Grande do Norte,24,24011,Seridó Ocidental,2402,Central Potiguar,2,NE,Nordeste,IBGE_API
2414407,Touros,RN,Rio Grande do Norte,24,24016,Litoral Nordeste,2404,Leste Potiguar,2,NE,Nordeste,IBGE_API
2414456,Triunfo Potiguar,RN,Rio Grande do Norte,24,24003,Médio Oeste,2401,Oeste Potiguar,2,NE,Nordeste,IBGE_API
2414506,Umarizal,RN,Rio Grande do Norte,24,24007,Umarizal,2401,Oeste Potiguar,2,NE,Nordeste,IBGE_API
2414605,Upanema,RN,Rio Grande do Norte,24,24003,Médio Oeste,2401,Oeste Potiguar,2,NE,Nordeste,IBGE_API
2414704,Várzea,RN,Rio Grande do Norte,24,24015,Agreste Potiguar,2403,Agreste Potiguar,2,NE,Nordeste,IBGE_API
2414753,Venha-Ver,RN,Rio Grande do Norte,24,24005,Serra de São Miguel,2401,Oeste Potiguar,2,NE,Nordeste,IBGE_API
2414803,Vera Cruz,RN,Rio Grande do Norte,24,24015,Agreste Potiguar,2403,Agreste Potiguar,2,NE,Nordeste,IBGE_API
2414902,Viçosa,RN,Rio Grande do Norte,24,24006,Pau dos Ferros,2401,Oeste Potiguar,2,NE,Nordeste,IBGE_API
2415008,Vila Flor,RN,Rio Grande do Norte,24,24019,Litoral Sul,2404,Leste Potiguar,2,NE,Nordeste,IBGE_API
2500106,Água Branca,PB,Paraíba,25,25007,Serra do Teixeira,2501,Sertão Paraibano,2,NE,Nordeste,IBGE_API
2500205,Aguiar,PB,Paraíba,25,25005,Piancó,2501,Sertão Paraibano,2,NE,Nordeste,IBGE_API
2500304,Alagoa Grande,PB,Paraíba,25,25015,Brejo Paraibano,2503,Agreste Paraibano,2,NE,Nordeste,IBGE_API
2500403,Alagoa Nova,PB,Paraíba,25,25015,Brejo Paraibano,2503,Agreste Paraibano,2,NE,Nordeste,IBGE_API
2500502,Alagoinha,PB,Paraíba,25,25016,Guarabira,2503,Agreste Paraibano,2,NE,Nordeste,IBGE_API
2500536,Alcantil,PB,Paraíba,25,25011,Cariri Oriental,2502,Borborema,2,NE,Nordeste,IBGE_API
2500577,Algodão de Jandaíra,PB,Paraíba,25,25012,Curimataú Ocidental,2503,Agreste Paraibano,2,NE,Nordeste,IBGE_API
2500601,Alhandra,PB,Paraíba,25,25023,Litoral Sul,2504,Mata Paraibana,2,NE,Nordeste,IBGE_API
2500700,São João do Rio do Peixe,PB,Paraíba,25,25002,Cajazeiras,2501,Sertão Paraibano,2,NE,Nordeste,IBGE_API
2500734,Amparo,PB,Paraíba,25,25010,Cariri Ocidental,2502,Borborema,2,NE,Nordeste,IBGE_API
2500775,Aparecida,PB,Paraíba,25,25003,Sousa,2501,Sertão Paraibano,2,NE,Nordeste,IBGE_API
2500809,Araçagi,PB,Paraíba,25,25016,Guarabira,2503,Agreste Paraibano,2,NE,Nordeste,IBGE_API
2500908,Arara,PB,Paraíba,25,25012,Curimataú Ocidental,2503,Agreste Paraibano,2,NE,Nordeste,IBGE_API
2501005,Araruna,PB,Paraíba,25,25013,Curimataú Oriental,2503,Agreste Paraibano,2,NE,Nordeste,IBGE_API
2501104,Areia,PB,Paraíba,25,25015,Brejo Paraibano,2503,Agreste Paraibano,2,NE,Nordeste,IBGE_API
2501153,Areia de Baraúnas,PB,Paraíba,25,25004,Patos,2501,Sertão Paraibano,2,NE,Nordeste,IBGE_API
2501203,Areial,PB,Paraíba,25,25014,Esperança,2503,Agreste Paraibano,2,NE,Nordeste,IBGE_API
2501302,Aroeiras,PB,Paraíba,25,25019,Umbuzeiro,2503,Agreste Paraibano,2,NE,Nordeste,IBGE_API
2501351,Assunção,PB,Paraíba,25,25010,Cariri Ocidental,2502,Borborema,2,NE,Nordeste,IBGE_API
2501401,Baía da Traição,PB,Paraíba,25,25020,Litoral Norte,2504,Mata Paraibana,2,NE,Nordeste,IBGE_API
2501500,Bananeiras,PB,Paraíba,25,25015,Brejo Paraibano,2503,Agreste Paraibano,2,NE,Nordeste,IBGE_API
2501534,Baraúna,PB,Paraíba,25,25009,Seridó Oriental Paraibano,2502,Borborema,2,NE,Nordeste,IBGE_API
2501575,Barra de Santana,PB,Paraíba,25,25011,Cariri Oriental,2502,Borborema,2,NE,Nordeste,IBGE_API
2501609,Barra de Santa Rosa,PB,Paraíba,25,25012,Curimataú Ocidental,2503,Agreste Paraibano,2,NE,Nordeste,IBGE_API
2501708,Barra de São Miguel,PB,Paraíba,25,25011,Cariri Oriental,2502,Borborema,2,NE,Nordeste,IBGE_API
2501807,Bayeux,PB,Paraíba,25,25022,João Pessoa,2504,Mata Paraibana,2,NE,Nordeste,IBGE_API
2501906,Belém,PB,Paraíba,25,25016,Guarabira,2503,Agreste Paraibano,2,NE,Nordeste,IBGE_API
2502003,Belém do Brejo do Cruz,PB,Paraíba,25,25001,Catolé do Rocha,2501,Sertão Paraibano,2,NE,Nordeste,IBGE_API
2502052,Bernardino Batista,PB,Paraíba,25,25002,Cajazeiras,2501,Sertão Paraibano,2,NE,Nordeste,IBGE_API
2502102,Boa Ventura,PB,Paraíba,25,25006,Itaporanga,2501,Sertão Paraibano,2,NE,Nordeste,IBGE_API
2502151,Boa Vista,PB,Paraíba,25,25017,Campina Grande,2503,Agreste Paraibano,2,NE,Nordeste,IBGE_API
2502201,Bom Jesus,PB,Paraíba,25,25002,Cajazeiras,2501,Sertão Paraibano,2,NE,Nordeste,IBGE_API
2502300,Bom Sucesso,PB,Paraíba,25,25001,Catolé do Rocha,2501,Sertão Paraibano,2,NE,Nordeste,IBGE_API
2502409,Bonito de Santa Fé,PB,Paraíba,25,25002,Cajazeiras,2501,Sertão Paraibano,2,NE,Nordeste,IBGE_API
2502508,Boqueirão,PB,Paraíba,25,25011,Cariri Oriental,2502,Borborema,2,NE,Nordeste,IBGE_API
2502607,Igaracy,PB,Paraíba,25,25005,Piancó,2501,Sertão Paraibano,2,NE,Nordeste,IBGE_API
2502706,Borborema,PB,Paraíba,25,25015,Brejo Paraibano,2503,Agreste Paraibano,2,NE,Nordeste,IBGE_API
2502805,Brejo do Cruz,PB,Paraíba,25,25001,Catolé do Rocha,2501,Sertão Paraibano,2,NE,Nordeste,IBGE_API
2502904,Brejo dos Santos,PB,Paraíba,25,25001,Catolé do Rocha,2501,Sertão Paraibano,2,NE,Nordeste,IBGE_API
2503001,Caaporã,PB,Paraíba,25,25023,Litoral Sul,2504,Mata Paraibana,2,NE,Nordeste,IBGE_API
2503100,Cabaceiras,PB,Paraíba,25,25011,Cariri Oriental,2502,Borborema,2,NE,Nordeste,IBGE_API
2503209,Cabedelo,PB,Paraíba,25,25022,João Pessoa,2504,Mata Paraibana,2,NE,Nordeste,IBGE_API
2503308,Cachoeira dos Índios,PB,Paraíba,25,25002,Cajazeiras,2501,Sertão Paraibano,2,NE,Nordeste,IBGE_API
2503407,Cacimba de Areia,PB,Paraíba,25,25004,Patos,2501,Sertão Paraibano,2,NE,Nordeste,IBGE_API
2503506,Cacimba de Dentro,PB,Paraíba,25,25013,Curimataú Oriental,2503,Agreste Paraibano,2,NE,Nordeste,IBGE_API
2503555,Cacimbas,PB,Paraíba,25,25007,Serra do Teixeira,2501,Sertão Paraibano,2,NE,Nordeste,IBGE_API
2503605,Caiçara,PB,Paraíba,25,25016,Guarabira,2503,Agreste Paraibano,2,NE,Nordeste,IBGE_API
2503704,Cajazeiras,PB,Paraíba,25,25002,Cajazeiras,2501,Sertão Paraibano,2,NE,Nordeste,IBGE_API
2503753,Cajazeirinhas,PB,Paraíba,25,25003,Sousa,2501,Sertão Paraibano,2,NE,Nordeste,IBGE_API
2503803,Caldas Brandão,PB,Paraíba,25,25018,Itabaiana,2503,Agreste Paraibano,2,NE,Nordeste,IBGE_API
2503902,Camalaú,PB,Paraíba,25,25010,Cariri Ocidental,2502,Borborema,2,NE,Nordeste,IBGE_API
2504009,Campina Grande,PB,Paraíba,25,25017,Campina Grande,2503,Agreste Paraibano,2,NE,Nordeste,IBGE_API
2504033,Capim,PB,Paraíba,25,25020,Litoral Norte,2504,Mata Paraibana,2,NE,Nordeste,IBGE_API
2504074,Caraúbas,PB,Paraíba,25,25011,Cariri Oriental,2502,Borborema,2,NE,Nordeste,IBGE_API
2504108,Carrapateira,PB,Paraíba,25,25002,Cajazeiras,2501,Sertão Paraibano,2,NE,Nordeste,IBGE_API
2504157,Casserengue,PB,Paraíba,25,25013,Curimataú Oriental,2503,Agreste Paraibano,2,NE,Nordeste,IBGE_API
2504207,Catingueira,PB,Paraíba,25,25005,Piancó,2501,Sertão Paraibano,2,NE,Nordeste,IBGE_API
2504306,Catolé do Rocha,PB,Paraíba,25,25001,Catolé do Rocha,2501,Sertão Paraibano,2,NE,Nordeste,IBGE_API
2504355,Caturité,PB,Paraíba,25,25011,Cariri Oriental,2502,Borborema,2,NE,Nordeste,IBGE_API
2504405,Conceição,PB,Paraíba,25,25006,Itaporanga,2501,Sertão Paraibano,2,NE,Nordeste,IBGE_API
2504504,Condado,PB,Paraíba,25,25003,Sousa,2501,Sertão Paraibano,2,NE,Nordeste,IBGE_API
2504603,Conde,PB,Paraíba,25,25022,João Pessoa,2504,Mata Paraibana,2,NE,Nordeste,IBGE_API
2504702,Congo,PB,Paraíba,25,25010,Cariri Ocidental,2502,Borborema,2,NE,Nordeste,IBGE_API
2504801,Coremas,PB,Paraíba,25,25005,Piancó,2501,Sertão Paraibano,2,NE,Nordeste,IBGE_API
2504850,Coxixola,PB,Paraíba,25,25010,Cariri Ocidental,2502,Borborema,2,NE,Nordeste,IBGE_API
2504900,Cruz do Espírito Santo,PB,Paraíba,25,25021,Sapé,2504,Mata Paraibana,2,NE,Nordeste,IBGE_API
2505006,Cubati,PB,Paraíba,25,25009,Seridó Oriental Paraibano,2502,Borborema,2,NE,Nordeste,IBGE_API
2505105,Cuité,PB,Paraíba,25,25012,Curimataú Ocidental,2503,Agreste Paraibano,2,NE,Nordeste,IBGE_API
2505204,Cuitegi,PB,Paraíba,25,25016,Guarabira,2503,Agreste Paraibano,2,NE,Nordeste,IBGE_API
2505238,Cuité de Mamanguape,PB,Paraíba,25,25020,Litoral Norte,2504,Mata Paraibana,2,NE,Nordeste,IBGE_API
2505279,Curral de Cima,PB,Paraíba,25,25020,Litoral Norte,2504,Mata Paraibana,2,NE,Nordeste,IBGE_API
2505303,Curral Velho,PB,Paraíba,25,25006,Itaporanga,2501,Sertão Paraibano,2,NE,Nordeste,IBGE_API
2505352,Damião,PB,Paraíba,25,25012,Curimataú Ocidental,2503,Agreste Paraibano,2,NE,Nordeste,IBGE_API
2505402,Desterro,PB,Paraíba,25,25007,Serra do Teixeira,2501,Sertão Paraibano,2,NE,Nordeste,IBGE_API
2505501,Vista Serrana,PB,Paraíba,25,25003,Sousa,2501,Sertão Paraibano,2,NE,Nordeste,IBGE_API
2505600,Diamante,PB,Paraíba,25,25006,Itaporanga,2501,Sertão Paraibano,2,NE,Nordeste,IBGE_API
2505709,Dona Inês,PB,Paraíba,25,25013,Curimataú Oriental,2503,Agreste Paraibano,2,NE,Nordeste,IBGE_API
2505808,Duas Estradas,PB,Paraíba,25,25016,Guarabira,2503,Agreste Paraibano,2,NE,Nordeste,IBGE_API
2505907,Emas,PB,Paraíba,25,25005,Piancó,2501,Sertão Paraibano,2,NE,Nordeste,IBGE_API
2506004,Esperança,PB,Paraíba,25,25014,Esperança,2503,Agreste Paraibano,2,NE,Nordeste,IBGE_API
2506103,Fagundes,PB,Paraíba,25,25017,Campina Grande,2503,Agreste Paraibano,2,NE,Nordeste,IBGE_API
2506202,Frei Martinho,PB,Paraíba,25,25009,Seridó Oriental Paraibano,2502,Borborema,2,NE,Nordeste,IBGE_API
2506251,Gado Bravo,PB,Paraíba,25,25019,Umbuzeiro,2503,Agreste Paraibano,2,NE,Nordeste,IBGE_API
2506301,Guarabira,PB,Paraíba,25,25016,Guarabira,2503,Agreste Paraibano,2,NE,Nordeste,IBGE_API
2506400,Gurinhém,PB,Paraíba,25,25018,Itabaiana,2503,Agreste Paraibano,2,NE,Nordeste,IBGE_API
2506509,Gurjão,PB,Paraíba,25,25011,Cariri Oriental,2502,Borborema,2,NE,Nordeste,IBGE_API
2506608,Ibiara,PB,Paraíba,25,25006,Itaporanga,2501,Sertão Paraibano,2,NE,Nordeste,IBGE_API
2506707,Imaculada,PB,Paraíba,25,25007,Serra do Teixeira,2501,Sertão Paraibano,2,NE,Nordeste,IBGE_API
2506806,Ingá,PB,Paraíba,25,25018,Itabaiana,2503,Agreste Paraibano,2,NE,Nordeste,IBGE_API
2506905,Itabaiana,PB,Paraíba,25,25018,Itabaiana,2503,Agreste Paraibano,2,NE,Nordeste,IBGE_API
2507002,Itaporanga,PB,Paraíba,25,25006,Itaporanga,2501,Sertão Paraibano,2,NE,Nordeste,IBGE_API
2507101,Itapororoca,PB,Paraíba,25,25020,Litoral Norte,2504,Mata Paraibana,2,NE,Nordeste,IBGE_API
2507200,Itatuba,PB,Paraíba,25,25018,Itabaiana,2503,Agreste Paraibano,2,NE,Nordeste,IBGE_API
2507309,Jacaraú,PB,Paraíba,25,25020,Litoral Norte,2504,Mata Paraibana,2,NE,Nordeste,IBGE_API
2507408,Jericó,PB,Paraíba,25,25001,Catolé do Rocha,2501,Sertão Paraibano,2,NE,Nordeste,IBGE_API
2507507,João Pessoa,PB,Paraíba,25,25022,João Pessoa,2504,Mata Paraibana,2,NE,Nordeste,IBGE_API
2507606,Juarez Távora,PB,Paraíba,25,25018,Itabaiana,2503,Agreste Paraibano,2,NE,Nordeste,IBGE_API
2507705,Juazeirinho,PB,Paraíba,25,25009,Seridó Oriental Paraibano,2502,Borborema,2,NE,Nordeste,IBGE_API
2507804,Junco do Seridó,PB,Paraíba,25,25008,Seridó Ocidental Paraibano,2502,Borborema,2,NE,Nordeste,IBGE_API
2507903,Juripiranga,PB,Paraíba,25,25021,Sapé,2504,Mata Paraibana,2,NE,Nordeste,IBGE_API
2508000,Juru,PB,Paraíba,25,25007,Serra do Teixeira,2501,Sertão Paraibano,2,NE,Nordeste,IBGE_API
2508109,Lagoa,PB,Paraíba,25,25001,Catolé do Rocha,2501,Sertão Paraibano,2,NE,Nordeste,IBGE_API
2508208,Lagoa de Dentro,PB,Paraíba,25,25016,Guarabira,2503,Agreste Paraibano,2,NE,Nordeste,IBGE_API
2508307,Lagoa Seca,PB,Paraíba,25,25017,Campina Grande,2503,Agreste Paraibano,2,NE,Nordeste,IBGE_API
2508406,Lastro,PB,Paraíba,25,25003,Sousa,2501,Sertão Paraibano,2,NE,Nordeste,IBGE_API
2508505,Livramento,PB,Paraíba,25,25010,Cariri Ocidental,2502,Borborema,2,NE,Nordeste,IBGE_API
2508554,Logradouro,PB,Paraíba,25,25016,Guarabira,2503,Agreste Paraibano,2,NE,Nordeste,IBGE_API
2508604,Lucena,PB,Paraíba,25,25022,João Pessoa,2504,Mata Paraibana,2,NE,Nordeste,IBGE_API
2508703,Mãe d'Água,PB,Paraíba,25,25004,Patos,2501,Sertão Paraibano,2,NE,Nordeste,IBGE_API
2508802,Malta,PB,Paraíba,25,25003,Sousa,2501,Sertão Paraibano,2,NE,Nordeste,IBGE_API
2508901,Mamanguape,PB,Paraíba,25,25020,Litoral Norte,2504,Mata Paraibana,2,NE,Nordeste,IBGE_API
2509008,Manaíra,PB,Paraíba,25,25007,Serra do Teixeira,2501,Sertão Paraibano,2,NE,Nordeste,IBGE_API
2509057,Marcação,PB,Paraíba,25,25020,Litoral Norte,2504,Mata Paraibana,2,NE,Nordeste,IBGE_API
2509107,Mari,PB,Paraíba,25,25021,Sapé,2504,Mata Paraibana,2,NE,Nordeste,IBGE_API
2509156,Marizópolis,PB,Paraíba,25,25003,Sousa,2501,Sertão Paraibano,2,NE,Nordeste,IBGE_API
2509206,Massaranduba,PB,Paraíba,25,25017,Campina Grande,2503,Agreste Paraibano,2,NE,Nordeste,IBGE_API
2509305,Mataraca,PB,Paraíba,25,25020,Litoral Norte,2504,Mata Paraibana,2,NE,Nordeste,IBGE_API
2509339,Matinhas,PB,Paraíba,25,25015,Brejo Paraibano,2503,Agreste Paraibano,2,NE,Nordeste,IBGE_API
2509370,Mato Grosso,PB,Paraíba,25,25001,Catolé do Rocha,2501,Sertão Paraibano,2,NE,Nordeste,IBGE_API
2509396,Maturéia,PB,Paraíba,25,25007,Serra do Teixeira,2501,Sertão Paraibano,2,NE,Nordeste,IBGE_API
2509404,Mogeiro,PB,Paraíba,25,25018,Itabaiana,2503,Agreste Paraibano,2,NE,Nordeste,IBGE_API
2509503,Montadas,PB,Paraíba,25,25014,Esperança,2503,Agreste Paraibano,2,NE,Nordeste,IBGE_API
2509602,Monte Horebe,PB,Paraíba,25,25002,Cajazeiras,2501,Sertão Paraibano,2,NE,Nordeste,IBGE_API
2509701,Monteiro,PB,Paraíba,25,25010,Cariri Ocidental,2502,Borborema,2,NE,Nordeste,IBGE_API
2509800,Mulungu,PB,Paraíba,25,25016,Guarabira,2503,Agreste Paraibano,2,NE,Nordeste,IBGE_API
2509909,Natuba,PB,Paraíba,25,25019,Umbuzeiro,2503,Agreste Paraibano,2,NE,Nordeste,IBGE_API
2510006,Nazarezinho,PB,Paraíba,25,25003,Sousa,2501,Sertão Paraibano,2,NE,Nordeste,IBGE_API
2510105,Nova Floresta,PB,Paraíba,25,25012,Curimataú Ocidental,2503,Agreste Paraibano,2,NE,Nordeste,IBGE_API
2510204,Nova Olinda,PB,Paraíba,25,25005,Piancó,2501,Sertão Paraibano,2,NE,Nordeste,IBGE_API
2510303,Nova Palmeira,PB,Paraíba,25,25009,Seridó Oriental Paraibano,2502,Borborema,2,NE,Nordeste,IBGE_API
2510402,Olho d'Água,PB,Paraíba,25,25005,Piancó,2501,Sertão Paraibano,2,NE,Nordeste,IBGE_API
2510501,Olivedos,PB,Paraíba,25,25012,Curimataú Ocidental,2503,Agreste Paraibano,2,NE,Nordeste,IBGE_API
2510600,Ouro Velho,PB,Paraíba,25,25010,Cariri Ocidental,2502,Borborema,2,NE,Nordeste,IBGE_API
2510659,Parari,PB,Paraíba,25,25010,Cariri Ocidental,2502,Borborema,2,NE,Nordeste,IBGE_API
2510709,Passagem,PB,Paraíba,25,25004,Patos,2501,Sertão Paraibano,2,NE,Nordeste,IBGE_API
2510808,Patos,PB,Paraíba,25,25004,Patos,2501,Sertão Paraibano,2,NE,Nordeste,IBGE_API
2510907,Paulista,PB,Paraíba,25,25003,Sousa,2501,Sertão Paraibano,2,NE,Nordeste,IBGE_API
2511004,Pedra Branca,PB,Paraíba,25,25006,Itaporanga,2501,Sertão Paraibano,2,NE,Nordeste,IBGE_API
2511103,Pedra Lavrada,PB,Paraíba,25,25009,Seridó Oriental Paraibano,2502,Borborema,2,NE,Nordeste,IBGE_API
2511202,Pedras de Fogo,PB,Paraíba,25,25023,Litoral Sul,2504,Mata Paraibana,2,NE,Nordeste,IBGE_API
2511301,Piancó,PB,Paraíba,25,25005,Piancó,2501,Sertão Paraibano,2,NE,Nordeste,IBGE_API
2511400,Picuí,PB,Paraíba,25,25009,Seridó Oriental Paraibano,2502,Borborema,2,NE,Nordeste,IBGE_API
2511509,Pilar,PB,Paraíba,25,25021,Sapé,2504,Mata Paraibana,2,NE,Nordeste,IBGE_API
2511608,Pilões,PB,Paraíba,25,25015,Brejo Paraibano,2503,Agreste Paraibano,2,NE,Nordeste,IBGE_API
2511707,Pilõezinhos,PB,Paraíba,25,25016,Guarabira,2503,Agreste Paraibano,2,NE,Nordeste,IBGE_API
2511806,Pirpirituba,PB,Paraíba,25,25016,Guarabira,2503,Agreste Paraibano,2,NE,Nordeste,IBGE_API
2511905,Pitimbu,PB,Paraíba,25,25023,Litoral Sul,2504,Mata Paraibana,2,NE,Nordeste,IBGE_API
2512002,Pocinhos,PB,Paraíba,25,25012,Curimataú Ocidental,2503,Agreste Paraibano,2,NE,Nordeste,IBGE_API
2512036,Poço Dantas,PB,Paraíba,25,25002,Cajazeiras,2501,Sertão Paraibano,2,NE,Nordeste,IBGE_API
2512077,Poço de José de Moura,PB,Paraíba,25,25002,Cajazeiras,2501,Sertão Paraibano,2,NE,Nordeste,IBGE_API
2512101,Pombal,PB,Paraíba,25,25003,Sousa,2501,Sertão Paraibano,2,NE,Nordeste,IBGE_API
2512200,Prata,PB,Paraíba,25,25010,Cariri Ocidental,2502,Borborema,2,NE,Nordeste,IBGE_API
2512309,Princesa Isabel,PB,Paraíba,25,25007,Serra do Teixeira,2501,Sertão Paraibano,2,NE,Nordeste,IBGE_API
2512408,Puxinanã,PB,Paraíba,25,25017,Campina Grande,2503,Agreste Paraibano,2,NE,Nordeste,IBGE_API
2512507,Queimadas,PB,Paraíba,25,25017,Campina Grande,2503,Agreste Paraibano,2,NE,Nordeste,IBGE_API
2512606,Quixaba,PB,Paraíba,25,25004,Patos,2501,Sertão Paraibano,2,NE,Nordeste,IBGE_API
2512705,Remígio,PB,Paraíba,25,25012,Curimataú Ocidental,2503,Agreste Paraibano,2,NE,Nordeste,IBGE_API
2512721,Pedro Régis,PB,Paraíba,25,25020,Litoral Norte,2504,Mata Paraibana,2,NE,Nordeste,IBGE_API
2512747,Riachão,PB,Paraíba,25,25013,Curimataú Oriental,2503,Agreste Paraibano,2,NE,Nordeste,IBGE_API
2512754,Riachão do Bacamarte,PB,Paraíba,25,25018,Itabaiana,2503,Agreste Paraibano,2,NE,Nordeste,IBGE_API
2512762,Riachão do Poço,PB,Paraíba,25,25021,Sapé,2504,Mata Paraibana,2,NE,Nordeste,IBGE_API
2512788,Riacho de Santo Antônio,PB,Paraíba,25,25011,Cariri Oriental,2502,Borborema,2,NE,Nordeste,IBGE_API
2512804,Riacho dos Cavalos,PB,Paraíba,25,25001,Catolé do Rocha,2501,Sertão Paraibano,2,NE,Nordeste,IBGE_API
2512903,Rio Tinto,PB,Paraíba,25,25020,Litoral Norte,2504,Mata Paraibana,2,NE,Nordeste,IBGE_API
2513000,Salgadinho,PB,Paraíba,25,25008,Seridó Ocidental Paraibano,2502,Borborema,2,NE,Nordeste,IBGE_API
2513109,Salgado de São Félix,PB,Paraíba,25,25018,Itabaiana,2503,Agreste Paraibano,2,NE,Nordeste,IBGE_API
2513158,Santa Cecília,PB,Paraíba,25,25019,Umbuzeiro,2503,Agreste Paraibano,2,NE,Nordeste,IBGE_API
2513208,Santa Cruz,PB,Paraíba,25,25003,Sousa,2501,Sertão Paraibano,2,NE,Nordeste,IBGE_API
2513307,Santa Helena,PB,Paraíba,25,25002,Cajazeiras,2501,Sertão Paraibano,2,NE,Nordeste,IBGE_API
2513356,Santa Inês,PB,Paraíba,25,25006,Itaporanga,2501,Sertão Paraibano,2,NE,Nordeste,IBGE_API
2513406,Santa Luzia,PB,Paraíba,25,25008,Seridó Ocidental Paraibano,2502,Borborema,2,NE,Nordeste,IBGE_API
2513505,Santana de Mangueira,PB,Paraíba,25,25006,Itaporanga,2501,Sertão Paraibano,2,NE,Nordeste,IBGE_API
2513604,Santana dos Garrotes,PB,Paraíba,25,25005,Piancó,2501,Sertão Paraibano,2,NE,Nordeste,IBGE_API
2513653,Joca Claudino,PB,Paraíba,25,25002,Cajazeiras,2501,Sertão Paraibano,2,NE,Nordeste,IBGE_API
2513703,Santa Rita,PB,Paraíba,25,25022,João Pessoa,2504,Mata Paraibana,2,NE,Nordeste,IBGE_API
2513802,Santa Teresinha,PB,Paraíba,25,25004,Patos,2501,Sertão Paraibano,2,NE,Nordeste,IBGE_API
2513851,Santo André,PB,Paraíba,25,25011,Cariri Oriental,2502,Borborema,2,NE,Nordeste,IBGE_API
2513901,São Bento,PB,Paraíba,25,25001,Catolé do Rocha,2501,Sertão Paraibano,2,NE,Nordeste,IBGE_API
2513927,São Bentinho,PB,Paraíba,25,25003,Sousa,2501,Sertão Paraibano,2,NE,Nordeste,IBGE_API
2513943,São Domingos do Cariri,PB,Paraíba,25,25011,Cariri Oriental,2502,Borborema,2,NE,Nordeste,IBGE_API
2513968,São Domingos,PB,Paraíba,25,25003,Sousa,2501,Sertão Paraibano,2,NE,Nordeste,IBGE_API
2513984,São Francisco,PB,Paraíba,25,25003,Sousa,2501,Sertão Paraibano,2,NE,Nordeste,IBGE_API
2514008,São João do Cariri,PB,Paraíba,25,25011,Cariri Oriental,2502,Borborema,2,NE,Nordeste,IBGE_API
2514107,São João do Tigre,PB,Paraíba,25,25010,Cariri Ocidental,2502,Borborema,2,NE,Nordeste,IBGE_API
2514206,São José da Lagoa Tapada,PB,Paraíba,25,25003,Sousa,2501,Sertão Paraibano,2,NE,Nordeste,IBGE_API
2514305,São José de Caiana,PB,Paraíba,25,25006,Itaporanga,2501,Sertão Paraibano,2,NE,Nordeste,IBGE_API
2514404,São José de Espinharas,PB,Paraíba,25,25004,Patos,2501,Sertão Paraibano,2,NE,Nordeste,IBGE_API
2514453,São José dos Ramos,PB,Paraíba,25,25021,Sapé,2504,Mata Paraibana,2,NE,Nordeste,IBGE_API
2514503,São José de Piranhas,PB,Paraíba,25,25002,Cajazeiras,2501,Sertão Paraibano,2,NE,Nordeste,IBGE_API
2514552,São José de Princesa,PB,Paraíba,25,25007,Serra do Teixeira,2501,Sertão Paraibano,2,NE,Nordeste,IBGE_API
2514602,São José do Bonfim,PB,Paraíba,25,25004,Patos,2501,Sertão Paraibano,2,NE,Nordeste,IBGE_API
2514651,São José do Brejo do Cruz,PB,Paraíba,25,25001,Catolé do Rocha,2501,Sertão Paraibano,2,NE,Nordeste,IBGE_API
2514701,São José do Sabugi,PB,Paraíba,25,25008,Seridó Ocidental Paraibano,2502,Borborema,2,NE,Nordeste,IBGE_API
2514800,São José dos Cordeiros,PB,Paraíba,25,25010,Cariri Ocidental,2502,Borborema,2,NE,Nordeste,IBGE_API
2514909,São Mamede,PB,Paraíba,25,25008,Seridó Ocidental Paraibano,2502,Borborema,2,NE,Nordeste,IBGE_API
2515005,São Miguel de Taipu,PB,Paraíba,25,25021,Sapé,2504,Mata Paraibana,2,NE,Nordeste,IBGE_API
2515104,São Sebastião de Lagoa de Roça,PB,Paraíba,25,25014,Esperança,2503,Agreste Paraibano,2,NE,Nordeste,IBGE_API
2515203,São Sebastião do Umbuzeiro,PB,Paraíba,25,25010,Cariri Ocidental,2502,Borborema,2,NE,Nordeste,IBGE_API
2515302,Sapé,PB,Paraíba,25,25021,Sapé,2504,Mata Paraibana,2,NE,Nordeste,IBGE_API
2515401,São Vicente do Seridó,PB,Paraíba,25,25009,Seridó Oriental Paraibano,2502,Borborema,2,NE,Nordeste,IBGE_API
2515500,Serra Branca,PB,Paraíba,25,25010,Cariri Ocidental,2502,Borborema,2,NE,Nordeste,IBGE_API
2515609,Serra da Raiz,PB,Paraíba,25,25016,Guarabira,2503,Agreste Paraibano,2,NE,Nordeste,IBGE_API
2515708,Serra Grande,PB,Paraíba,25,25006,Itaporanga,2501,Sertão Paraibano,2,NE,Nordeste,IBGE_API
2515807,Serra Redonda,PB,Paraíba,25,25017,Campina Grande,2503,Agreste Paraibano,2,NE,Nordeste,IBGE_API
2515906,Serraria,PB,Paraíba,25,25015,Brejo Paraibano,2503,Agreste Paraibano,2,NE,Nordeste,IBGE_API
2515930,Sertãozinho,PB,Paraíba,25,25016,Guarabira,2503,Agreste Paraibano,2,NE,Nordeste,IBGE_API
2515971,Sobrado,PB,Paraíba,25,25021,Sapé,2504,Mata Paraibana,2,NE,Nordeste,IBGE_API
2516003,Solânea,PB,Paraíba,25,25013,Curimataú Oriental,2503,Agreste Paraibano,2,NE,Nordeste,IBGE_API
2516102,Soledade,PB,Paraíba,25,25012,Curimataú Ocidental,2503,Agreste Paraibano,2,NE,Nordeste,IBGE_API
2516151,Sossêgo,PB,Paraíba,25,25012,Curimataú Ocidental,2503,Agreste Paraibano,2,NE,Nordeste,IBGE_API
2516201,Sousa,PB,Paraíba,25,25003,Sousa,2501,Sertão Paraibano,2,NE,Nordeste,IBGE_API
2516300,Sumé,PB,Paraíba,25,25010,Cariri Ocidental,2502,Borborema,2,NE,Nordeste,IBGE_API
2516409,Tacima,PB,Paraíba,25,25013,Curimataú Oriental,2503,Agreste Paraibano,2,NE,Nordeste,IBGE_API
2516508,Taperoá,PB,Paraíba,25,25010,Cariri Ocidental,2502,Borborema,2,NE,Nordeste,IBGE_API
2516607,Tavares,PB,Paraíba,25,25007,Serra do Teixeira,2501,Sertão Paraibano,2,NE,Nordeste,IBGE_API
2516706,Teixeira,PB,Paraíba,25,25007,Serra do Teixeira,2501,Sertão Paraibano,2,NE,Nordeste,IBGE_API
2516755,Tenório,PB,Paraíba,25,25009,Seridó Oriental Paraibano,2502,Borborema,2,NE,Nordeste,IBGE_API
2516805,Triunfo,PB,Paraíba,25,25002,Cajazeiras,2501,Sertão Paraibano,2,NE,Nordeste,IBGE_API
2516904,Uiraúna,PB,Paraíba,25,25002,Cajazeiras,2501,Sertão Paraibano,2,NE,Nordeste,IBGE_API
2517001,Umbuzeiro,PB,Paraíba,25,25019,Umbuzeiro,2503,Agreste Paraibano,2,NE,Nordeste,IBGE_API
2517100,Várzea,PB,Paraíba,25,25008,Seridó Ocidental Paraibano,2502,Borborema,2,NE,Nordeste,IBGE_API
2517209,Vieirópolis,PB,Paraíba,25,25003,Sousa,2501,Sertão Paraibano,2,NE,Nordeste,IBGE_API
2517407,Zabelê,PB,Paraíba,25,25010,Cariri Ocidental,2502,Borborema,2,NE,Nordeste,IBGE_API
2600054,Abreu e Lima,PE,Pernambuco,26,26017,Recife,2605,Metropolitana de Recife,2,NE,Nordeste,IBGE_API
2600104,Afogados da Ingazeira,PE,Pernambuco,26,26003,Pajeú,2601,Sertão Pernambucano,2,NE,Nordeste,IBGE_API
2600203,Afrânio,PE,Pernambuco,26,26005,Petrolina,2602,São Francisco Pernambucano,2,NE,Nordeste,IBGE_API
2600302,Agrestina,PE,Pernambuco,26,26012,Brejo Pernambucano,2603,Agreste Pernambucano,2,NE,Nordeste,IBGE_API
2600401,Água Preta,PE,Pernambuco,26,26015,Mata Meridional Pernambucana,2604,Mata Pernambucana,2,NE,Nordeste,IBGE_API
2600500,Águas Belas,PE,Pernambuco,26,26007,Vale do Ipanema,2603,Agreste Pernambucano,2,NE,Nordeste,IBGE_API
2600609,Alagoinha,PE,Pernambuco,26,26008,Vale do Ipojuca,2603,Agreste Pernambucano,2,NE,Nordeste,IBGE_API
2600708,Aliança,PE,Pernambuco,26,26013,Mata Setentrional Pernambucana,2604,Mata Pernambucana,2,NE,Nordeste,IBGE_API
2600807,Altinho,PE,Pernambuco,26,26012,Brejo Pernambucano,2603,Agreste Pernambucano,2,NE,Nordeste,IBGE_API
2600906,Amaraji,PE,Pernambuco,26,26015,Mata Meridional Pernambucana,2604,Mata Pernambucana,2,NE,Nordeste,IBGE_API
2601003,Angelim,PE,Pernambuco,26,26011,Garanhuns,2603,Agreste Pernambucano,2,NE,Nordeste,IBGE_API
2601052,Araçoiaba,PE,Pernambuco,26,26016,Itamaracá,2605,Metropolitana de Recife,2,NE,Nordeste,IBGE_API
2601102,Araripina,PE,Pernambuco,26,26001,Araripina,2601,Sertão Pernambucano,2,NE,Nordeste,IBGE_API
2601201,Arcoverde,PE,Pernambuco,26,26004,Sertão do Moxotó,2601,Sertão Pernambucano,2,NE,Nordeste,IBGE_API
2601300,Barra de Guabiraba,PE,Pernambuco,26,26012,Brejo Pernambucano,2603,Agreste Pernambucano,2,NE,Nordeste,IBGE_API
2601409,Barreiros,PE,Pernambuco,26,26015,Mata Meridional Pernambucana,2604,Mata Pernambucana,2,NE,Nordeste,IBGE_API
2601508,Belém de Maria,PE,Pernambuco,26,26015,Mata Meridional Pernambucana,2604,Mata Pernambucana,2,NE,Nordeste,IBGE_API
2601607,Belém do São Francisco,PE,Pernambuco,26,26006,Itaparica,2602,São Francisco Pernambucano,2,NE,Nordeste,IBGE_API
2601706,Belo Jardim,PE,Pernambuco,26,26008,Vale do Ipojuca,2603,Agreste Pernambucano,2,NE,Nordeste,IBGE_API
2601805,Betânia,PE,Pernambuco,26,26004,Sertão do Moxotó,2601,Sertão Pernambucano,2,NE,Nordeste,IBGE_API
2601904,Bezerros,PE,Pernambuco,26,26008,Vale do Ipojuca,2603,Agreste Pernambucano,2,NE,Nordeste,IBGE_API
2602001,Bodocó,PE,Pernambuco,26,26001,Araripina,2601,Sertão Pernambucano,2,NE,Nordeste,IBGE_API
2602100,Bom Conselho,PE,Pernambuco,26,26011,Garanhuns,2603,Agreste Pernambucano,2,NE,Nordeste,IBGE_API
2602209,Bom Jardim,PE,Pernambuco,26,26010,Médio Capibaribe,2603,Agreste Pernambucano,2,NE,Nordeste,IBGE_API
2602308,Bonito,PE,Pernambuco,26,26012,Brejo Pernambucano,2603,Agreste Pernambucano,2,NE,Nordeste,IBGE_API
2602407,Brejão,PE,Pernambuco,26,26011,Garanhuns,2603,Agreste Pernambucano,2,NE,Nordeste,IBGE_API
2602506,Brejinho,PE,Pernambuco,26,26003,Pajeú,2601,Sertão Pernambucano,2,NE,Nordeste,IBGE_API
2602605,Brejo da Madre de Deus,PE,Pernambuco,26,26008,Vale do Ipojuca,2603,Agreste Pernambucano,2,NE,Nordeste,IBGE_API
2602704,Buenos Aires,PE,Pernambuco,26,26013,Mata Setentrional Pernambucana,2604,Mata Pernambucana,2,NE,Nordeste,IBGE_API
2602803,Buíque,PE,Pernambuco,26,26007,Vale do Ipanema,2603,Agreste Pernambucano,2,NE,Nordeste,IBGE_API
2602902,Cabo de Santo Agostinho,PE,Pernambuco,26,26018,Suape,2605,Metropolitana de Recife,2,NE,Nordeste,IBGE_API
2603009,Cabrobó,PE,Pernambuco,26,26005,Petrolina,2602,São Francisco Pernambucano,2,NE,Nordeste,IBGE_API
2603108,Cachoeirinha,PE,Pernambuco,26,26008,Vale do Ipojuca,2603,Agreste Pernambucano,2,NE,Nordeste,IBGE_API
2603207,Caetés,PE,Pernambuco,26,26011,Garanhuns,2603,Agreste Pernambucano,2,NE,Nordeste,IBGE_API
2603306,Calçado,PE,Pernambuco,26,26011,Garanhuns,2603,Agreste Pernambucano,2,NE,Nordeste,IBGE_API
2603405,Calumbi,PE,Pernambuco,26,26003,Pajeú,2601,Sertão Pernambucano,2,NE,Nordeste,IBGE_API
2603454,Camaragibe,PE,Pernambuco,26,26017,Recife,2605,Metropolitana de Recife,2,NE,Nordeste,IBGE_API
2603504,Camocim de São Félix,PE,Pernambuco,26,26012,Brejo Pernambucano,2603,Agreste Pernambucano,2,NE,Nordeste,IBGE_API
2603603,Camutanga,PE,Pernambuco,26,26013,Mata Setentrional Pernambucana,2604,Mata Pernambucana,2,NE,Nordeste,IBGE_API
2603702,Canhotinho,PE,Pernambuco,26,26011,Garanhuns,2603,Agreste Pernambucano,2,NE,Nordeste,IBGE_API
2603801,Capoeiras,PE,Pernambuco,26,26008,Vale do Ipojuca,2603,Agreste Pernambucano,2,NE,Nordeste,IBGE_API
2603900,Carnaíba,PE,Pernambuco,26,26003,Pajeú,2601,Sertão Pernambucano,2,NE,Nordeste,IBGE_API
2603926,Carnaubeira da Penha,PE,Pernambuco,26,26006,Itaparica,2602,São Francisco Pernambucano,2,NE,Nordeste,IBGE_API
2604007,Carpina,PE,Pernambuco,26,26013,Mata Setentrional Pernambucana,2604,Mata Pernambucana,2,NE,Nordeste,IBGE_API
2604106,Caruaru,PE,Pernambuco,26,26008,Vale do Ipojuca,2603,Agreste Pernambucano,2,NE,Nordeste,IBGE_API
2604155,Casinhas,PE,Pernambuco,26,26009,Alto Capibaribe,2603,Agreste Pernambucano,2,NE,Nordeste,IBGE_API
2604205,Catende,PE,Pernambuco,26,26015,Mata Meridional Pernambucana,2604,Mata Pernambucana,2,NE,Nordeste,IBGE_API
2604304,Cedro,PE,Pernambuco,26,26002,Salgueiro,2601,Sertão Pernambucano,2,NE,Nordeste,IBGE_API
2604403,Chã de Alegria,PE,Pernambuco,26,26014,Vitória de Santo Antão,2604,Mata Pernambucana,2,NE,Nordeste,IBGE_API
2604502,Chã Grande,PE,Pernambuco,26,26014,Vitória de Santo Antão,2604,Mata Pernambucana,2,NE,Nordeste,IBGE_API
2604601,Condado,PE,Pernambuco,26,26013,Mata Setentrional Pernambucana,2604,Mata Pernambucana,2,NE,Nordeste,IBGE_API
2604700,Correntes,PE,Pernambuco,26,26011,Garanhuns,2603,Agreste Pernambucano,2,NE,Nordeste,IBGE_API
2604809,Cortês,PE,Pernambuco,26,26015,Mata Meridional Pernambucana,2604,Mata Pernambucana,2,NE,Nordeste,IBGE_API
2604908,Cumaru,PE,Pernambuco,26,26010,Médio Capibaribe,2603,Agreste Pernambucano,2,NE,Nordeste,IBGE_API
2605004,Cupira,PE,Pernambuco,26,26012,Brejo Pernambucano,2603,Agreste Pernambucano,2,NE,Nordeste,IBGE_API
2605103,Custódia,PE,Pernambuco,26,26004,Sertão do Moxotó,2601,Sertão Pernambucano,2,NE,Nordeste,IBGE_API
2605152,Dormentes,PE,Pernambuco,26,26005,Petrolina,2602,São Francisco Pernambucano,2,NE,Nordeste,IBGE_API
2605202,Escada,PE,Pernambuco,26,26015,Mata Meridional Pernambucana,2604,Mata Pernambucana,2,NE,Nordeste,IBGE_API
2605301,Exu,PE,Pernambuco,26,26001,Araripina,2601,Sertão Pernambucano,2,NE,Nordeste,IBGE_API
2605400,Feira Nova,PE,Pernambuco,26,26010,Médio Capibaribe,2603,Agreste Pernambucano,2,NE,Nordeste,IBGE_API
2605459,Fernando de Noronha,PE,Pernambuco,26,26019,Fernando de Noronha,2605,Metropolitana de Recife,2,NE,Nordeste,IBGE_API
2605509,Ferreiros,PE,Pernambuco,26,26013,Mata Setentrional Pernambucana,2604,Mata Pernambucana,2,NE,Nordeste,IBGE_API
2605608,Flores,PE,Pernambuco,26,26003,Pajeú,2601,Sertão Pernambucano,2,NE,Nordeste,IBGE_API
2605707,Floresta,PE,Pernambuco,26,26006,Itaparica,2602,São Francisco Pernambucano,2,NE,Nordeste,IBGE_API
2605806,Frei Miguelinho,PE,Pernambuco,26,26009,Alto Capibaribe,2603,Agreste Pernambucano,2,NE,Nordeste,IBGE_API
2605905,Gameleira,PE,Pernambuco,26,26015,Mata Meridional Pernambucana,2604,Mata Pernambucana,2,NE,Nordeste,IBGE_API
2606002,Garanhuns,PE,Pernambuco,26,26011,Garanhuns,2603,Agreste Pernambucano,2,NE,Nordeste,IBGE_API
2606101,Glória do Goitá,PE,Pernambuco,26,26014,Vitória de Santo Antão,2604,Mata Pernambucana,2,NE,Nordeste,IBGE_API
2606200,Goiana,PE,Pernambuco,26,26013,Mata Setentrional Pernambucana,2604,Mata Pernambucana,2,NE,Nordeste,IBGE_API
2606309,Granito,PE,Pernambuco,26,26001,Araripina,2601,Sertão Pernambucano,2,NE,Nordeste,IBGE_API
2606408,Gravatá,PE,Pernambuco,26,26008,Vale do Ipojuca,2603,Agreste Pernambucano,2,NE,Nordeste,IBGE_API
2606507,Iati,PE,Pernambuco,26,26011,Garanhuns,2603,Agreste Pernambucano,2,NE,Nordeste,IBGE_API
2606606,Ibimirim,PE,Pernambuco,26,26004,Sertão do Moxotó,2601,Sertão Pernambucano,2,NE,Nordeste,IBGE_API
2606705,Ibirajuba,PE,Pernambuco,26,26012,Brejo Pernambucano,2603,Agreste Pernambucano,2,NE,Nordeste,IBGE_API
2606804,Igarassu,PE,Pernambuco,26,26016,Itamaracá,2605,Metropolitana de Recife,2,NE,Nordeste,IBGE_API
2606903,Iguaracy,PE,Pernambuco,26,26003,Pajeú,2601,Sertão Pernambucano,2,NE,Nordeste,IBGE_API
2607000,Inajá,PE,Pernambuco,26,26004,Sertão do Moxotó,2601,Sertão Pernambucano,2,NE,Nordeste,IBGE_API
2607109,Ingazeira,PE,Pernambuco,26,26003,Pajeú,2601,Sertão Pernambucano,2,NE,Nordeste,IBGE_API
2607208,Ipojuca,PE,Pernambuco,26,26018,Suape,2605,Metropolitana de Recife,2,NE,Nordeste,IBGE_API
2607307,Ipubi,PE,Pernambuco,26,26001,Araripina,2601,Sertão Pernambucano,2,NE,Nordeste,IBGE_API
2607406,Itacuruba,PE,Pernambuco,26,26006,Itaparica,2602,São Francisco Pernambucano,2,NE,Nordeste,IBGE_API
2607505,Itaíba,PE,Pernambuco,26,26007,Vale do Ipanema,2603,Agreste Pernambucano,2,NE,Nordeste,IBGE_API
2607604,Ilha de Itamaracá,PE,Pernambuco,26,26016,Itamaracá,2605,Metropolitana de Recife,2,NE,Nordeste,IBGE_API
2607653,Itambé,PE,Pernambuco,26,26013,Mata Setentrional Pernambucana,2604,Mata Pernambucana,2,NE,Nordeste,IBGE_API
2607703,Itapetim,PE,Pernambuco,26,26003,Pajeú,2601,Sertão Pernambucano,2,NE,Nordeste,IBGE_API
2607752,Itapissuma,PE,Pernambuco,26,26016,Itamaracá,2605,Metropolitana de Recife,2,NE,Nordeste,IBGE_API
2607802,Itaquitinga,PE,Pernambuco,26,26013,Mata Setentrional Pernambucana,2604,Mata Pernambucana,2,NE,Nordeste,IBGE_API
2607901,Jaboatão dos Guararapes,PE,Pernambuco,26,26017,Recife,2605,Metropolitana de Recife,2,NE,Nordeste,IBGE_API
2607950,Jaqueira,PE,Pernambuco,26,26015,Mata Meridional Pernambucana,2604,Mata Pernambucana,2,NE,Nordeste,IBGE_API
2608008,Jataúba,PE,Pernambuco,26,26008,Vale do Ipojuca,2603,Agreste Pernambucano,2,NE,Nordeste,IBGE_API
2608057,Jatobá,PE,Pernambuco,26,26006,Itaparica,2602,São Francisco Pernambucano,2,NE,Nordeste,IBGE_API
2608107,João Alfredo,PE,Pernambuco,26,26010,Médio Capibaribe,2603,Agreste Pernambucano,2,NE,Nordeste,IBGE_API
2608206,Joaquim Nabuco,PE,Pernambuco,26,26015,Mata Meridional Pernambucana,2604,Mata Pernambucana,2,NE,Nordeste,IBGE_API
2608255,Jucati,PE,Pernambuco,26,26011,Garanhuns,2603,Agreste Pernambucano,2,NE,Nordeste,IBGE_API
2608305,Jupi,PE,Pernambuco,26,26011,Garanhuns,2603,Agreste Pernambucano,2,NE,Nordeste,IBGE_API
2608404,Jurema,PE,Pernambuco,26,26011,Garanhuns,2603,Agreste Pernambucano,2,NE,Nordeste,IBGE_API
2608453,Lagoa do Carro,PE,Pernambuco,26,26013,Mata Setentrional Pernambucana,2604,Mata Pernambucana,2,NE,Nordeste,IBGE_API
2608503,Lagoa de Itaenga,PE,Pernambuco,26,26013,Mata Setentrional Pernambucana,2604,Mata Pernambucana,2,NE,Nordeste,IBGE_API
2608602,Lagoa do Ouro,PE,Pernambuco,26,26011,Garanhuns,2603,Agreste Pernambucano,2,NE,Nordeste,IBGE_API
2608701,Lagoa dos Gatos,PE,Pernambuco,26,26012,Brejo Pernambucano,2603,Agreste Pernambucano,2,NE,Nordeste,IBGE_API
2608750,Lagoa Grande,PE,Pernambuco,26,26005,Petrolina,2602,São Francisco Pernambucano,2,NE,Nordeste,IBGE_API
2608800,Lajedo,PE,Pernambuco,26,26011,Garanhuns,2603,Agreste Pernambucano,2,NE,Nordeste,IBGE_API
2608909,Limoeiro,PE,Pernambuco,26,26010,Médio Capibaribe,2603,Agreste Pernambucano,2,NE,Nordeste,IBGE_API
2609006,Macaparana,PE,Pernambuco,26,26013,Mata Setentrional Pernambucana,2604,Mata Pernambucana,2,NE,Nordeste,IBGE_API
2609105,Machados,PE,Pernambuco,26,26010,Médio Capibaribe,2603,Agreste Pernambucano,2,NE,Nordeste,IBGE_API
2609154,Manari,PE,Pernambuco,26,26004,Sertão do Moxotó,2601,Sertão Pernambucano,2,NE,Nordeste,IBGE_API
2609204,Maraial,PE,Pernambuco,26,26015,Mata Meridional Pernambucana,2604,Mata Pernambucana,2,NE,Nordeste,IBGE_API
2609303,Mirandiba,PE,Pernambuco,26,26002,Salgueiro,2601,Sertão Pernambucano,2,NE,Nordeste,IBGE_API
2609402,Moreno,PE,Pernambuco,26,26017,Recife,2605,Metropolitana de Recife,2,NE,Nordeste,IBGE_API
2609501,Nazaré da Mata,PE,Pernambuco,26,26013,Mata Setentrional Pernambucana,2604,Mata Pernambucana,2,NE,Nordeste,IBGE_API
2609600,Olinda,PE,Pernambuco,26,26017,Recife,2605,Metropolitana de Recife,2,NE,Nordeste,IBGE_API
2609709,Orobó,PE,Pernambuco,26,26010,Médio Capibaribe,2603,Agreste Pernambucano,2,NE,Nordeste,IBGE_API
2609808,Orocó,PE,Pernambuco,26,26005,Petrolina,2602,São Francisco Pernambucano,2,NE,Nordeste,IBGE_API
2609907,Ouricuri,PE,Pernambuco,26,26001,Araripina,2601,Sertão Pernambucano,2,NE,Nordeste,IBGE_API
2610004,Palmares,PE,Pernambuco,26,26015,Mata Meridional Pernambucana,2604,Mata Pernambucana,2,NE,Nordeste,IBGE_API
2610103,Palmeirina,PE,Pernambuco,26,26011,Garanhuns,2603,Agreste Pernambucano,2,NE,Nordeste,IBGE_API
2610202,Panelas,PE,Pernambuco,26,26012,Brejo Pernambucano,2603,Agreste Pernambucano,2,NE,Nordeste,IBGE_API
2610301,Paranatama,PE,Pernambuco,26,26011,Garanhuns,2603,Agreste Pernambucano,2,NE,Nordeste,IBGE_API
2610400,Parnamirim,PE,Pernambuco,26,26002,Salgueiro,2601,Sertão Pernambucano,2,NE,Nordeste,IBGE_API
2610509,Passira,PE,Pernambuco,26,26010,Médio Capibaribe,2603,Agreste Pernambucano,2,NE,Nordeste,IBGE_API
2610608,Paudalho,PE,Pernambuco,26,26013,Mata Setentrional Pernambucana,2604,Mata Pernambucana,2,NE,Nordeste,IBGE_API
2610707,Paulista,PE,Pernambuco,26,26017,Recife,2605,Metropolitana de Recife,2,NE,Nordeste,IBGE_API
2610806,Pedra,PE,Pernambuco,26,26007,Vale do Ipanema,2603,Agreste Pernambucano,2,NE,Nordeste,IBGE_API
2610905,Pesqueira,PE,Pernambuco,26,26008,Vale do Ipojuca,2603,Agreste Pernambucano,2,NE,Nordeste,IBGE_API
2611002,Petrolândia,PE,Pernambuco,26,26006,Itaparica,2602,São Francisco Pernambucano,2,NE,Nordeste,IBGE_API
2611101,Petrolina,PE,Pernambuco,26,26005,Petrolina,2602,São Francisco Pernambucano,2,NE,Nordeste,IBGE_API
2611200,Poção,PE,Pernambuco,26,26008,Vale do Ipojuca,2603,Agreste Pernambucano,2,NE,Nordeste,IBGE_API
2611309,Pombos,PE,Pernambuco,26,26014,Vitória de Santo Antão,2604,Mata Pernambucana,2,NE,Nordeste,IBGE_API
2611408,Primavera,PE,Pernambuco,26,26015,Mata Meridional Pernambucana,2604,Mata Pernambucana,2,NE,Nordeste,IBGE_API
2611507,Quipapá,PE,Pernambuco,26,26015,Mata Meridional Pernambucana,2604,Mata Pernambucana,2,NE,Nordeste,IBGE_API
2611533,Quixaba,PE,Pernambuco,26,26003,Pajeú,2601,Sertão Pernambucano,2,NE,Nordeste,IBGE_API
2611606,Recife,PE,Pernambuco,26,26017,Recife,2605,Metropolitana de Recife,2,NE,Nordeste,IBGE_API
2611705,Riacho das Almas,PE,Pernambuco,26,26008,Vale do Ipojuca,2603,Agreste Pernambucano,2,NE,Nordeste,IBGE_API
2611804,Ribeirão,PE,Pernambuco,26,26015,Mata Meridional Pernambucana,2604,Mata Pernambucana,2,NE,Nordeste,IBGE_API
2611903,Rio Formoso,PE,Pernambuco,26,26015,Mata Meridional Pernambucana,2604,Mata Pernambucana,2,NE,Nordeste,IBGE_API
2612000,Sairé,PE,Pernambuco,26,26012,Brejo Pernambucano,2603,Agreste Pernambucano,2,NE,Nordeste,IBGE_API
2612109,Salgadinho,PE,Pernambuco,26,26010,Médio Capibaribe,2603,Agreste Pernambucano,2,NE,Nordeste,IBGE_API
2612208,Salgueiro,PE,Pernambuco,26,26002,Salgueiro,2601,Sertão Pernambucano,2,NE,Nordeste,IBGE_API
2612307,Saloá,PE,Pernambuco,26,26011,Garanhuns,2603,Agreste Pernambucano,2,NE,Nordeste,IBGE_API
2612406,Sanharó,PE,Pernambuco,26,26008,Vale do Ipojuca,2603,Agreste Pernambucano,2,NE,Nordeste,IBGE_API
2612455,Santa Cruz,PE,Pernambuco,26,26001,Araripina,2601,Sertão Pernambucano,2,NE,Nordeste,IBGE_API
2612471,Santa Cruz da Baixa Verde,PE,Pernambuco,26,26003,Pajeú,2601,Sertão Pernambucano,2,NE,Nordeste,IBGE_API
2612505,Santa Cruz do Capibaribe,PE,Pernambuco,26,26009,Alto Capibaribe,2603,Agreste Pernambucano,2,NE,Nordeste,IBGE_API
2612554,Santa Filomena,PE,Pernambuco,26,26001,Araripina,2601,Sertão Pernambucano,2,NE,Nordeste,IBGE_API
2612604,Santa Maria da Boa Vista,PE,Pernambuco,26,26005,Petrolina,2602,São Francisco Pernambucano,2,NE,Nordeste,IBGE_API
2612703,Santa Maria do Cambucá,PE,Pernambuco,26,26009,Alto Capibaribe,2603,Agreste Pernambucano,2,NE,Nordeste,IBGE_API
2612802,Santa Terezinha,PE,Pernambuco,26,26003,Pajeú,2601,Sertão Pernambucano,2,NE,Nordeste,IBGE_API
2612901,São Benedito do Sul,PE,Pernambuco,26,26015,Mata Meridional Pernambucana,2604,Mata Pernambucana,2,NE,Nordeste,IBGE_API
2613008,São Bento do Una,PE,Pernambuco,26,26008,Vale do Ipojuca,2603,Agreste Pernambucano,2,NE,Nordeste,IBGE_API
2613107,São Caitano,PE,Pernambuco,26,26008,Vale do Ipojuca,2603,Agreste Pernambucano,2,NE,Nordeste,IBGE_API
2613206,São João,PE,Pernambuco,26,26011,Garanhuns,2603,Agreste Pernambucano,2,NE,Nordeste,IBGE_API
2613305,São Joaquim do Monte,PE,Pernambuco,26,26012,Brejo Pernambucano,2603,Agreste Pernambucano,2,NE,Nordeste,IBGE_API
2613404,São José da Coroa Grande,PE,Pernambuco,26,26015,Mata Meridional Pernambucana,2604,Mata Pernambucana,2,NE,Nordeste,IBGE_API
2613503,São José do Belmonte,PE,Pernambuco,26,26002,Salgueiro,2601,Sertão Pernambucano,2,NE,Nordeste,IBGE_API
2613602,São José do Egito,PE,Pernambuco,26,26003,Pajeú,2601,Sertão Pernambucano,2,NE,Nordeste,IBGE_API
2613701,São Lourenço da Mata,PE,Pernambuco,26,26017,Recife,2605,Metropolitana de Recife,2,NE,Nordeste,IBGE_API
2613800,São Vicente Férrer,PE,Pernambuco,26,26010,Médio Capibaribe,2603,Agreste Pernambucano,2,NE,Nordeste,IBGE_API
2613909,Serra Talhada,PE,Pernambuco,26,26003,Pajeú,2601,Sertão Pernambucano,2,NE,Nordeste,IBGE_API
2614006,Serrita,PE,Pernambuco,26,26002,Salgueiro,2601,Sertão Pernambucano,2,NE,Nordeste,IBGE_API
2614105,Sertânia,PE,Pernambuco,26,26004,Sertão do Moxotó,2601,Sertão Pernambucano,2,NE,Nordeste,IBGE_API
2614204,Sirinhaém,PE,Pernambuco,26,26015,Mata Meridional Pernambucana,2604,Mata Pernambucana,2,NE,Nordeste,IBGE_API
2614303,Moreilândia,PE,Pernambuco,26,26001,Araripina,2601,Sertão Pernambucano,2,NE,Nordeste,IBGE_API
2614402,Solidão,PE,Pernambuco,26,26003,Pajeú,2601,Sertão Pernambucano,2,NE,Nordeste,IBGE_API
2614501,Surubim,PE,Pernambuco,26,26009,Alto Capibaribe,2603,Agreste Pernambucano,2,NE,Nordeste,IBGE_API
2614600,Tabira,PE,Pernambuco,26,26003,Pajeú,2601,Sertão Pernambucano,2,NE,Nordeste,IBGE_API
2614709,Tacaimbó,PE,Pernambuco,26,26008,Vale do Ipojuca,2603,Agreste Pernambucano,2,NE,Nordeste,IBGE_API
2614808,Tacaratu,PE,Pernambuco,26,26006,Itaparica,2602,São Francisco Pernambucano,2,NE,Nordeste,IBGE_API
2614857,Tamandaré,PE,Pernambuco,26,26015,Mata Meridional Pernambucana,2604,Mata Pernambucana,2,NE,Nordeste,IBGE_API
2615003,Taquaritinga do Norte,PE,Pernambuco,26,26009,Alto Capibaribe,2603,Agreste Pernambucano,2,NE,Nordeste,IBGE_API
2615102,Terezinha,PE,Pernambuco,26,26011,Garanhuns,2603,Agreste Pernambucano,2,NE,Nordeste,IBGE_API
2615201,Terra Nova,PE,Pernambuco,26,26005,Petrolina,2602,São Francisco Pernambucano,2,NE,Nordeste,IBGE_API
2615300,Timbaúba,PE,Pernambuco,26,26013,Mata Setentrional Pernambucana,2604,Mata Pernambucana,2,NE,Nordeste,IBGE_API
2615409,Toritama,PE,Pernambuco,26,26009,Alto Capibaribe,2603,Agreste Pernambucano,2,NE,Nordeste,IBGE_API
2615508,Tracunhaém,PE,Pernambuco,26,26013,Mata Setentrional Pernambucana,2604,Mata Pernambucana,2,NE,Nordeste,IBGE_API
2615607,Trindade,PE,Pernambuco,26,26001,Araripina,2601,Sertão Pernambucano,2,NE,Nordeste,IBGE_API
2615706,Triunfo,PE,Pernambuco,26,26003,Pajeú,2601,Sertão Pernambucano,2,NE,Nordeste,IBGE_API
2615805,Tupanatinga,PE,Pernambuco,26,26007,Vale do Ipanema,2603,Agreste Pernambucano,2,NE,Nordeste,IBGE_API
2615904,Tuparetama,PE,Pernambuco,26,26003,Pajeú,2601,Sertão Pernambucano,2,NE,Nordeste,IBGE_API
2616001,Venturosa,PE,Pernambuco,26,26007,Vale do Ipanema,2603,Agreste Pernambucano,2,NE,Nordeste,IBGE_API
2616100,Verdejante,PE,Pernambuco,26,26002,Salgueiro,2601,Sertão Pernambucano,2,NE,Nordeste,IBGE_API
2616183,Vertente do Lério,PE,Pernambuco,26,26009,Alto Capibaribe,2603,Agreste Pernambucano,2,NE,Nordeste,IBGE_API
2616209,Vertentes,PE,Pernambuco,26,26009,Alto Capibaribe,2603,Agreste Pernambucano,2,NE,Nordeste,IBGE_API
2616308,Vicência,PE,Pernambuco,26,26013,Mata Setentrional Pernambucana,2604,Mata Pernambucana,2,NE,Nordeste,IBGE_API
2616407,Vitória de Santo Antão,PE,Pernambuco,26,26014,Vitória de Santo Antão,2604,Mata Pernambucana,2,NE,Nordeste,IBGE_API
2616506,Xexéu,PE,Pernambuco,26,26015,Mata Meridional Pernambucana,2604,Mata Pernambucana,2,NE,Nordeste,IBGE_API
2700102,Água Branca,AL,Alagoas,27,27001,Serrana do Sertão Alagoano,2701,Sertão Alagoano,2,NE,Nordeste,IBGE_API
2700201,Anadia,AL,Alagoas,27,27012,São Miguel dos Campos,2703,Leste Alagoano,2,NE,Nordeste,IBGE_API
2700300,Arapiraca,AL,Alagoas,27,27006,Arapiraca,2702,Agreste Alagoano,2,NE,Nordeste,IBGE_API
2700409,Atalaia,AL,Alagoas,27,27009,Mata Alagoana,2703,Leste Alagoano,2,NE,Nordeste,IBGE_API
2700508,Barra de Santo Antônio,AL,Alagoas,27,27011,Maceió,2703,Leste Alagoano,2,NE,Nordeste,IBGE_API
2700607,Barra de São Miguel,AL,Alagoas,27,27011,Maceió,2703,Leste Alagoano,2,NE,Nordeste,IBGE_API
2700706,Batalha,AL,Alagoas,27,27004,Batalha,2701,Sertão Alagoano,2,NE,Nordeste,IBGE_API
2700805,Belém,AL,Alagoas,27,27005,Palmeira dos Índios,2702,Agreste Alagoano,2,NE,Nordeste,IBGE_API
2700904,Belo Monte,AL,Alagoas,27,27004,Batalha,2701,Sertão Alagoano,2,NE,Nordeste,IBGE_API
2701001,Boca da Mata,AL,Alagoas,27,27012,São Miguel dos Campos,2703,Leste Alagoano,2,NE,Nordeste,IBGE_API
2701100,Branquinha,AL,Alagoas,27,27009,Mata Alagoana,2703,Leste Alagoano,2,NE,Nordeste,IBGE_API
2701209,Cacimbinhas,AL,Alagoas,27,27005,Palmeira dos Índios,2702,Agreste Alagoano,2,NE,Nordeste,IBGE_API
2701308,Cajueiro,AL,Alagoas,27,27009,Mata Alagoana,2703,Leste Alagoano,2,NE,Nordeste,IBGE_API
2701357,Campestre,AL,Alagoas,27,27009,Mata Alagoana,2703,Leste Alagoano,2,NE,Nordeste,IBGE_API
2701407,Campo Alegre,AL,Alagoas,27,27012,São Miguel dos Campos,2703,Leste Alagoano,2,NE,Nordeste,IBGE_API
2701506,Campo Grande,AL,Alagoas,27,27006,Arapiraca,2702,Agreste Alagoano,2,NE,Nordeste,IBGE_API
2701605,Canapi,AL,Alagoas,27,27001,Serrana do Sertão Alagoano,2701,Sertão Alagoano,2,NE,Nordeste,IBGE_API
2701704,Capela,AL,Alagoas,27,27009,Mata Alagoana,2703,Leste Alagoano,2,NE,Nordeste,IBGE_API
2701803,Carneiros,AL,Alagoas,27,27003,Santana do Ipanema,2701,Sertão Alagoano,2,NE,Nordeste,IBGE_API
2701902,Chã Preta,AL,Alagoas,27,27008,Serrana dos Quilombos,2703,Leste Alagoano,2,NE,Nordeste,IBGE_API
2702009,Coité do Nóia,AL,Alagoas,27,27006,Arapiraca,2702,Agreste Alagoano,2,NE,Nordeste,IBGE_API
2702108,Colônia Leopoldina,AL,Alagoas,27,27009,Mata Alagoana,2703,Leste Alagoano,2,NE,Nordeste,IBGE_API
2702207,Coqueiro Seco,AL,Alagoas,27,27011,Maceió,2703,Leste Alagoano,2,NE,Nordeste,IBGE_API
2702306,Coruripe,AL,Alagoas,27,27012,São Miguel dos Campos,2703,Leste Alagoano,2,NE,Nordeste,IBGE_API
2702355,Craíbas,AL,Alagoas,27,27006,Arapiraca,2702,Agreste Alagoano,2,NE,Nordeste,IBGE_API
2702405,Delmiro Gouveia,AL,Alagoas,27,27002,Alagoana do Sertão do São Francisco,2701,Sertão Alagoano,2,NE,Nordeste,IBGE_API
2702504,Dois Riachos,AL,Alagoas,27,27003,Santana do Ipanema,2701,Sertão Alagoano,2,NE,Nordeste,IBGE_API
2702553,Estrela de Alagoas,AL,Alagoas,27,27005,Palmeira dos Índios,2702,Agreste Alagoano,2,NE,Nordeste,IBGE_API
2702603,Feira Grande,AL,Alagoas,27,27006,Arapiraca,2702,Agreste Alagoano,2,NE,Nordeste,IBGE_API
2702702,Feliz Deserto,AL,Alagoas,27,27013,Penedo,2703,Leste Alagoano,2,NE,Nordeste,IBGE_API
2702801,Flexeiras,AL,Alagoas,27,27009,Mata Alagoana,2703,Leste Alagoano,2,NE,Nordeste,IBGE_API
2702900,Girau do Ponciano,AL,Alagoas,27,27006,Arapiraca,2702,Agreste Alagoano,2,NE,Nordeste,IBGE_API
2703007,Ibateguara,AL,Alagoas,27,27008,Serrana dos Quilombos,2703,Leste Alagoano,2,NE,Nordeste,IBGE_API
2703106,Igaci,AL,Alagoas,27,27005,Palmeira dos Índios,2702,Agreste Alagoano,2,NE,Nordeste,IBGE_API
2703205,Igreja Nova,AL,Alagoas,27,27013,Penedo,2703,Leste Alagoano,2,NE,Nordeste,IBGE_API
2703304,Inhapi,AL,Alagoas,27,27001,Serrana do Sertão Alagoano,2701,Sertão Alagoano,2,NE,Nordeste,IBGE_API
2703403,Jacaré dos Homens,AL,Alagoas,27,27004,Batalha,2701,Sertão Alagoano,2,NE,Nordeste,IBGE_API
2703502,Jacuípe,AL,Alagoas,27,27009,Mata Alagoana,2703,Leste Alagoano,2,NE,Nordeste,IBGE_API
2703601,Japaratinga,AL,Alagoas,27,27010,Litoral Norte Alagoano,2703,Leste Alagoano,2,NE,Nordeste,IBGE_API
2703700,Jaramataia,AL,Alagoas,27,27004,Batalha,2701,Sertão Alagoano,2,NE,Nordeste,IBGE_API
2703759,Jequiá da Praia,AL,Alagoas,27,27012,São Miguel dos Campos,2703,Leste Alagoano,2,NE,Nordeste,IBGE_API
2703809,Joaquim Gomes,AL,Alagoas,27,27009,Mata Alagoana,2703,Leste Alagoano,2,NE,Nordeste,IBGE_API
2703908,Jundiá,AL,Alagoas,27,27009,Mata Alagoana,2703,Leste Alagoano,2,NE,Nordeste,IBGE_API
2704005,Junqueiro,AL,Alagoas,27,27012,São Miguel dos Campos,2703,Leste Alagoano,2,NE,Nordeste,IBGE_API
2704104,Lagoa da Canoa,AL,Alagoas,27,27006,Arapiraca,2702,Agreste Alagoano,2,NE,Nordeste,IBGE_API
2704203,Limoeiro de Anadia,AL,Alagoas,27,27006,Arapiraca,2702,Agreste Alagoano,2,NE,Nordeste,IBGE_API
2704302,Maceió,AL,Alagoas,27,27011,Maceió,2703,Leste Alagoano,2,NE,Nordeste,IBGE_API
2704401,Major Isidoro,AL,Alagoas,27,27004,Batalha,2701,Sertão Alagoano,2,NE,Nordeste,IBGE_API
2704500,Maragogi,AL,Alagoas,27,27010,Litoral Norte Alagoano,2703,Leste Alagoano,2,NE,Nordeste,IBGE_API
2704609,Maravilha,AL,Alagoas,27,27003,Santana do Ipanema,2701,Sertão Alagoano,2,NE,Nordeste,IBGE_API
2704708,Marechal Deodoro,AL,Alagoas,27,27011,Maceió,2703,Leste Alagoano,2,NE,Nordeste,IBGE_API
2704807,Maribondo,AL,Alagoas,27,27005,Palmeira dos Índios,2702,Agreste Alagoano,2,NE,Nordeste,IBGE_API
2704906,Mar Vermelho,AL,Alagoas,27,27005,Palmeira dos Índios,2702,Agreste Alagoano,2,NE,Nordeste,IBGE_API
2705002,Mata Grande,AL,Alagoas,27,27001,Serrana do Sertão Alagoano,2701,Sertão Alagoano,2,NE,Nordeste,IBGE_API
2705101,Matriz de Camaragibe,AL,Alagoas,27,27009,Mata Alagoana,2703,Leste Alagoano,2,NE,Nordeste,IBGE_API
2705200,Messias,AL,Alagoas,27,27009,Mata Alagoana,2703,Leste Alagoano,2,NE,Nordeste,IBGE_API
2705309,Minador do Negrão,AL,Alagoas,27,27005,Palmeira dos Índios,2702,Agreste Alagoano,2,NE,Nordeste,IBGE_API
2705408,Monteirópolis,AL,Alagoas,27,27004,Batalha,2701,Sertão Alagoano,2,NE,Nordeste,IBGE_API
2705507,Murici,AL,Alagoas,27,27009,Mata Alagoana,2703,Leste Alagoano,2,NE,Nordeste,IBGE_API
2705606,Novo Lino,AL,Alagoas,27,27009,Mata Alagoana,2703,Leste Alagoano,2,NE,Nordeste,IBGE_API
2705705,Olho d'Água das Flores,AL,Alagoas,27,27004,Batalha,2701,Sertão Alagoano,2,NE,Nordeste,IBGE_API
2705804,Olho d'Água do Casado,AL,Alagoas,27,27002,Alagoana do Sertão do São Francisco,2701,Sertão Alagoano,2,NE,Nordeste,IBGE_API
2705903,Olho d'Água Grande,AL,Alagoas,27,27007,Traipu,2702,Agreste Alagoano,2,NE,Nordeste,IBGE_API
2706000,Olivença,AL,Alagoas,27,27004,Batalha,2701,Sertão Alagoano,2,NE,Nordeste,IBGE_API
2706109,Ouro Branco,AL,Alagoas,27,27003,Santana do Ipanema,2701,Sertão Alagoano,2,NE,Nordeste,IBGE_API
2706208,Palestina,AL,Alagoas,27,27003,Santana do Ipanema,2701,Sertão Alagoano,2,NE,Nordeste,IBGE_API
2706307,Palmeira dos Índios,AL,Alagoas,27,27005,Palmeira dos Índios,2702,Agreste Alagoano,2,NE,Nordeste,IBGE_API
2706406,Pão de Açúcar,AL,Alagoas,27,27003,Santana do Ipanema,2701,Sertão Alagoano,2,NE,Nordeste,IBGE_API
2706422,Pariconha,AL,Alagoas,27,27001,Serrana do Sertão Alagoano,2701,Sertão Alagoano,2,NE,Nordeste,IBGE_API
2706448,Paripueira,AL,Alagoas,27,27011,Maceió,2703,Leste Alagoano,2,NE,Nordeste,IBGE_API
2706505,Passo de Camaragibe,AL,Alagoas,27,27010,Litoral Norte Alagoano,2703,Leste Alagoano,2,NE,Nordeste,IBGE_API
2706604,Paulo Jacinto,AL,Alagoas,27,27005,Palmeira dos Índios,2702,Agreste Alagoano,2,NE,Nordeste,IBGE_API
2706703,Penedo,AL,Alagoas,27,27013,Penedo,2703,Leste Alagoano,2,NE,Nordeste,IBGE_API
2706802,Piaçabuçu,AL,Alagoas,27,27013,Penedo,2703,Leste Alagoano,2,NE,Nordeste,IBGE_API
2706901,Pilar,AL,Alagoas,27,27011,Maceió,2703,Leste Alagoano,2,NE,Nordeste,IBGE_API
2707008,Pindoba,AL,Alagoas,27,27008,Serrana dos Quilombos,2703,Leste Alagoano,2,NE,Nordeste,IBGE_API
2707107,Piranhas,AL,Alagoas,27,27002,Alagoana do Sertão do São Francisco,2701,Sertão Alagoano,2,NE,Nordeste,IBGE_API
2707206,Poço das Trincheiras,AL,Alagoas,27,27003,Santana do Ipanema,2701,Sertão Alagoano,2,NE,Nordeste,IBGE_API
2707305,Porto Calvo,AL,Alagoas,27,27009,Mata Alagoana,2703,Leste Alagoano,2,NE,Nordeste,IBGE_API
2707404,Porto de Pedras,AL,Alagoas,27,27010,Litoral Norte Alagoano,2703,Leste Alagoano,2,NE,Nordeste,IBGE_API
2707503,Porto Real do Colégio,AL,Alagoas,27,27013,Penedo,2703,Leste Alagoano,2,NE,Nordeste,IBGE_API
2707602,Quebrangulo,AL,Alagoas,27,27005,Palmeira dos Índios,2702,Agreste Alagoano,2,NE,Nordeste,IBGE_API
2707701,Rio Largo,AL,Alagoas,27,27011,Maceió,2703,Leste Alagoano,2,NE,Nordeste,IBGE_API
2707800,Roteiro,AL,Alagoas,27,27012,São Miguel dos Campos,2703,Leste Alagoano,2,NE,Nordeste,IBGE_API
2707909,Santa Luzia do Norte,AL,Alagoas,27,27011,Maceió,2703,Leste Alagoano,2,NE,Nordeste,IBGE_API
2708006,Santana do Ipanema,AL,Alagoas,27,27003,Santana do Ipanema,2701,Sertão Alagoano,2,NE,Nordeste,IBGE_API
2708105,Santana do Mundaú,AL,Alagoas,27,27008,Serrana dos Quilombos,2703,Leste Alagoano,2,NE,Nordeste,IBGE_API
2708204,São Brás,AL,Alagoas,27,27007,Traipu,2702,Agreste Alagoano,2,NE,Nordeste,IBGE_API
2708303,São José da Laje,AL,Alagoas,27,27008,Serrana dos Quilombos,2703,Leste Alagoano,2,NE,Nordeste,IBGE_API
2708402,São José da Tapera,AL,Alagoas,27,27003,Santana do Ipanema,2701,Sertão Alagoano,2,NE,Nordeste,IBGE_API
2708501,São Luís do Quitunde,AL,Alagoas,27,27009,Mata Alagoana,2703,Leste Alagoano,2,NE,Nordeste,IBGE_API
2708600,São Miguel dos Campos,AL,Alagoas,27,27012,São Miguel dos Campos,2703,Leste Alagoano,2,NE,Nordeste,IBGE_API
2708709,São Miguel dos Milagres,AL,Alagoas,27,27010,Litoral Norte Alagoano,2703,Leste Alagoano,2,NE,Nordeste,IBGE_API
2708808,São Sebastião,AL,Alagoas,27,27006,Arapiraca,2702,Agreste Alagoano,2,NE,Nordeste,IBGE_API
2708907,Satuba,AL,Alagoas,27,27011,Maceió,2703,Leste Alagoano,2,NE,Nordeste,IBGE_API
2708956,Senador Rui Palmeira,AL,Alagoas,27,27003,Santana do Ipanema,2701,Sertão Alagoano,2,NE,Nordeste,IBGE_API
2709004,Tanque d'Arca,AL,Alagoas,27,27005,Palmeira dos Índios,2702,Agreste Alagoano,2,NE,Nordeste,IBGE_API
2709103,Taquarana,AL,Alagoas,27,27006,Arapiraca,2702,Agreste Alagoano,2,NE,Nordeste,IBGE_API
2709152,Teotônio Vilela,AL,Alagoas,27,27012,São Miguel dos Campos,2703,Leste Alagoano,2,NE,Nordeste,IBGE_API
2709202,Traipu,AL,Alagoas,27,27007,Traipu,2702,Agreste Alagoano,2,NE,Nordeste,IBGE_API
2709301,União dos Palmares,AL,Alagoas,27,27008,Serrana dos Quilombos,2703,Leste Alagoano,2,NE,Nordeste,IBGE_API
2709400,Viçosa,AL,Alagoas,27,27008,Serrana dos Quilombos,2703,Leste Alagoano,2,NE,Nordeste,IBGE_API
2800100,Amparo do São Francisco,SE,Sergipe,28,28007,Propriá,2803,Leste Sergipano,2,NE,Nordeste,IBGE_API
2800209,Aquidabã,SE,Sergipe,28,28003,Nossa Senhora das Dores,2802,Agreste Sergipano,2,NE,Nordeste,IBGE_API
2800308,Aracaju,SE,Sergipe,28,28011,Aracaju,2803,Leste Sergipano,2,NE,Nordeste,IBGE_API
2800407,Arauá,SE,Sergipe,28,28012,Boquim,2803,Leste Sergipano,2,NE,Nordeste,IBGE_API
2800506,Areia Branca,SE,Sergipe,28,28004,Agreste de Itabaiana,2802,Agreste Sergipano,2,NE,Nordeste,IBGE_API
2800605,Barra dos Coqueiros,SE,Sergipe,28,28011,Aracaju,2803,Leste Sergipano,2,NE,Nordeste,IBGE_API
2800670,Boquim,SE,Sergipe,28,28012,Boquim,2803,Leste Sergipano,2,NE,Nordeste,IBGE_API
2800704,Brejo Grande,SE,Sergipe,28,28007,Propriá,2803,Leste Sergipano,2,NE,Nordeste,IBGE_API
2801009,Campo do Brito,SE,Sergipe,28,28004,Agreste de Itabaiana,2802,Agreste Sergipano,2,NE,Nordeste,IBGE_API
2801108,Canhoba,SE,Sergipe,28,28007,Propriá,2803,Leste Sergipano,2,NE,Nordeste,IBGE_API
2801207,Canindé de São Francisco,SE,Sergipe,28,28001,Sergipana do Sertão do São Francisco,2801,Sertão Sergipano,2,NE,Nordeste,IBGE_API
2801306,Capela,SE,Sergipe,28,28008,Cotinguiba,2803,Leste Sergipano,2,NE,Nordeste,IBGE_API
2801405,Carira,SE,Sergipe,28,28002,Carira,2801,Sertão Sergipano,2,NE,Nordeste,IBGE_API
2801504,Carmópolis,SE,Sergipe,28,28010,Baixo Cotinguiba,2803,Leste Sergipano,2,NE,Nordeste,IBGE_API
2801603,Cedro de São João,SE,Sergipe,28,28007,Propriá,2803,Leste Sergipano,2,NE,Nordeste,IBGE_API
2801702,Cristinápolis,SE,Sergipe,28,28012,Boquim,2803,Leste Sergipano,2,NE,Nordeste,IBGE_API
2801900,Cumbe,SE,Sergipe,28,28003,Nossa Senhora das Dores,2802,Agreste Sergipano,2,NE,Nordeste,IBGE_API
2802007,Divina Pastora,SE,Sergipe,28,28008,Cotinguiba,2803,Leste Sergipano,2,NE,Nordeste,IBGE_API
2802106,Estância,SE,Sergipe,28,28013,Estância,2803,Leste Sergipano,2,NE,Nordeste,IBGE_API
2802205,Feira Nova,SE,Sergipe,28,28001,Sergipana do Sertão do São Francisco,2801,Sertão Sergipano,2,NE,Nordeste,IBGE_API
2802304,Frei Paulo,SE,Sergipe,28,28002,Carira,2801,Sertão Sergipano,2,NE,Nordeste,IBGE_API
2802403,Gararu,SE,Sergipe,28,28001,Sergipana do Sertão do São Francisco,2801,Sertão Sergipano,2,NE,Nordeste,IBGE_API
2802502,General Maynard,SE,Sergipe,28,28010,Baixo Cotinguiba,2803,Leste Sergipano,2,NE,Nordeste,IBGE_API
2802601,Graccho Cardoso,SE,Sergipe,28,28001,Sergipana do Sertão do São Francisco,2801,Sertão Sergipano,2,NE,Nordeste,IBGE_API
2802700,Ilha das Flores,SE,Sergipe,28,28007,Propriá,2803,Leste Sergipano,2,NE,Nordeste,IBGE_API
2802809,Indiaroba,SE,Sergipe,28,28013,Estância,2803,Leste Sergipano,2,NE,Nordeste,IBGE_API
2802908,Itabaiana,SE,Sergipe,28,28004,Agreste de Itabaiana,2802,Agreste Sergipano,2,NE,Nordeste,IBGE_API
2803005,Itabaianinha,SE,Sergipe,28,28012,Boquim,2803,Leste Sergipano,2,NE,Nordeste,IBGE_API
2803104,Itabi,SE,Sergipe,28,28001,Sergipana do Sertão do São Francisco,2801,Sertão Sergipano,2,NE,Nordeste,IBGE_API
2803203,Itaporanga d'Ajuda,SE,Sergipe,28,28013,Estância,2803,Leste Sergipano,2,NE,Nordeste,IBGE_API
2803302,Japaratuba,SE,Sergipe,28,28009,Japaratuba,2803,Leste Sergipano,2,NE,Nordeste,IBGE_API
2803401,Japoatã,SE,Sergipe,28,28009,Japaratuba,2803,Leste Sergipano,2,NE,Nordeste,IBGE_API
2803500,Lagarto,SE,Sergipe,28,28006,Agreste de Lagarto,2802,Agreste Sergipano,2,NE,Nordeste,IBGE_API
2803609,Laranjeiras,SE,Sergipe,28,28010,Baixo Cotinguiba,2803,Leste Sergipano,2,NE,Nordeste,IBGE_API
2803708,Macambira,SE,Sergipe,28,28004,Agreste de Itabaiana,2802,Agreste Sergipano,2,NE,Nordeste,IBGE_API
2803807,Malhada dos Bois,SE,Sergipe,28,28003,Nossa Senhora das Dores,2802,Agreste Sergipano,2,NE,Nordeste,IBGE_API
2803906,Malhador,SE,Sergipe,28,28004,Agreste de Itabaiana,2802,Agreste Sergipano,2,NE,Nordeste,IBGE_API
2804003,Maruim,SE,Sergipe,28,28010,Baixo Cotinguiba,2803,Leste Sergipano,2,NE,Nordeste,IBGE_API
2804102,Moita Bonita,SE,Sergipe,28,28004,Agreste de Itabaiana,2802,Agreste Sergipano,2,NE,Nordeste,IBGE_API
2804201,Monte Alegre de Sergipe,SE,Sergipe,28,28001,Sergipana do Sertão do São Francisco,2801,Sertão Sergipano,2,NE,Nordeste,IBGE_API
2804300,Muribeca,SE,Sergipe,28,28003,Nossa Senhora das Dores,2802,Agreste Sergipano,2,NE,Nordeste,IBGE_API
2804409,Neópolis,SE,Sergipe,28,28007,Propriá,2803,Leste Sergipano,2,NE,Nordeste,IBGE_API
2804458,Nossa Senhora Aparecida,SE,Sergipe,28,28002,Carira,2801,Sertão Sergipano,2,NE,Nordeste,IBGE_API
2804508,Nossa Senhora da Glória,SE,Sergipe,28,28001,Sergipana do Sertão do São Francisco,2801,Sertão Sergipano,2,NE,Nordeste,IBGE_API
2804607,Nossa Senhora das Dores,SE,Sergipe,28,28003,Nossa Senhora das Dores,2802,Agreste Sergipano,2,NE,Nordeste,IBGE_API
2804706,Nossa Senhora de Lourdes,SE,Sergipe,28,28007,Propriá,2803,Leste Sergipano,2,NE,Nordeste,IBGE_API
2804805,Nossa Senhora do Socorro,SE,Sergipe,28,28011,Aracaju,2803,Leste Sergipano,2,NE,Nordeste,IBGE_API
2804904,Pacatuba,SE,Sergipe,28,28009,Japaratuba,2803,Leste Sergipano,2,NE,Nordeste,IBGE_API
2805000,Pedra Mole,SE,Sergipe,28,28002,Carira,2801,Sertão Sergipano,2,NE,Nordeste,IBGE_API
2805109,Pedrinhas,SE,Sergipe,28,28012,Boquim,2803,Leste Sergipano,2,NE,Nordeste,IBGE_API
2805208,Pinhão,SE,Sergipe,28,28002,Carira,2801,Sertão Sergipano,2,NE,Nordeste,IBGE_API
2805307,Pirambu,SE,Sergipe,28,28009,Japaratuba,2803,Leste Sergipano,2,NE,Nordeste,IBGE_API
2805406,Poço Redondo,SE,Sergipe,28,28001,Sergipana do Sertão do São Francisco,2801,Sertão Sergipano,2,NE,Nordeste,IBGE_API
2805505,Poço Verde,SE,Sergipe,28,28005,Tobias Barreto,2802,Agreste Sergipano,2,NE,Nordeste,IBGE_API
2805604,Porto da Folha,SE,Sergipe,28,28001,Sergipana do Sertão do São Francisco,2801,Sertão Sergipano,2,NE,Nordeste,IBGE_API
2805703,Propriá,SE,Sergipe,28,28007,Propriá,2803,Leste Sergipano,2,NE,Nordeste,IBGE_API
2805802,Riachão do Dantas,SE,Sergipe,28,28006,Agreste de Lagarto,2802,Agreste Sergipano,2,NE,Nordeste,IBGE_API
2805901,Riachuelo,SE,Sergipe,28,28010,Baixo Cotinguiba,2803,Leste Sergipano,2,NE,Nordeste,IBGE_API
2806008,Ribeirópolis,SE,Sergipe,28,28002,Carira,2801,Sertão Sergipano,2,NE,Nordeste,IBGE_API
2806107,Rosário do Catete,SE,Sergipe,28,28010,Baixo Cotinguiba,2803,Leste Sergipano,2,NE,Nordeste,IBGE_API
2806206,Salgado,SE,Sergipe,28,28012,Boquim,2803,Leste Sergipano,2,NE,Nordeste,IBGE_API
2806305,Santa Luzia do Itanhy,SE,Sergipe,28,28013,Estância,2803,Leste Sergipano,2,NE,Nordeste,IBGE_API
2806404,Santana do São Francisco,SE,Sergipe,28,28007,Propriá,2803,Leste Sergipano,2,NE,Nordeste,IBGE_API
2806503,Santa Rosa de Lima,SE,Sergipe,28,28008,Cotinguiba,2803,Leste Sergipano,2,NE,Nordeste,IBGE_API
2806602,Santo Amaro das Brotas,SE,Sergipe,28,28010,Baixo Cotinguiba,2803,Leste Sergipano,2,NE,Nordeste,IBGE_API
2806701,São Cristóvão,SE,Sergipe,28,28011,Aracaju,2803,Leste Sergipano,2,NE,Nordeste,IBGE_API
2806800,São Domingos,SE,Sergipe,28,28004,Agreste de Itabaiana,2802,Agreste Sergipano,2,NE,Nordeste,IBGE_API
2806909,São Francisco,SE,Sergipe,28,28009,Japaratuba,2803,Leste Sergipano,2,NE,Nordeste,IBGE_API
2807006,São Miguel do Aleixo,SE,Sergipe,28,28003,Nossa Senhora das Dores,2802,Agreste Sergipano,2,NE,Nordeste,IBGE_API
2807105,Simão Dias,SE,Sergipe,28,28005,Tobias Barreto,2802,Agreste Sergipano,2,NE,Nordeste,IBGE_API
2807204,Siriri,SE,Sergipe,28,28008,Cotinguiba,2803,Leste Sergipano,2,NE,Nordeste,IBGE_API
2807303,Telha,SE,Sergipe,28,28007,Propriá,2803,Leste Sergipano,2,NE,Nordeste,IBGE_API
2807402,Tobias Barreto,SE,Sergipe,28,28005,Tobias Barreto,2802,Agreste Sergipano,2,NE,Nordeste,IBGE_API
2807501,Tomar do Geru,SE,Sergipe,28,28012,Boquim,2803,Leste Sergipano,2,NE,Nordeste,IBGE_API
2807600,Umbaúba,SE,Sergipe,28,28012,Boquim,2803,Leste Sergipano,2,NE,Nordeste,IBGE_API
2900108,Abaíra,BA,Bahia,29,29023,Seabra,2906,Centro Sul Baiano,2,NE,Nordeste,IBGE_API
2900207,Abaré,BA,Bahia,29,29005,Paulo Afonso,2902,Vale São-Franciscano da Bahia,2,NE,Nordeste,IBGE_API
2900306,Acajutiba,BA,Bahia,29,29017,Alagoinhas,2904,Nordeste Baiano,2,NE,Nordeste,IBGE_API
2900355,Adustina,BA,Bahia,29,29015,Ribeira do Pombal,2904,Nordeste Baiano,2,NE,Nordeste,IBGE_API
2900405,Água Fria,BA,Bahia,29,29012,Feira de Santana,2903,Centro Norte Baiano,2,NE,Nordeste,IBGE_API
2900504,Érico Cardoso,BA,Bahia,29,29025,Livramento do Brumado,2906,Centro Sul Baiano,2,NE,Nordeste,IBGE_API
2900603,Aiquara,BA,Bahia,29,29024,Jequié,2906,Centro Sul Baiano,2,NE,Nordeste,IBGE_API
2900702,Alagoinhas,BA,Bahia,29,29017,Alagoinhas,2904,Nordeste Baiano,2,NE,Nordeste,IBGE_API
2900801,Alcobaça,BA,Bahia,29,29032,Porto Seguro,2907,Sul Baiano,2,NE,Nordeste,IBGE_API
2900900,Almadina,BA,Bahia,29,29031,Ilhéus-Itabuna,2907,Sul Baiano,2,NE,Nordeste,IBGE_API
2901007,Amargosa,BA,Bahia,29,29024,Jequié,2906,Centro Sul Baiano,2,NE,Nordeste,IBGE_API
2901106,Amélia Rodrigues,BA,Bahia,29,29019,Catu,2905,Metropolitana de Salvador,2,NE,Nordeste,IBGE_API
2901155,América Dourada,BA,Bahia,29,29009,Irecê,2903,Centro Norte Baiano,2,NE,Nordeste,IBGE_API
2901205,Anagé,BA,Bahia,29,29028,Vitória da Conquista,2906,Centro Sul Baiano,2,NE,Nordeste,IBGE_API
2901304,Andaraí,BA,Bahia,29,29023,Seabra,2906,Centro Sul Baiano,2,NE,Nordeste,IBGE_API
2901353,Andorinha,BA,Bahia,29,29008,Senhor do Bonfim,2903,Centro Norte Baiano,2,NE,Nordeste,IBGE_API
2901403,Angical,BA,Bahia,29,29002,Cotegipe,2901,Extremo Oeste Baiano,2,NE,Nordeste,IBGE_API
2901502,Anguera,BA,Bahia,29,29012,Feira de Santana,2903,Centro Norte Baiano,2,NE,Nordeste,IBGE_API
2901601,Antas,BA,Bahia,29,29015,Ribeira do Pombal,2904,Nordeste Baiano,2,NE,Nordeste,IBGE_API
2901700,Antônio Cardoso,BA,Bahia,29,29012,Feira de Santana,2903,Centro Norte Baiano,2,NE,Nordeste,IBGE_API
2901809,Antônio Gonçalves,BA,Bahia,29,29008,Senhor do Bonfim,2903,Centro Norte Baiano,2,NE,Nordeste,IBGE_API
2901908,Aporá,BA,Bahia,29,29017,Alagoinhas,2904,Nordeste Baiano,2,NE,Nordeste,IBGE_API
2901957,Apuarema,BA,Bahia,29,29024,Jequié,2906,Centro Sul Baiano,2,NE,Nordeste,IBGE_API
2902005,Aracatu,BA,Bahia,29,29027,Brumado,2906,Centro Sul Baiano,2,NE,Nordeste,IBGE_API
2902054,Araçás,BA,Bahia,29,29017,Alagoinhas,2904,Nordeste Baiano,2,NE,Nordeste,IBGE_API
2902104,Araci,BA,Bahia,29,29016,Serrinha,2904,Nordeste Baiano,2,NE,Nordeste,IBGE_API
2902203,Aramari,BA,Bahia,29,29017,Alagoinhas,2904,Nordeste Baiano,2,NE,Nordeste,IBGE_API
2902252,Arataca,BA,Bahia,29,29031,Ilhéus-Itabuna,2907,Sul Baiano,2,NE,Nordeste,IBGE_API
2902302,Aratuípe,BA,Bahia,29,29020,Santo Antônio de Jesus,2905,Metropolitana de Salvador,2,NE,Nordeste,IBGE_API
2902401,Aurelino Leal,BA,Bahia,29,29031,Ilhéus-Itabuna,2907,Sul Baiano,2,NE,Nordeste,IBGE_API
2902500,Baianópolis,BA,Bahia,29,29001,Barreiras,2901,Extremo Oeste Baiano,2,NE,Nordeste,IBGE_API
2902609,Baixa Grande,BA,Bahia,29,29011,Itaberaba,2903,Centro Norte Baiano,2,NE,Nordeste,IBGE_API
2902658,Banzaê,BA,Bahia,29,29015,Ribeira do Pombal,2904,Nordeste Baiano,2,NE,Nordeste,IBGE_API
2902708,Barra,BA,Bahia,29,29006,Barra,2902,Vale São-Franciscano da Bahia,2,NE,Nordeste,IBGE_API
2902807,Barra da Estiva,BA,Bahia,29,29023,Seabra,2906,Centro Sul Baiano,2,NE,Nordeste,IBGE_API
2902906,Barra do Choça,BA,Bahia,29,29028,Vitória da Conquista,2906,Centro Sul Baiano,2,NE,Nordeste,IBGE_API
2903003,Barra do Mendes,BA,Bahia,29,29009,Irecê,2903,Centro Norte Baiano,2,NE,Nordeste,IBGE_API
2903102,Barra do Rocha,BA,Bahia,29,29031,Ilhéus-Itabuna,2907,Sul Baiano,2,NE,Nordeste,IBGE_API
2903201,Barreiras,BA,Bahia,29,29001,Barreiras,2901,Extremo Oeste Baiano,2,NE,Nordeste,IBGE_API
2903235,Barro Alto,BA,Bahia,29,29009,Irecê,2903,Centro Norte Baiano,2,NE,Nordeste,IBGE_API
2903276,Barrocas,BA,Bahia,29,29016,Serrinha,2904,Nordeste Baiano,2,NE,Nordeste,IBGE_API
2903300,Barro Preto,BA,Bahia,29,29031,Ilhéus-Itabuna,2907,Sul Baiano,2,NE,Nordeste,IBGE_API
2903409,Belmonte,BA,Bahia,29,29031,Ilhéus-Itabuna,2907,Sul Baiano,2,NE,Nordeste,IBGE_API
2903508,Belo Campo,BA,Bahia,29,29028,Vitória da Conquista,2906,Centro Sul Baiano,2,NE,Nordeste,IBGE_API
2903607,Biritinga,BA,Bahia,29,29016,Serrinha,2904,Nordeste Baiano,2,NE,Nordeste,IBGE_API
2903706,Boa Nova,BA,Bahia,29,29028,Vitória da Conquista,2906,Centro Sul Baiano,2,NE,Nordeste,IBGE_API
2903805,Boa Vista do Tupim,BA,Bahia,29,29011,Itaberaba,2903,Centro Norte Baiano,2,NE,Nordeste,IBGE_API
2903904,Bom Jesus da Lapa,BA,Bahia,29,29007,Bom Jesus da Lapa,2902,Vale São-Franciscano da Bahia,2,NE,Nordeste,IBGE_API
2903953,Bom Jesus da Serra,BA,Bahia,29,29028,Vitória da Conquista,2906,Centro Sul Baiano,2,NE,Nordeste,IBGE_API
2904001,Boninal,BA,Bahia,29,29023,Seabra,2906,Centro Sul Baiano,2,NE,Nordeste,IBGE_API
2904050,Bonito,BA,Bahia,29,29023,Seabra,2906,Centro Sul Baiano,2,NE,Nordeste,IBGE_API
2904100,Boquira,BA,Bahia,29,29022,Boquira,2906,Centro Sul Baiano,2,NE,Nordeste,IBGE_API
2904209,Botuporã,BA,Bahia,29,29022,Boquira,2906,Centro Sul Baiano,2,NE,Nordeste,IBGE_API
2904308,Brejões,BA,Bahia,29,29024,Jequié,2906,Centro Sul Baiano,2,NE,Nordeste,IBGE_API
2904407,Brejolândia,BA,Bahia,29,29002,Cotegipe,2901,Extremo Oeste Baiano,2,NE,Nordeste,IBGE_API
2904506,Brotas de Macaúbas,BA,Bahia,29,29022,Boquira,2906,Centro Sul Baiano,2,NE,Nordeste,IBGE_API
2904605,Brumado,BA,Bahia,29,29027,Brumado,2906,Centro Sul Baiano,2,NE,Nordeste,IBGE_API
2904704,Buerarema,BA,Bahia,29,29031,Ilhéus-Itabuna,2907,Sul Baiano,2,NE,Nordeste,IBGE_API
2904753,Buritirama,BA,Bahia,29,29006,Barra,2902,Vale São-Franciscano da Bahia,2,NE,Nordeste,IBGE_API
2904803,Caatiba,BA,Bahia,29,29028,Vitória da Conquista,2906,Centro Sul Baiano,2,NE,Nordeste,IBGE_API
2904852,Cabaceiras do Paraguaçu,BA,Bahia,29,29020,Santo Antônio de Jesus,2905,Metropolitana de Salvador,2,NE,Nordeste,IBGE_API
2904902,Cachoeira,BA,Bahia,29,29020,Santo Antônio de Jesus,2905,Metropolitana de Salvador,2,NE,Nordeste,IBGE_API
2905008,Caculé,BA,Bahia,29,29026,Guanambi,2906,Centro Sul Baiano,2,NE,Nordeste,IBGE_API
2905107,Caém,BA,Bahia,29,29010,Jacobina,2903,Centro Norte Baiano,2,NE,Nordeste,IBGE_API
2905156,Caetanos,BA,Bahia,29,29028,Vitória da Conquista,2906,Centro Sul Baiano,2,NE,Nordeste,IBGE_API
2905206,Caetité,BA,Bahia,29,29026,Guanambi,2906,Centro Sul Baiano,2,NE,Nordeste,IBGE_API
2905305,Cafarnaum,BA,Bahia,29,29009,Irecê,2903,Centro Norte Baiano,2,NE,Nordeste,IBGE_API
2905404,Cairu,BA,Bahia,29,29030,Valença,2907,Sul Baiano,2,NE,Nordeste,IBGE_API
2905503,Caldeirão Grande,BA,Bahia,29,29010,Jacobina,2903,Centro Norte Baiano,2,NE,Nordeste,IBGE_API
2905602,Camacan,BA,Bahia,29,29031,Ilhéus-Itabuna,2907,Sul Baiano,2,NE,Nordeste,IBGE_API
2905701,Camaçari,BA,Bahia,29,29021,Salvador,2905,Metropolitana de Salvador,2,NE,Nordeste,IBGE_API
2905800,Camamu,BA,Bahia,29,29030,Valença,2907,Sul Baiano,2,NE,Nordeste,IBGE_API
2905909,Campo Alegre de Lourdes,BA,Bahia,29,29004,Juazeiro,2902,Vale São-Franciscano da Bahia,2,NE,Nordeste,IBGE_API
2906006,Campo Formoso,BA,Bahia,29,29008,Senhor do Bonfim,2903,Centro Norte Baiano,2,NE,Nordeste,IBGE_API
2906105,Canápolis,BA,Bahia,29,29003,Santa Maria da Vitória,2901,Extremo Oeste Baiano,2,NE,Nordeste,IBGE_API
2906204,Canarana,BA,Bahia,29,29009,Irecê,2903,Centro Norte Baiano,2,NE,Nordeste,IBGE_API
2906303,Canavieiras,BA,Bahia,29,29031,Ilhéus-Itabuna,2907,Sul Baiano,2,NE,Nordeste,IBGE_API
2906402,Candeal,BA,Bahia,29,29016,Serrinha,2904,Nordeste Baiano,2,NE,Nordeste,IBGE_API
2906501,Candeias,BA,Bahia,29,29021,Salvador,2905,Metropolitana de Salvador,2,NE,Nordeste,IBGE_API
2906600,Candiba,BA,Bahia,29,29026,Guanambi,2906,Centro Sul Baiano,2,NE,Nordeste,IBGE_API
2906709,Cândido Sales,BA,Bahia,29,29028,Vitória da Conquista,2906,Centro Sul Baiano,2,NE,Nordeste,IBGE_API
2906808,Cansanção,BA,Bahia,29,29014,Euclides da Cunha,2904,Nordeste Baiano,2,NE,Nordeste,IBGE_API
2906824,Canudos,BA,Bahia,29,29014,Euclides da Cunha,2904,Nordeste Baiano,2,NE,Nordeste,IBGE_API
2906857,Capela do Alto Alegre,BA,Bahia,29,29016,Serrinha,2904,Nordeste Baiano,2,NE,Nordeste,IBGE_API
2906873,Capim Grosso,BA,Bahia,29,29010,Jacobina,2903,Centro Norte Baiano,2,NE,Nordeste,IBGE_API
2906899,Caraíbas,BA,Bahia,29,29027,Brumado,2906,Centro Sul Baiano,2,NE,Nordeste,IBGE_API
2906907,Caravelas,BA,Bahia,29,29032,Porto Seguro,2907,Sul Baiano,2,NE,Nordeste,IBGE_API
2907004,Cardeal da Silva,BA,Bahia,29,29018,Entre Rios,2904,Nordeste Baiano,2,NE,Nordeste,IBGE_API
2907103,Carinhanha,BA,Bahia,29,29007,Bom Jesus da Lapa,2902,Vale São-Franciscano da Bahia,2,NE,Nordeste,IBGE_API
2907202,Casa Nova,BA,Bahia,29,29004,Juazeiro,2902,Vale São-Franciscano da Bahia,2,NE,Nordeste,IBGE_API
2907301,Castro Alves,BA,Bahia,29,29020,Santo Antônio de Jesus,2905,Metropolitana de Salvador,2,NE,Nordeste,IBGE_API
2907400,Catolândia,BA,Bahia,29,29001,Barreiras,2901,Extremo Oeste Baiano,2,NE,Nordeste,IBGE_API
2907509,Catu,BA,Bahia,29,29019,Catu,2905,Metropolitana de Salvador,2,NE,Nordeste,IBGE_API
2907558,Caturama,BA,Bahia,29,29022,Boquira,2906,Centro Sul Baiano,2,NE,Nordeste,IBGE_API
2907608,Central,BA,Bahia,29,29009,Irecê,2903,Centro Norte Baiano,2,NE,Nordeste,IBGE_API
2907707,Chorrochó,BA,Bahia,29,29005,Paulo Afonso,2902,Vale São-Franciscano da Bahia,2,NE,Nordeste,IBGE_API
2907806,Cícero Dantas,BA,Bahia,29,29015,Ribeira do Pombal,2904,Nordeste Baiano,2,NE,Nordeste,IBGE_API
2907905,Cipó,BA,Bahia,29,29015,Ribeira do Pombal,2904,Nordeste Baiano,2,NE,Nordeste,IBGE_API
2908002,Coaraci,BA,Bahia,29,29031,Ilhéus-Itabuna,2907,Sul Baiano,2,NE,Nordeste,IBGE_API
2908101,Cocos,BA,Bahia,29,29003,Santa Maria da Vitória,2901,Extremo Oeste Baiano,2,NE,Nordeste,IBGE_API
2908200,Conceição da Feira,BA,Bahia,29,29012,Feira de Santana,2903,Centro Norte Baiano,2,NE,Nordeste,IBGE_API
2908309,Conceição do Almeida,BA,Bahia,29,29020,Santo Antônio de Jesus,2905,Metropolitana de Salvador,2,NE,Nordeste,IBGE_API
2908408,Conceição do Coité,BA,Bahia,29,29016,Serrinha,2904,Nordeste Baiano,2,NE,Nordeste,IBGE_API
2908507,Conceição do Jacuípe,BA,Bahia,29,29012,Feira de Santana,2903,Centro Norte Baiano,2,NE,Nordeste,IBGE_API
2908606,Conde,BA,Bahia,29,29018,Entre Rios,2904,Nordeste Baiano,2,NE,Nordeste,IBGE_API
2908705,Condeúba,BA,Bahia,29,29027,Brumado,2906,Centro Sul Baiano,2,NE,Nordeste,IBGE_API
2908804,Contendas do Sincorá,BA,Bahia,29,29023,Seabra,2906,Centro Sul Baiano,2,NE,Nordeste,IBGE_API
2908903,Coração de Maria,BA,Bahia,29,29012,Feira de Santana,2903,Centro Norte Baiano,2,NE,Nordeste,IBGE_API
2909000,Cordeiros,BA,Bahia,29,29027,Brumado,2906,Centro Sul Baiano,2,NE,Nordeste,IBGE_API
2909109,Coribe,BA,Bahia,29,29003,Santa Maria da Vitória,2901,Extremo Oeste Baiano,2,NE,Nordeste,IBGE_API
2909208,Coronel João Sá,BA,Bahia,29,29013,Jeremoabo,2904,Nordeste Baiano,2,NE,Nordeste,IBGE_API
2909307,Correntina,BA,Bahia,29,29003,Santa Maria da Vitória,2901,Extremo Oeste Baiano,2,NE,Nordeste,IBGE_API
2909406,Cotegipe,BA,Bahia,29,29002,Cotegipe,2901,Extremo Oeste Baiano,2,NE,Nordeste,IBGE_API
2909505,Cravolândia,BA,Bahia,29,29024,Jequié,2906,Centro Sul Baiano,2,NE,Nordeste,IBGE_API
2909604,Crisópolis,BA,Bahia,29,29017,Alagoinhas,2904,Nordeste Baiano,2,NE,Nordeste,IBGE_API
2909703,Cristópolis,BA,Bahia,29,29002,Cotegipe,2901,Extremo Oeste Baiano,2,NE,Nordeste,IBGE_API
2909802,Cruz das Almas,BA,Bahia,29,29020,Santo Antônio de Jesus,2905,Metropolitana de Salvador,2,NE,Nordeste,IBGE_API
2909901,Curaçá,BA,Bahia,29,29004,Juazeiro,2902,Vale São-Franciscano da Bahia,2,NE,Nordeste,IBGE_API
2910008,Dário Meira,BA,Bahia,29,29028,Vitória da Conquista,2906,Centro Sul Baiano,2,NE,Nordeste,IBGE_API
2910057,Dias d'Ávila,BA,Bahia,29,29021,Salvador,2905,Metropolitana de Salvador,2,NE,Nordeste,IBGE_API
2910107,Dom Basílio,BA,Bahia,29,29025,Livramento do Brumado,2906,Centro Sul Baiano,2,NE,Nordeste,IBGE_API
2910206,Dom Macedo Costa,BA,Bahia,29,29020,Santo Antônio de Jesus,2905,Metropolitana de Salvador,2,NE,Nordeste,IBGE_API
2910305,Elísio Medrado,BA,Bahia,29,29012,Feira de Santana,2903,Centro Norte Baiano,2,NE,Nordeste,IBGE_API
2910404,Encruzilhada,BA,Bahia,29,29029,Itapetinga,2906,Centro Sul Baiano,2,NE,Nordeste,IBGE_API
2910503,Entre Rios,BA,Bahia,29,29018,Entre Rios,2904,Nordeste Baiano,2,NE,Nordeste,IBGE_API
2910602,Esplanada,BA,Bahia,29,29018,Entre Rios,2904,Nordeste Baiano,2,NE,Nordeste,IBGE_API
2910701,Euclides da Cunha,BA,Bahia,29,29014,Euclides da Cunha,2904,Nordeste Baiano,2,NE,Nordeste,IBGE_API
2910727,Eunápolis,BA,Bahia,29,29032,Porto Seguro,2907,Sul Baiano,2,NE,Nordeste,IBGE_API
2910750,Fátima,BA,Bahia,29,29015,Ribeira do Pombal,2904,Nordeste Baiano,2,NE,Nordeste,IBGE_API
2910776,Feira da Mata,BA,Bahia,29,29007,Bom Jesus da Lapa,2902,Vale São-Franciscano da Bahia,2,NE,Nordeste,IBGE_API
2910800,Feira de Santana,BA,Bahia,29,29012,Feira de Santana,2903,Centro Norte Baiano,2,NE,Nordeste,IBGE_API
2910859,Filadélfia,BA,Bahia,29,29008,Senhor do Bonfim,2903,Centro Norte Baiano,2,NE,Nordeste,IBGE_API
2910909,Firmino Alves,BA,Bahia,29,29031,Ilhéus-Itabuna,2907,Sul Baiano,2,NE,Nordeste,IBGE_API
2911006,Floresta Azul,BA,Bahia,29,29031,Ilhéus-Itabuna,2907,Sul Baiano,2,NE,Nordeste,IBGE_API
2911105,Formosa do Rio Preto,BA,Bahia,29,29001,Barreiras,2901,Extremo Oeste Baiano,2,NE,Nordeste,IBGE_API
2911204,Gandu,BA,Bahia,29,29031,Ilhéus-Itabuna,2907,Sul Baiano,2,NE,Nordeste,IBGE_API
2911253,Gavião,BA,Bahia,29,29016,Serrinha,2904,Nordeste Baiano,2,NE,Nordeste,IBGE_API
2911303,Gentio do Ouro,BA,Bahia,29,29009,Irecê,2903,Centro Norte Baiano,2,NE,Nordeste,IBGE_API
2911402,Glória,BA,Bahia,29,29005,Paulo Afonso,2902,Vale São-Franciscano da Bahia,2,NE,Nordeste,IBGE_API
2911501,Gongogi,BA,Bahia,29,29031,Ilhéus-Itabuna,2907,Sul Baiano,2,NE,Nordeste,IBGE_API
2911600,Governador Mangabeira,BA,Bahia,29,29020,Santo Antônio de Jesus,2905,Metropolitana de Salvador,2,NE,Nordeste,IBGE_API
2911659,Guajeru,BA,Bahia,29,29027,Brumado,2906,Centro Sul Baiano,2,NE,Nordeste,IBGE_API
2911709,Guanambi,BA,Bahia,29,29026,Guanambi,2906,Centro Sul Baiano,2,NE,Nordeste,IBGE_API
2911808,Guaratinga,BA,Bahia,29,29032,Porto Seguro,2907,Sul Baiano,2,NE,Nordeste,IBGE_API
2911857,Heliópolis,BA,Bahia,29,29015,Ribeira do Pombal,2904,Nordeste Baiano,2,NE,Nordeste,IBGE_API
2911907,Iaçu,BA,Bahia,29,29011,Itaberaba,2903,Centro Norte Baiano,2,NE,Nordeste,IBGE_API
2912004,Ibiassucê,BA,Bahia,29,29026,Guanambi,2906,Centro Sul Baiano,2,NE,Nordeste,IBGE_API
2912103,Ibicaraí,BA,Bahia,29,29031,Ilhéus-Itabuna,2907,Sul Baiano,2,NE,Nordeste,IBGE_API
2912202,Ibicoara,BA,Bahia,29,29023,Seabra,2906,Centro Sul Baiano,2,NE,Nordeste,IBGE_API
2912301,Ibicuí,BA,Bahia,29,29028,Vitória da Conquista,2906,Centro Sul Baiano,2,NE,Nordeste,IBGE_API
2912400,Ibipeba,BA,Bahia,29,29009,Irecê,2903,Centro Norte Baiano,2,NE,Nordeste,IBGE_API
2912509,Ibipitanga,BA,Bahia,29,29022,Boquira,2906,Centro Sul Baiano,2,NE,Nordeste,IBGE_API
2912608,Ibiquera,BA,Bahia,29,29011,Itaberaba,2903,Centro Norte Baiano,2,NE,Nordeste,IBGE_API
2912707,Ibirapitanga,BA,Bahia,29,29031,Ilhéus-Itabuna,2907,Sul Baiano,2,NE,Nordeste,IBGE_API
2912806,Ibirapuã,BA,Bahia,29,29032,Porto Seguro,2907,Sul Baiano,2,NE,Nordeste,IBGE_API
2912905,Ibirataia,BA,Bahia,29,29031,Ilhéus-Itabuna,2907,Sul Baiano,2,NE,Nordeste,IBGE_API
2913002,Ibitiara,BA,Bahia,29,29022,Boquira,2906,Centro Sul Baiano,2,NE,Nordeste,IBGE_API
2913101,Ibititá,BA,Bahia,29,29009,Irecê,2903,Centro Norte Baiano,2,NE,Nordeste,IBGE_API
2913200,Ibotirama,BA,Bahia,29,29006,Barra,2902,Vale São-Franciscano da Bahia,2,NE,Nordeste,IBGE_API
2913309,Ichu,BA,Bahia,29,29016,Serrinha,2904,Nordeste Baiano,2,NE,Nordeste,IBGE_API
2913408,Igaporã,BA,Bahia,29,29026,Guanambi,2906,Centro Sul Baiano,2,NE,Nordeste,IBGE_API
2913457,Igrapiúna,BA,Bahia,29,29030,Valença,2907,Sul Baiano,2,NE,Nordeste,IBGE_API
2913507,Iguaí,BA,Bahia,29,29028,Vitória da Conquista,2906,Centro Sul Baiano,2,NE,Nordeste,IBGE_API
2913606,Ilhéus,BA,Bahia,29,29031,Ilhéus-Itabuna,2907,Sul Baiano,2,NE,Nordeste,IBGE_API
2913705,Inhambupe,BA,Bahia,29,29017,Alagoinhas,2904,Nordeste Baiano,2,NE,Nordeste,IBGE_API
2913804,Ipecaetá,BA,Bahia,29,29012,Feira de Santana,2903,Centro Norte Baiano,2,NE,Nordeste,IBGE_API
2913903,Ipiaú,BA,Bahia,29,29031,Ilhéus-Itabuna,2907,Sul Baiano,2,NE,Nordeste,IBGE_API
2914000,Ipirá,BA,Bahia,29,29012,Feira de Santana,2903,Centro Norte Baiano,2,NE,Nordeste,IBGE_API
2914109,Ipupiara,BA,Bahia,29,29022,Boquira,2906,Centro Sul Baiano,2,NE,Nordeste,IBGE_API
2914208,Irajuba,BA,Bahia,29,29024,Jequié,2906,Centro Sul Baiano,2,NE,Nordeste,IBGE_API
2914307,Iramaia,BA,Bahia,29,29024,Jequié,2906,Centro Sul Baiano,2,NE,Nordeste,IBGE_API
2914406,Iraquara,BA,Bahia,29,29009,Irecê,2903,Centro Norte Baiano,2,NE,Nordeste,IBGE_API
2914505,Irará,BA,Bahia,29,29012,Feira de Santana,2903,Centro Norte Baiano,2,NE,Nordeste,IBGE_API
2914604,Irecê,BA,Bahia,29,29009,Irecê,2903,Centro Norte Baiano,2,NE,Nordeste,IBGE_API
2914653,Itabela,BA,Bahia,29,29032,Porto Seguro,2907,Sul Baiano,2,NE,Nordeste,IBGE_API
2914703,Itaberaba,BA,Bahia,29,29011,Itaberaba,2903,Centro Norte Baiano,2,NE,Nordeste,IBGE_API
2914802,Itabuna,BA,Bahia,29,29031,Ilhéus-Itabuna,2907,Sul Baiano,2,NE,Nordeste,IBGE_API
2914901,Itacaré,BA,Bahia,29,29031,Ilhéus-Itabuna,2907,Sul Baiano,2,NE,Nordeste,IBGE_API
2915007,Itaeté,BA,Bahia,29,29023,Seabra,2906,Centro Sul Baiano,2,NE,Nordeste,IBGE_API
2915106,Itagi,BA,Bahia,29,29024,Jequié,2906,Centro Sul Baiano,2,NE,Nordeste,IBGE_API
2915205,Itagibá,BA,Bahia,29,29031,Ilhéus-Itabuna,2907,Sul Baiano,2,NE,Nordeste,IBGE_API
2915304,Itagimirim,BA,Bahia,29,29032,Porto Seguro,2907,Sul Baiano,2,NE,Nordeste,IBGE_API
2915353,Itaguaçu da Bahia,BA,Bahia,29,29006,Barra,2902,Vale São-Franciscano da Bahia,2,NE,Nordeste,IBGE_API
2915403,Itaju do Colônia,BA,Bahia,29,29031,Ilhéus-Itabuna,2907,Sul Baiano,2,NE,Nordeste,IBGE_API
2915502,Itajuípe,BA,Bahia,29,29031,Ilhéus-Itabuna,2907,Sul Baiano,2,NE,Nordeste,IBGE_API
2915601,Itamaraju,BA,Bahia,29,29032,Porto Seguro,2907,Sul Baiano,2,NE,Nordeste,IBGE_API
2915700,Itamari,BA,Bahia,29,29031,Ilhéus-Itabuna,2907,Sul Baiano,2,NE,Nordeste,IBGE_API
2915809,Itambé,BA,Bahia,29,29029,Itapetinga,2906,Centro Sul Baiano,2,NE,Nordeste,IBGE_API
2915908,Itanagra,BA,Bahia,29,29019,Catu,2905,Metropolitana de Salvador,2,NE,Nordeste,IBGE_API
2916005,Itanhém,BA,Bahia,29,29032,Porto Seguro,2907,Sul Baiano,2,NE,Nordeste,IBGE_API
2916104,Itaparica,BA,Bahia,29,29021,Salvador,2905,Metropolitana de Salvador,2,NE,Nordeste,IBGE_API
2916203,Itapé,BA,Bahia,29,29031,Ilhéus-Itabuna,2907,Sul Baiano,2,NE,Nordeste,IBGE_API
2916302,Itapebi,BA,Bahia,29,29031,Ilhéus-Itabuna,2907,Sul Baiano,2,NE,Nordeste,IBGE_API
2916401,Itapetinga,BA,Bahia,29,29029,Itapetinga,2906,Centro Sul Baiano,2,NE,Nordeste,IBGE_API
2916500,Itapicuru,BA,Bahia,29,29015,Ribeira do Pombal,2904,Nordeste Baiano,2,NE,Nordeste,IBGE_API
2916609,Itapitanga,BA,Bahia,29,29031,Ilhéus-Itabuna,2907,Sul Baiano,2,NE,Nordeste,IBGE_API
2916708,Itaquara,BA,Bahia,29,29024,Jequié,2906,Centro Sul Baiano,2,NE,Nordeste,IBGE_API
2916807,Itarantim,BA,Bahia,29,29029,Itapetinga,2906,Centro Sul Baiano,2,NE,Nordeste,IBGE_API
2916856,Itatim,BA,Bahia,29,29012,Feira de Santana,2903,Centro Norte Baiano,2,NE,Nordeste,IBGE_API
2916906,Itiruçu,BA,Bahia,29,29024,Jequié,2906,Centro Sul Baiano,2,NE,Nordeste,IBGE_API
2917003,Itiúba,BA,Bahia,29,29008,Senhor do Bonfim,2903,Centro Norte Baiano,2,NE,Nordeste,IBGE_API
2917102,Itororó,BA,Bahia,29,29029,Itapetinga,2906,Centro Sul Baiano,2,NE,Nordeste,IBGE_API
2917201,Ituaçu,BA,Bahia,29,29027,Brumado,2906,Centro Sul Baiano,2,NE,Nordeste,IBGE_API
2917300,Ituberá,BA,Bahia,29,29030,Valença,2907,Sul Baiano,2,NE,Nordeste,IBGE_API
2917334,Iuiu,BA,Bahia,29,29026,Guanambi,2906,Centro Sul Baiano,2,NE,Nordeste,IBGE_API
2917359,Jaborandi,BA,Bahia,29,29003,Santa Maria da Vitória,2901,Extremo Oeste Baiano,2,NE,Nordeste,IBGE_API
2917409,Jacaraci,BA,Bahia,29,29026,Guanambi,2906,Centro Sul Baiano,2,NE,Nordeste,IBGE_API
2917508,Jacobina,BA,Bahia,29,29010,Jacobina,2903,Centro Norte Baiano,2,NE,Nordeste,IBGE_API
2917607,Jaguaquara,BA,Bahia,29,29024,Jequié,2906,Centro Sul Baiano,2,NE,Nordeste,IBGE_API
2917706,Jaguarari,BA,Bahia,29,29008,Senhor do Bonfim,2903,Centro Norte Baiano,2,NE,Nordeste,IBGE_API
2917805,Jaguaripe,BA,Bahia,29,29020,Santo Antônio de Jesus,2905,Metropolitana de Salvador,2,NE,Nordeste,IBGE_API
2917904,Jandaíra,BA,Bahia,29,29018,Entre Rios,2904,Nordeste Baiano,2,NE,Nordeste,IBGE_API
2918001,Jequié,BA,Bahia,29,29024,Jequié,2906,Centro Sul Baiano,2,NE,Nordeste,IBGE_API
2918100,Jeremoabo,BA,Bahia,29,29013,Jeremoabo,2904,Nordeste Baiano,2,NE,Nordeste,IBGE_API
2918209,Jiquiriçá,BA,Bahia,29,29024,Jequié,2906,Centro Sul Baiano,2,NE,Nordeste,IBGE_API
2918308,Jitaúna,BA,Bahia,29,29024,Jequié,2906,Centro Sul Baiano,2,NE,Nordeste,IBGE_API
2918357,João Dourado,BA,Bahia,29,29009,Irecê,2903,Centro Norte Baiano,2,NE,Nordeste,IBGE_API
2918407,Juazeiro,BA,Bahia,29,29004,Juazeiro,2902,Vale São-Franciscano da Bahia,2,NE,Nordeste,IBGE_API
2918456,Jucuruçu,BA,Bahia,29,29032,Porto Seguro,2907,Sul Baiano,2,NE,Nordeste,IBGE_API
2918506,Jussara,BA,Bahia,29,29009,Irecê,2903,Centro Norte Baiano,2,NE,Nordeste,IBGE_API
2918555,Jussari,BA,Bahia,29,29031,Ilhéus-Itabuna,2907,Sul Baiano,2,NE,Nordeste,IBGE_API
2918605,Jussiape,BA,Bahia,29,29023,Seabra,2906,Centro Sul Baiano,2,NE,Nordeste,IBGE_API
2918704,Lafaiete Coutinho,BA,Bahia,29,29024,Jequié,2906,Centro Sul Baiano,2,NE,Nordeste,IBGE_API
2918753,Lagoa Real,BA,Bahia,29,29026,Guanambi,2906,Centro Sul Baiano,2,NE,Nordeste,IBGE_API
2918803,Laje,BA,Bahia,29,29024,Jequié,2906,Centro Sul Baiano,2,NE,Nordeste,IBGE_API
2918902,Lajedão,BA,Bahia,29,29032,Porto Seguro,2907,Sul Baiano,2,NE,Nordeste,IBGE_API
2919009,Lajedinho,BA,Bahia,29,29011,Itaberaba,2903,Centro Norte Baiano,2,NE,Nordeste,IBGE_API
2919058,Lajedo do Tabocal,BA,Bahia,29,29024,Jequié,2906,Centro Sul Baiano,2,NE,Nordeste,IBGE_API
2919108,Lamarão,BA,Bahia,29,29016,Serrinha,2904,Nordeste Baiano,2,NE,Nordeste,IBGE_API
2919157,Lapão,BA,Bahia,29,29009,Irecê,2903,Centro Norte Baiano,2,NE,Nordeste,IBGE_API
2919207,Lauro de Freitas,BA,Bahia,29,29021,Salvador,2905,Metropolitana de Salvador,2,NE,Nordeste,IBGE_API
2919306,Lençóis,BA,Bahia,29,29023,Seabra,2906,Centro Sul Baiano,2,NE,Nordeste,IBGE_API
2919405,Licínio de Almeida,BA,Bahia,29,29026,Guanambi,2906,Centro Sul Baiano,2,NE,Nordeste,IBGE_API
2919504,Livramento de Nossa Senhora,BA,Bahia,29,29025,Livramento do Brumado,2906,Centro Sul Baiano,2,NE,Nordeste,IBGE_API
2919553,Luís Eduardo Magalhães,BA,Bahia,29,29001,Barreiras,2901,Extremo Oeste Baiano,2,NE,Nordeste,IBGE_API
2919603,Macajuba,BA,Bahia,29,29011,Itaberaba,2903,Centro Norte Baiano,2,NE,Nordeste,IBGE_API
2919702,Macarani,BA,Bahia,29,29029,Itapetinga,2906,Centro Sul Baiano,2,NE,Nordeste,IBGE_API
2919801,Macaúbas,BA,Bahia,29,29022,Boquira,2906,Centro Sul Baiano,2,NE,Nordeste,IBGE_API
2919900,Macururé,BA,Bahia,29,29005,Paulo Afonso,2902,Vale São-Franciscano da Bahia,2,NE,Nordeste,IBGE_API
2919926,Madre de Deus,BA,Bahia,29,29021,Salvador,2905,Metropolitana de Salvador,2,NE,Nordeste,IBGE_API
2919959,Maetinga,BA,Bahia,29,29027,Brumado,2906,Centro Sul Baiano,2,NE,Nordeste,IBGE_API
2920007,Maiquinique,BA,Bahia,29,29029,Itapetinga,2906,Centro Sul Baiano,2,NE,Nordeste,IBGE_API
2920106,Mairi,BA,Bahia,29,29011,Itaberaba,2903,Centro Norte Baiano,2,NE,Nordeste,IBGE_API
2920205,Malhada,BA,Bahia,29,29026,Guanambi,2906,Centro Sul Baiano,2,NE,Nordeste,IBGE_API
2920304,Malhada de Pedras,BA,Bahia,29,29027,Brumado,2906,Centro Sul Baiano,2,NE,Nordeste,IBGE_API
2920403,Manoel Vitorino,BA,Bahia,29,29028,Vitória da Conquista,2906,Centro Sul Baiano,2,NE,Nordeste,IBGE_API
2920452,Mansidão,BA,Bahia,29,29002,Cotegipe,2901,Extremo Oeste Baiano,2,NE,Nordeste,IBGE_API
2920502,Maracás,BA,Bahia,29,29024,Jequié,2906,Centro Sul Baiano,2,NE,Nordeste,IBGE_API
2920601,Maragogipe,BA,Bahia,29,29020,Santo Antônio de Jesus,2905,Metropolitana de Salvador,2,NE,Nordeste,IBGE_API
2920700,Maraú,BA,Bahia,29,29030,Valença,2907,Sul Baiano,2,NE,Nordeste,IBGE_API
2920809,Marcionílio Souza,BA,Bahia,29,29024,Jequié,2906,Centro Sul Baiano,2,NE,Nordeste,IBGE_API
2920908,Mascote,BA,Bahia,29,29031,Ilhéus-Itabuna,2907,Sul Baiano,2,NE,Nordeste,IBGE_API
2921005,Mata de São João,BA,Bahia,29,29019,Catu,2905,Metropolitana de Salvador,2,NE,Nordeste,IBGE_API
2921054,Matina,BA,Bahia,29,29026,Guanambi,2906,Centro Sul Baiano,2,NE,Nordeste,IBGE_API
2921104,Medeiros Neto,BA,Bahia,29,29032,Porto Seguro,2907,Sul Baiano,2,NE,Nordeste,IBGE_API
2921203,Miguel Calmon,BA,Bahia,29,29010,Jacobina,2903,Centro Norte Baiano,2,NE,Nordeste,IBGE_API
2921302,Milagres,BA,Bahia,29,29024,Jequié,2906,Centro Sul Baiano,2,NE,Nordeste,IBGE_API
2921401,Mirangaba,BA,Bahia,29,29010,Jacobina,2903,Centro Norte Baiano,2,NE,Nordeste,IBGE_API
2921450,Mirante,BA,Bahia,29,29028,Vitória da Conquista,2906,Centro Sul Baiano,2,NE,Nordeste,IBGE_API
2921500,Monte Santo,BA,Bahia,29,29014,Euclides da Cunha,2904,Nordeste Baiano,2,NE,Nordeste,IBGE_API
2921609,Morpará,BA,Bahia,29,29006,Barra,2902,Vale São-Franciscano da Bahia,2,NE,Nordeste,IBGE_API
2921708,Morro do Chapéu,BA,Bahia,29,29010,Jacobina,2903,Centro Norte Baiano,2,NE,Nordeste,IBGE_API
2921807,Mortugaba,BA,Bahia,29,29026,Guanambi,2906,Centro Sul Baiano,2,NE,Nordeste,IBGE_API
2921906,Mucugê,BA,Bahia,29,29023,Seabra,2906,Centro Sul Baiano,2,NE,Nordeste,IBGE_API
2922003,Mucuri,BA,Bahia,29,29032,Porto Seguro,2907,Sul Baiano,2,NE,Nordeste,IBGE_API
2922052,Mulungu do Morro,BA,Bahia,29,29009,Irecê,2903,Centro Norte Baiano,2,NE,Nordeste,IBGE_API
2922102,Mundo Novo,BA,Bahia,29,29011,Itaberaba,2903,Centro Norte Baiano,2,NE,Nordeste,IBGE_API
2922201,Muniz Ferreira,BA,Bahia,29,29020,Santo Antônio de Jesus,2905,Metropolitana de Salvador,2,NE,Nordeste,IBGE_API
2922250,Muquém do São Francisco,BA,Bahia,29,29006,Barra,2902,Vale São-Franciscano da Bahia,2,NE,Nordeste,IBGE_API
2922300,Muritiba,BA,Bahia,29,29020,Santo Antônio de Jesus,2905,Metropolitana de Salvador,2,NE,Nordeste,IBGE_API
2922409,Mutuípe,BA,Bahia,29,29024,Jequié,2906,Centro Sul Baiano,2,NE,Nordeste,IBGE_API
2922508,Nazaré,BA,Bahia,29,29020,Santo Antônio de Jesus,2905,Metropolitana de Salvador,2,NE,Nordeste,IBGE_API
2922607,Nilo Peçanha,BA,Bahia,29,29030,Valença,2907,Sul Baiano,2,NE,Nordeste,IBGE_API
2922656,Nordestina,BA,Bahia,29,29014,Euclides da Cunha,2904,Nordeste Baiano,2,NE,Nordeste,IBGE_API
2922706,Nova Canaã,BA,Bahia,29,29028,Vitória da Conquista,2906,Centro Sul Baiano,2,NE,Nordeste,IBGE_API
2922730,Nova Fátima,BA,Bahia,29,29016,Serrinha,2904,Nordeste Baiano,2,NE,Nordeste,IBGE_API
2922755,Nova Ibiá,BA,Bahia,29,29031,Ilhéus-Itabuna,2907,Sul Baiano,2,NE,Nordeste,IBGE_API
2922805,Nova Itarana,BA,Bahia,29,29024,Jequié,2906,Centro Sul Baiano,2,NE,Nordeste,IBGE_API
2922854,Nova Redenção,BA,Bahia,29,29023,Seabra,2906,Centro Sul Baiano,2,NE,Nordeste,IBGE_API
2922904,Nova Soure,BA,Bahia,29,29015,Ribeira do Pombal,2904,Nordeste Baiano,2,NE,Nordeste,IBGE_API
2923001,Nova Viçosa,BA,Bahia,29,29032,Porto Seguro,2907,Sul Baiano,2,NE,Nordeste,IBGE_API
2923035,Novo Horizonte,BA,Bahia,29,29022,Boquira,2906,Centro Sul Baiano,2,NE,Nordeste,IBGE_API
2923050,Novo Triunfo,BA,Bahia,29,29015,Ribeira do Pombal,2904,Nordeste Baiano,2,NE,Nordeste,IBGE_API
2923100,Olindina,BA,Bahia,29,29015,Ribeira do Pombal,2904,Nordeste Baiano,2,NE,Nordeste,IBGE_API
2923209,Oliveira dos Brejinhos,BA,Bahia,29,29022,Boquira,2906,Centro Sul Baiano,2,NE,Nordeste,IBGE_API
2923308,Ouriçangas,BA,Bahia,29,29012,Feira de Santana,2903,Centro Norte Baiano,2,NE,Nordeste,IBGE_API
2923357,Ourolândia,BA,Bahia,29,29010,Jacobina,2903,Centro Norte Baiano,2,NE,Nordeste,IBGE_API
2923407,Palmas de Monte Alto,BA,Bahia,29,29026,Guanambi,2906,Centro Sul Baiano,2,NE,Nordeste,IBGE_API
2923506,Palmeiras,BA,Bahia,29,29023,Seabra,2906,Centro Sul Baiano,2,NE,Nordeste,IBGE_API
2923605,Paramirim,BA,Bahia,29,29025,Livramento do Brumado,2906,Centro Sul Baiano,2,NE,Nordeste,IBGE_API
2923704,Paratinga,BA,Bahia,29,29007,Bom Jesus da Lapa,2902,Vale São-Franciscano da Bahia,2,NE,Nordeste,IBGE_API
2923803,Paripiranga,BA,Bahia,29,29015,Ribeira do Pombal,2904,Nordeste Baiano,2,NE,Nordeste,IBGE_API
2923902,Pau Brasil,BA,Bahia,29,29031,Ilhéus-Itabuna,2907,Sul Baiano,2,NE,Nordeste,IBGE_API
2924009,Paulo Afonso,BA,Bahia,29,29005,Paulo Afonso,2902,Vale São-Franciscano da Bahia,2,NE,Nordeste,IBGE_API
2924058,Pé de Serra,BA,Bahia,29,29016,Serrinha,2904,Nordeste Baiano,2,NE,Nordeste,IBGE_API
2924108,Pedrão,BA,Bahia,29,29012,Feira de Santana,2903,Centro Norte Baiano,2,NE,Nordeste,IBGE_API
2924207,Pedro Alexandre,BA,Bahia,29,29013,Jeremoabo,2904,Nordeste Baiano,2,NE,Nordeste,IBGE_API
2924306,Piatã,BA,Bahia,29,29023,Seabra,2906,Centro Sul Baiano,2,NE,Nordeste,IBGE_API
2924405,Pilão Arcado,BA,Bahia,29,29004,Juazeiro,2902,Vale São-Franciscano da Bahia,2,NE,Nordeste,IBGE_API
2924504,Pindaí,BA,Bahia,29,29026,Guanambi,2906,Centro Sul Baiano,2,NE,Nordeste,IBGE_API
2924603,Pindobaçu,BA,Bahia,29,29008,Senhor do Bonfim,2903,Centro Norte Baiano,2,NE,Nordeste,IBGE_API
2924652,Pintadas,BA,Bahia,29,29012,Feira de Santana,2903,Centro Norte Baiano,2,NE,Nordeste,IBGE_API
2924678,Piraí do Norte,BA,Bahia,29,29030,Valença,2907,Sul Baiano,2,NE,Nordeste,IBGE_API
2924702,Piripá,BA,Bahia,29,29027,Brumado,2906,Centro Sul Baiano,2,NE,Nordeste,IBGE_API
2924801,Piritiba,BA,Bahia,29,29010,Jacobina,2903,Centro Norte Baiano,2,NE,Nordeste,IBGE_API
2924900,Planaltino,BA,Bahia,29,29024,Jequié,2906,Centro Sul Baiano,2,NE,Nordeste,IBGE_API
2925006,Planalto,BA,Bahia,29,29028,Vitória da Conquista,2906,Centro Sul Baiano,2,NE,Nordeste,IBGE_API
2925105,Poções,BA,Bahia,29,29028,Vitória da Conquista,2906,Centro Sul Baiano,2,NE,Nordeste,IBGE_API
2925204,Pojuca,BA,Bahia,29,29019,Catu,2905,Metropolitana de Salvador,2,NE,Nordeste,IBGE_API
2925253,Ponto Novo,BA,Bahia,29,29010,Jacobina,2903,Centro Norte Baiano,2,NE,Nordeste,IBGE_API
2925303,Porto Seguro,BA,Bahia,29,29032,Porto Seguro,2907,Sul Baiano,2,NE,Nordeste,IBGE_API
2925402,Potiraguá,BA,Bahia,29,29029,Itapetinga,2906,Centro Sul Baiano,2,NE,Nordeste,IBGE_API
2925501,Prado,BA,Bahia,29,29032,Porto Seguro,2907,Sul Baiano,2,NE,Nordeste,IBGE_API
2925600,Presidente Dutra,BA,Bahia,29,29009,Irecê,2903,Centro Norte Baiano,2,NE,Nordeste,IBGE_API
2925709,Presidente Jânio Quadros,BA,Bahia,29,29027,Brumado,2906,Centro Sul Baiano,2,NE,Nordeste,IBGE_API
2925758,Presidente Tancredo Neves,BA,Bahia,29,29030,Valença,2907,Sul Baiano,2,NE,Nordeste,IBGE_API
2925808,Queimadas,BA,Bahia,29,29014,Euclides da Cunha,2904,Nordeste Baiano,2,NE,Nordeste,IBGE_API
2925907,Quijingue,BA,Bahia,29,29014,Euclides da Cunha,2904,Nordeste Baiano,2,NE,Nordeste,IBGE_API
2925931,Quixabeira,BA,Bahia,29,29010,Jacobina,2903,Centro Norte Baiano,2,NE,Nordeste,IBGE_API
2925956,Rafael Jambeiro,BA,Bahia,29,29012,Feira de Santana,2903,Centro Norte Baiano,2,NE,Nordeste,IBGE_API
2926004,Remanso,BA,Bahia,29,29004,Juazeiro,2902,Vale São-Franciscano da Bahia,2,NE,Nordeste,IBGE_API
2926103,Retirolândia,BA,Bahia,29,29016,Serrinha,2904,Nordeste Baiano,2,NE,Nordeste,IBGE_API
2926202,Riachão das Neves,BA,Bahia,29,29001,Barreiras,2901,Extremo Oeste Baiano,2,NE,Nordeste,IBGE_API
2926301,Riachão do Jacuípe,BA,Bahia,29,29016,Serrinha,2904,Nordeste Baiano,2,NE,Nordeste,IBGE_API
2926400,Riacho de Santana,BA,Bahia,29,29026,Guanambi,2906,Centro Sul Baiano,2,NE,Nordeste,IBGE_API
2926509,Ribeira do Amparo,BA,Bahia,29,29015,Ribeira do Pombal,2904,Nordeste Baiano,2,NE,Nordeste,IBGE_API
2926608,Ribeira do Pombal,BA,Bahia,29,29015,Ribeira do Pombal,2904,Nordeste Baiano,2,NE,Nordeste,IBGE_API
2926657,Ribeirão do Largo,BA,Bahia,29,29029,Itapetinga,2906,Centro Sul Baiano,2,NE,Nordeste,IBGE_API
2926707,Rio de Contas,BA,Bahia,29,29023,Seabra,2906,Centro Sul Baiano,2,NE,Nordeste,IBGE_API
2926806,Rio do Antônio,BA,Bahia,29,29027,Brumado,2906,Centro Sul Baiano,2,NE,Nordeste,IBGE_API
2926905,Rio do Pires,BA,Bahia,29,29025,Livramento do Brumado,2906,Centro Sul Baiano,2,NE,Nordeste,IBGE_API
2927002,Rio Real,BA,Bahia,29,29017,Alagoinhas,2904,Nordeste Baiano,2,NE,Nordeste,IBGE_API
2927101,Rodelas,BA,Bahia,29,29005,Paulo Afonso,2902,Vale São-Franciscano da Bahia,2,NE,Nordeste,IBGE_API
2927200,Ruy Barbosa,BA,Bahia,29,29011,Itaberaba,2903,Centro Norte Baiano,2,NE,Nordeste,IBGE_API
2927309,Salinas da Margarida,BA,Bahia,29,29020,Santo Antônio de Jesus,2905,Metropolitana de Salvador,2,NE,Nordeste,IBGE_API
2927408,Salvador,BA,Bahia,29,29021,Salvador,2905,Metropolitana de Salvador,2,NE,Nordeste,IBGE_API
2927507,Santa Bárbara,BA,Bahia,29,29012,Feira de Santana,2903,Centro Norte Baiano,2,NE,Nordeste,IBGE_API
2927606,Santa Brígida,BA,Bahia,29,29013,Jeremoabo,2904,Nordeste Baiano,2,NE,Nordeste,IBGE_API
2927705,Santa Cruz Cabrália,BA,Bahia,29,29032,Porto Seguro,2907,Sul Baiano,2,NE,Nordeste,IBGE_API
2927804,Santa Cruz da Vitória,BA,Bahia,29,29031,Ilhéus-Itabuna,2907,Sul Baiano,2,NE,Nordeste,IBGE_API
2927903,Santa Inês,BA,Bahia,29,29024,Jequié,2906,Centro Sul Baiano,2,NE,Nordeste,IBGE_API
2928000,Santaluz,BA,Bahia,29,29016,Serrinha,2904,Nordeste Baiano,2,NE,Nordeste,IBGE_API
2928059,Santa Luzia,BA,Bahia,29,29031,Ilhéus-Itabuna,2907,Sul Baiano,2,NE,Nordeste,IBGE_API
2928109,Santa Maria da Vitória,BA,Bahia,29,29003,Santa Maria da Vitória,2901,Extremo Oeste Baiano,2,NE,Nordeste,IBGE_API
2928208,Santana,BA,Bahia,29,29003,Santa Maria da Vitória,2901,Extremo Oeste Baiano,2,NE,Nordeste,IBGE_API
2928307,Santanópolis,BA,Bahia,29,29012,Feira de Santana,2903,Centro Norte Baiano,2,NE,Nordeste,IBGE_API
2928406,Santa Rita de Cássia,BA,Bahia,29,29002,Cotegipe,2901,Extremo Oeste Baiano,2,NE,Nordeste,IBGE_API
2928505,Santa Terezinha,BA,Bahia,29,29012,Feira de Santana,2903,Centro Norte Baiano,2,NE,Nordeste,IBGE_API
2928604,Santo Amaro,BA,Bahia,29,29020,Santo Antônio de Jesus,2905,Metropolitana de Salvador,2,NE,Nordeste,IBGE_API
2928703,Santo Antônio de Jesus,BA,Bahia,29,29020,Santo Antônio de Jesus,2905,Metropolitana de Salvador,2,NE,Nordeste,IBGE_API
2928802,Santo Estêvão,BA,Bahia,29,29012,Feira de Santana,2903,Centro Norte Baiano,2,NE,Nordeste,IBGE_API
2928901,São Desidério,BA,Bahia,29,29001,Barreiras,2901,Extremo Oeste Baiano,2,NE,Nordeste,IBGE_API
2928950,São Domingos,BA,Bahia,29,29016,Serrinha,2904,Nordeste Baiano,2,NE,Nordeste,IBGE_API
2929008,São Félix,BA,Bahia,29,29020,Santo Antônio de Jesus,2905,Metropolitana de Salvador,2,NE,Nordeste,IBGE_API
2929057,São Félix do Coribe,BA,Bahia,29,29003,Santa Maria da Vitória,2901,Extremo Oeste Baiano,2,NE,Nordeste,IBGE_API
2929107,São Felipe,BA,Bahia,29,29020,Santo Antônio de Jesus,2905,Metropolitana de Salvador,2,NE,Nordeste,IBGE_API
2929206,São Francisco do Conde,BA,Bahia,29,29021,Salvador,2905,Metropolitana de Salvador,2,NE,Nordeste,IBGE_API
2929255,São Gabriel,BA,Bahia,29,29009,Irecê,2903,Centro Norte Baiano,2,NE,Nordeste,IBGE_API
2929305,São Gonçalo dos Campos,BA,Bahia,29,29012,Feira de Santana,2903,Centro Norte Baiano,2,NE,Nordeste,IBGE_API
2929354,São José da Vitória,BA,Bahia,29,29031,Ilhéus-Itabuna,2907,Sul Baiano,2,NE,Nordeste,IBGE_API
2929370,São José do Jacuípe,BA,Bahia,29,29010,Jacobina,2903,Centro Norte Baiano,2,NE,Nordeste,IBGE_API
2929404,São Miguel das Matas,BA,Bahia,29,29024,Jequié,2906,Centro Sul Baiano,2,NE,Nordeste,IBGE_API
2929503,São Sebastião do Passé,BA,Bahia,29,29019,Catu,2905,Metropolitana de Salvador,2,NE,Nordeste,IBGE_API
2929602,Sapeaçu,BA,Bahia,29,29020,Santo Antônio de Jesus,2905,Metropolitana de Salvador,2,NE,Nordeste,IBGE_API
2929701,Sátiro Dias,BA,Bahia,29,29017,Alagoinhas,2904,Nordeste Baiano,2,NE,Nordeste,IBGE_API
2929750,Saubara,BA,Bahia,29,29020,Santo Antônio de Jesus,2905,Metropolitana de Salvador,2,NE,Nordeste,IBGE_API
2929800,Saúde,BA,Bahia,29,29010,Jacobina,2903,Centro Norte Baiano,2,NE,Nordeste,IBGE_API
2929909,Seabra,BA,Bahia,29,29023,Seabra,2906,Centro Sul Baiano,2,NE,Nordeste,IBGE_API
2930006,Sebastião Laranjeiras,BA,Bahia,29,29026,Guanambi,2906,Centro Sul Baiano,2,NE,Nordeste,IBGE_API
2930105,Senhor do Bonfim,BA,Bahia,29,29008,Senhor do Bonfim,2903,Centro Norte Baiano,2,NE,Nordeste,IBGE_API
2930154,Serra do Ramalho,BA,Bahia,29,29007,Bom Jesus da Lapa,2902,Vale São-Franciscano da Bahia,2,NE,Nordeste,IBGE_API
2930204,Sento Sé,BA,Bahia,29,29004,Juazeiro,2902,Vale São-Franciscano da Bahia,2,NE,Nordeste,IBGE_API
2930303,Serra Dourada,BA,Bahia,29,29003,Santa Maria da Vitória,2901,Extremo Oeste Baiano,2,NE,Nordeste,IBGE_API
2930402,Serra Preta,BA,Bahia,29,29012,Feira de Santana,2903,Centro Norte Baiano,2,NE,Nordeste,IBGE_API
2930501,Serrinha,BA,Bahia,29,29016,Serrinha,2904,Nordeste Baiano,2,NE,Nordeste,IBGE_API
2930600,Serrolândia,BA,Bahia,29,29010,Jacobina,2903,Centro Norte Baiano,2,NE,Nordeste,IBGE_API
2930709,Simões Filho,BA,Bahia,29,29021,Salvador,2905,Metropolitana de Salvador,2,NE,Nordeste,IBGE_API
2930758,Sítio do Mato,BA,Bahia,29,29007,Bom Jesus da Lapa,2902,Vale São-Franciscano da Bahia,2,NE,Nordeste,IBGE_API
2930766,Sítio do Quinto,BA,Bahia,29,29013,Jeremoabo,2904,Nordeste Baiano,2,NE,Nordeste,IBGE_API
2930774,Sobradinho,BA,Bahia,29,29004,Juazeiro,2902,Vale São-Franciscano da Bahia,2,NE,Nordeste,IBGE_API
2930808,Souto Soares,BA,Bahia,29,29009,Irecê,2903,Centro Norte Baiano,2,NE,Nordeste,IBGE_API
2930907,Tabocas do Brejo Velho,BA,Bahia,29,29002,Cotegipe,2901,Extremo Oeste Baiano,2,NE,Nordeste,IBGE_API
2931004,Tanhaçu,BA,Bahia,29,29027,Brumado,2906,Centro Sul Baiano,2,NE,Nordeste,IBGE_API
2931053,Tanque Novo,BA,Bahia,29,29022,Boquira,2906,Centro Sul Baiano,2,NE,Nordeste,IBGE_API
2931103,Tanquinho,BA,Bahia,29,29012,Feira de Santana,2903,Centro Norte Baiano,2,NE,Nordeste,IBGE_API
2931202,Taperoá,BA,Bahia,29,29030,Valença,2907,Sul Baiano,2,NE,Nordeste,IBGE_API
2931301,Tapiramutá,BA,Bahia,29,29011,Itaberaba,2903,Centro Norte Baiano,2,NE,Nordeste,IBGE_API
2931350,Teixeira de Freitas,BA,Bahia,29,29032,Porto Seguro,2907,Sul Baiano,2,NE,Nordeste,IBGE_API
2931400,Teodoro Sampaio,BA,Bahia,29,29012,Feira de Santana,2903,Centro Norte Baiano,2,NE,Nordeste,IBGE_API
2931509,Teofilândia,BA,Bahia,29,29016,Serrinha,2904,Nordeste Baiano,2,NE,Nordeste,IBGE_API
2931608,Teolândia,BA,Bahia,29,29031,Ilhéus-Itabuna,2907,Sul Baiano,2,NE,Nordeste,IBGE_API
2931707,Terra Nova,BA,Bahia,29,29019,Catu,2905,Metropolitana de Salvador,2,NE,Nordeste,IBGE_API
2931806,Tremedal,BA,Bahia,29,29027,Brumado,2906,Centro Sul Baiano,2,NE,Nordeste,IBGE_API
2931905,Tucano,BA,Bahia,29,29014,Euclides da Cunha,2904,Nordeste Baiano,2,NE,Nordeste,IBGE_API
2932002,Uauá,BA,Bahia,29,29014,Euclides da Cunha,2904,Nordeste Baiano,2,NE,Nordeste,IBGE_API
2932101,Ubaíra,BA,Bahia,29,29024,Jequié,2906,Centro Sul Baiano,2,NE,Nordeste,IBGE_API
2932200,Ubaitaba,BA,Bahia,29,29031,Ilhéus-Itabuna,2907,Sul Baiano,2,NE,Nordeste,IBGE_API
2932309,Ubatã,BA,Bahia,29,29031,Ilhéus-Itabuna,2907,Sul Baiano,2,NE,Nordeste,IBGE_API
2932408,Uibaí,BA,Bahia,29,29009,Irecê,2903,Centro Norte Baiano,2,NE,Nordeste,IBGE_API
2932457,Umburanas,BA,Bahia,29,29008,Senhor do Bonfim,2903,Centro Norte Baiano,2,NE,Nordeste,IBGE_API
2932507,Una,BA,Bahia,29,29031,Ilhéus-Itabuna,2907,Sul Baiano,2,NE,Nordeste,IBGE_API
2932606,Urandi,BA,Bahia,29,29026,Guanambi,2906,Centro Sul Baiano,2,NE,Nordeste,IBGE_API
2932705,Uruçuca,BA,Bahia,29,29031,Ilhéus-Itabuna,2907,Sul Baiano,2,NE,Nordeste,IBGE_API
2932804,Utinga,BA,Bahia,29,29023,Seabra,2906,Centro Sul Baiano,2,NE,Nordeste,IBGE_API
2932903,Valença,BA,Bahia,29,29030,Valença,2907,Sul Baiano,2,NE,Nordeste,IBGE_API
2933000,Valente,BA,Bahia,29,29016,Serrinha,2904,Nordeste Baiano,2,NE,Nordeste,IBGE_API
2933059,Várzea da Roça,BA,Bahia,29,29011,Itaberaba,2903,Centro Norte Baiano,2,NE,Nordeste,IBGE_API
2933109,Várzea do Poço,BA,Bahia,29,29010,Jacobina,2903,Centro Norte Baiano,2,NE,Nordeste,IBGE_API
2933158,Várzea Nova,BA,Bahia,29,29010,Jacobina,2903,Centro Norte Baiano,2,NE,Nordeste,IBGE_API
2933174,Varzedo,BA,Bahia,29,29020,Santo Antônio de Jesus,2905,Metropolitana de Salvador,2,NE,Nordeste,IBGE_API
2933208,Vera Cruz,BA,Bahia,29,29021,Salvador,2905,Metropolitana de Salvador,2,NE,Nordeste,IBGE_API
2933257,Vereda,BA,Bahia,29,29032,Porto Seguro,2907,Sul Baiano,2,NE,Nordeste,IBGE_API
2933307,Vitória da Conquista,BA,Bahia,29,29028,Vitória da Conquista,2906,Centro Sul Baiano,2,NE,Nordeste,IBGE_API
2933406,Wagner,BA,Bahia,29,29023,Seabra,2906,Centro Sul Baiano,2,NE,Nordeste,IBGE_API
2933455,Wanderley,BA,Bahia,29,29002,Cotegipe,2901,Extremo Oeste Baiano,2,NE,Nordeste,IBGE_API
2933505,Wenceslau Guimarães,BA,Bahia,29,29031,Ilhéus-Itabuna,2907,Sul Baiano,2,NE,Nordeste,IBGE_API
2933604,Xique-Xique,BA,Bahia,29,29006,Barra,2902,Vale São-Franciscano da Bahia,2,NE,Nordeste,IBGE_API
3100104,Abadia dos Dourados,MG,Minas Gerais,31,31019,Patrocínio,3105,Triângulo Mineiro/Alto Paranaíba,3,SE,Sudeste,IBGE_API
3100203,Abaeté,MG,Minas Gerais,31,31024,Três Marias,3106,Central Mineira,3,SE,Sudeste,IBGE_API
3100302,Abre Campo,MG,Minas Gerais,31,31061,Manhuaçu,3112,Zona da Mata,3,SE,Sudeste,IBGE_API
3100401,Acaiaca,MG,Minas Gerais,31,31060,Ponte Nova,3112,Zona da Mata,3,SE,Sudeste,IBGE_API
3100500,Açucena,MG,Minas Gerais,31,31039,Ipatinga,3108,Vale do Rio Doce,3,SE,Sudeste,IBGE_API
3100609,Água Boa,MG,Minas Gerais,31,31036,Peçanha,3108,Vale do Rio Doce,3,SE,Sudeste,IBGE_API
3100708,Água Comprida,MG,Minas Gerais,31,31022,Uberaba,3105,Triângulo Mineiro/Alto Paranaíba,3,SE,Sudeste,IBGE_API
3100807,Aguanil,MG,Minas Gerais,31,31045,Campo Belo,3109,Oeste de Minas,3,SE,Sudeste,IBGE_API
3100906,Águas Formosas,MG,Minas Gerais,31,31016,Nanuque,3104,Vale do Mucuri,3,SE,Sudeste,IBGE_API
3101003,Águas Vermelhas,MG,Minas Gerais,31,31005,Salinas,3102,Norte de Minas,3,SE,Sudeste,IBGE_API
3101102,Aimorés,MG,Minas Gerais,31,31041,Aimorés,3108,Vale do Rio Doce,3,SE,Sudeste,IBGE_API
3101201,Aiuruoca,MG,Minas Gerais,31,31055,Andrelândia,3110,Sul/Sudoeste de Minas,3,SE,Sudeste,IBGE_API
3101300,Alagoa,MG,Minas Gerais,31,31054,São Lourenço,3110,Sul/Sudoeste de Minas,3,SE,Sudeste,IBGE_API
3101409,Albertina,MG,Minas Gerais,31,31051,Poços de Caldas,3110,Sul/Sudoeste de Minas,3,SE,Sudeste,IBGE_API
3101508,Além Paraíba,MG,Minas Gerais,31,31066,Cataguases,3112,Zona da Mata,3,SE,Sudeste,IBGE_API
3101607,Alfenas,MG,Minas Gerais,31,31049,Alfenas,3110,Sul/Sudoeste de Minas,3,SE,Sudeste,IBGE_API
3101631,Alfredo Vasconcelos,MG,Minas Gerais,31,31059,Barbacena,3111,Campo das Vertentes,3,SE,Sudeste,IBGE_API
3101706,Almenara,MG,Minas Gerais,31,31014,Almenara,3103,Jequitinhonha,3,SE,Sudeste,IBGE_API
3101805,Alpercata,MG,Minas Gerais,31,31037,Governador Valadares,3108,Vale do Rio Doce,3,SE,Sudeste,IBGE_API
3101904,Alpinópolis,MG,Minas Gerais,31,31047,Passos,3110,Sul/Sudoeste de Minas,3,SE,Sudeste,IBGE_API
3102001,Alterosa,MG,Minas Gerais,31,31049,Alfenas,3110,Sul/Sudoeste de Minas,3,SE,Sudeste,IBGE_API
3102050,Alto Caparaó,MG,Minas Gerais,31,31061,Manhuaçu,3112,Zona da Mata,3,SE,Sudeste,IBGE_API
3102100,Alto Rio Doce,MG,Minas Gerais,31,31062,Viçosa,3112,Zona da Mata,3,SE,Sudeste,IBGE_API
3102209,Alvarenga,MG,Minas Gerais,31,31041,Aimorés,3108,Vale do Rio Doce,3,SE,Sudeste,IBGE_API
3102308,Alvinópolis,MG,Minas Gerais,31,31031,Itabira,3107,Metropolitana de Belo Horizonte,3,SE,Sudeste,IBGE_API
3102407,Alvorada de Minas,MG,Minas Gerais,31,31028,Conceição do Mato Dentro,3107,Metropolitana de Belo Horizonte,3,SE,Sudeste,IBGE_API
3102506,Amparo do Serra,MG,Minas Gerais,31,31062,Viçosa,3112,Zona da Mata,3,SE,Sudeste,IBGE_API
3102605,Andradas,MG,Minas Gerais,31,31051,Poços de Caldas,3110,Sul/Sudoeste de Minas,3,SE,Sudeste,IBGE_API
3102704,Cachoeira de Pajeú,MG,Minas Gerais,31,31013,Pedra Azul,3103,Jequitinhonha,3,SE,Sudeste,IBGE_API
3102803,Andrelândia,MG,Minas Gerais,31,31055,Andrelândia,3110,Sul/Sudoeste de Minas,3,SE,Sudeste,IBGE_API
3102852,Angelândia,MG,Minas Gerais,31,31011,Capelinha,3103,Jequitinhonha,3,SE,Sudeste,IBGE_API
3102902,Antônio Carlos,MG,Minas Gerais,31,31059,Barbacena,3111,Campo das Vertentes,3,SE,Sudeste,IBGE_API
3103009,Antônio Dias,MG,Minas Gerais,31,31039,Ipatinga,3108,Vale do Rio Doce,3,SE,Sudeste,IBGE_API
3103108,Antônio Prado de Minas,MG,Minas Gerais,31,31063,Muriaé,3112,Zona da Mata,3,SE,Sudeste,IBGE_API
3103207,Araçaí,MG,Minas Gerais,31,31027,Sete Lagoas,3107,Metropolitana de Belo Horizonte,3,SE,Sudeste,IBGE_API
3103306,Aracitaba,MG,Minas Gerais,31,31065,Juiz de Fora,3112,Zona da Mata,3,SE,Sudeste,IBGE_API
3103405,Araçuaí,MG,Minas Gerais,31,31012,Araçuaí,3103,Jequitinhonha,3,SE,Sudeste,IBGE_API
3103504,Araguari,MG,Minas Gerais,31,31018,Uberlândia,3105,Triângulo Mineiro/Alto Paranaíba,3,SE,Sudeste,IBGE_API
3103603,Arantina,MG,Minas Gerais,31,31055,Andrelândia,3110,Sul/Sudoeste de Minas,3,SE,Sudeste,IBGE_API
3103702,Araponga,MG,Minas Gerais,31,31062,Viçosa,3112,Zona da Mata,3,SE,Sudeste,IBGE_API
3103751,Araporã,MG,Minas Gerais,31,31018,Uberlândia,3105,Triângulo Mineiro/Alto Paranaíba,3,SE,Sudeste,IBGE_API
3103801,Arapuá,MG,Minas Gerais,31,31020,Patos de Minas,3105,Triângulo Mineiro/Alto Paranaíba,3,SE,Sudeste,IBGE_API
3103900,Araújos,MG,Minas Gerais,31,31026,Bom Despacho,3106,Central Mineira,3,SE,Sudeste,IBGE_API
3104007,Araxá,MG,Minas Gerais,31,31023,Araxá,3105,Triângulo Mineiro/Alto Paranaíba,3,SE,Sudeste,IBGE_API
3104106,Arceburgo,MG,Minas Gerais,31,31048,São Sebastião do Paraíso,3110,Sul/Sudoeste de Minas,3,SE,Sudeste,IBGE_API
3104205,Arcos,MG,Minas Gerais,31,31044,Formiga,3109,Oeste de Minas,3,SE,Sudeste,IBGE_API
3104304,Areado,MG,Minas Gerais,31,31049,Alfenas,3110,Sul/Sudoeste de Minas,3,SE,Sudeste,IBGE_API
3104403,Argirita,MG,Minas Gerais,31,31066,Cataguases,3112,Zona da Mata,3,SE,Sudeste,IBGE_API
3104452,Aricanduva,MG,Minas Gerais,31,31011,Capelinha,3103,Jequitinhonha,3,SE,Sudeste,IBGE_API
3104502,Arinos,MG,Minas Gerais,31,31001,Unaí,3101,Noroeste de Minas,3,SE,Sudeste,IBGE_API
3104601,Astolfo Dutra,MG,Minas Gerais,31,31064,Ubá,3112,Zona da Mata,3,SE,Sudeste,IBGE_API
3104700,Ataléia,MG,Minas Gerais,31,31015,Teófilo Otoni,3104,Vale do Mucuri,3,SE,Sudeste,IBGE_API
3104809,Augusto de Lima,MG,Minas Gerais,31,31025,Curvelo,3106,Central Mineira,3,SE,Sudeste,IBGE_API
3104908,Baependi,MG,Minas Gerais,31,31054,São Lourenço,3110,Sul/Sudoeste de Minas,3,SE,Sudeste,IBGE_API
3105004,Baldim,MG,Minas Gerais,31,31027,Sete Lagoas,3107,Metropolitana de Belo Horizonte,3,SE,Sudeste,IBGE_API
3105103,Bambuí,MG,Minas Gerais,31,31042,Piuí,3109,Oeste de Minas,3,SE,Sudeste,IBGE_API
3105202,Bandeira,MG,Minas Gerais,31,31014,Almenara,3103,Jequitinhonha,3,SE,Sudeste,IBGE_API
3105301,Bandeira do Sul,MG,Minas Gerais,31,31051,Poços de Caldas,3110,Sul/Sudoeste de Minas,3,SE,Sudeste,IBGE_API
3105400,Barão de Cocais,MG,Minas Gerais,31,31031,Itabira,3107,Metropolitana de Belo Horizonte,3,SE,Sudeste,IBGE_API
3105509,Barão do Monte Alto,MG,Minas Gerais,31,31063,Muriaé,3112,Zona da Mata,3,SE,Sudeste,IBGE_API
3105608,Barbacena,MG,Minas Gerais,31,31059,Barbacena,3111,Campo das Vertentes,3,SE,Sudeste,IBGE_API
3105707,Barra Longa,MG,Minas Gerais,31,31060,Ponte Nova,3112,Zona da Mata,3,SE,Sudeste,IBGE_API
3105905,Barroso,MG,Minas Gerais,31,31059,Barbacena,3111,Campo das Vertentes,3,SE,Sudeste,IBGE_API
3106002,Bela Vista de Minas,MG,Minas Gerais,31,31031,Itabira,3107,Metropolitana de Belo Horizonte,3,SE,Sudeste,IBGE_API
3106101,Belmiro Braga,MG,Minas Gerais,31,31065,Juiz de Fora,3112,Zona da Mata,3,SE,Sudeste,IBGE_API
3106200,Belo Horizonte,MG,Minas Gerais,31,31030,Belo Horizonte,3107,Metropolitana de Belo Horizonte,3,SE,Sudeste,IBGE_API
3106309,Belo Oriente,MG,Minas Gerais,31,31039,Ipatinga,3108,Vale do Rio Doce,3,SE,Sudeste,IBGE_API
3106408,Belo Vale,MG,Minas Gerais,31,31032,Itaguara,3107,Metropolitana de Belo Horizonte,3,SE,Sudeste,IBGE_API
3106507,Berilo,MG,Minas Gerais,31,31011,Capelinha,3103,Jequitinhonha,3,SE,Sudeste,IBGE_API
3106606,Bertópolis,MG,Minas Gerais,31,31016,Nanuque,3104,Vale do Mucuri,3,SE,Sudeste,IBGE_API
3106655,Berizal,MG,Minas Gerais,31,31005,Salinas,3102,Norte de Minas,3,SE,Sudeste,IBGE_API
3106705,Betim,MG,Minas Gerais,31,31030,Belo Horizonte,3107,Metropolitana de Belo Horizonte,3,SE,Sudeste,IBGE_API
3106804,Bias Fortes,MG,Minas Gerais,31,31065,Juiz de Fora,3112,Zona da Mata,3,SE,Sudeste,IBGE_API
3106903,Bicas,MG,Minas Gerais,31,31065,Juiz de Fora,3112,Zona da Mata,3,SE,Sudeste,IBGE_API
3107000,Biquinhas,MG,Minas Gerais,31,31024,Três Marias,3106,Central Mineira,3,SE,Sudeste,IBGE_API
3107109,Boa Esperança,MG,Minas Gerais,31,31050,Varginha,3110,Sul/Sudoeste de Minas,3,SE,Sudeste,IBGE_API
3107208,Bocaina de Minas,MG,Minas Gerais,31,31055,Andrelândia,3110,Sul/Sudoeste de Minas,3,SE,Sudeste,IBGE_API
3107307,Bocaiúva,MG,Minas Gerais,31,31009,Bocaiúva,3102,Norte de Minas,3,SE,Sudeste,IBGE_API
3107406,Bom Despacho,MG,Minas Gerais,31,31026,Bom Despacho,3106,Central Mineira,3,SE,Sudeste,IBGE_API
3107505,Bom Jardim de Minas,MG,Minas Gerais,31,31055,Andrelândia,3110,Sul/Sudoeste de Minas,3,SE,Sudeste,IBGE_API
3107604,Bom Jesus da Penha,MG,Minas Gerais,31,31047,Passos,3110,Sul/Sudoeste de Minas,3,SE,Sudeste,IBGE_API
3107703,Bom Jesus do Amparo,MG,Minas Gerais,31,31031,Itabira,3107,Metropolitana de Belo Horizonte,3,SE,Sudeste,IBGE_API
3107802,Bom Jesus do Galho,MG,Minas Gerais,31,31040,Caratinga,3108,Vale do Rio Doce,3,SE,Sudeste,IBGE_API
3107901,Bom Repouso,MG,Minas Gerais,31,31052,Pouso Alegre,3110,Sul/Sudoeste de Minas,3,SE,Sudeste,IBGE_API
3108008,Bom Sucesso,MG,Minas Gerais,31,31046,Oliveira,3109,Oeste de Minas,3,SE,Sudeste,IBGE_API
3108107,Bonfim,MG,Minas Gerais,31,31032,Itaguara,3107,Metropolitana de Belo Horizonte,3,SE,Sudeste,IBGE_API
3108206,Bonfinópolis de Minas,MG,Minas Gerais,31,31001,Unaí,3101,Noroeste de Minas,3,SE,Sudeste,IBGE_API
3108255,Bonito de Minas,MG,Minas Gerais,31,31003,Januária,3102,Norte de Minas,3,SE,Sudeste,IBGE_API
3108305,Borda da Mata,MG,Minas Gerais,31,31052,Pouso Alegre,3110,Sul/Sudoeste de Minas,3,SE,Sudeste,IBGE_API
3108404,Botelhos,MG,Minas Gerais,31,31051,Poços de Caldas,3110,Sul/Sudoeste de Minas,3,SE,Sudeste,IBGE_API
3108503,Botumirim,MG,Minas Gerais,31,31008,Grão Mogol,3102,Norte de Minas,3,SE,Sudeste,IBGE_API
3108552,Brasilândia de Minas,MG,Minas Gerais,31,31002,Paracatu,3101,Noroeste de Minas,3,SE,Sudeste,IBGE_API
3108602,Brasília de Minas,MG,Minas Gerais,31,31007,Montes Claros,3102,Norte de Minas,3,SE,Sudeste,IBGE_API
3108701,Brás Pires,MG,Minas Gerais,31,31062,Viçosa,3112,Zona da Mata,3,SE,Sudeste,IBGE_API
3108800,Braúnas,MG,Minas Gerais,31,31035,Guanhães,3108,Vale do Rio Doce,3,SE,Sudeste,IBGE_API
3108909,Brazópolis,MG,Minas Gerais,31,31056,Itajubá,3110,Sul/Sudoeste de Minas,3,SE,Sudeste,IBGE_API
3109006,Brumadinho,MG,Minas Gerais,31,31030,Belo Horizonte,3107,Metropolitana de Belo Horizonte,3,SE,Sudeste,IBGE_API
3109105,Bueno Brandão,MG,Minas Gerais,31,31052,Pouso Alegre,3110,Sul/Sudoeste de Minas,3,SE,Sudeste,IBGE_API
3109204,Buenópolis,MG,Minas Gerais,31,31025,Curvelo,3106,Central Mineira,3,SE,Sudeste,IBGE_API
3109253,Bugre,MG,Minas Gerais,31,31040,Caratinga,3108,Vale do Rio Doce,3,SE,Sudeste,IBGE_API
3109303,Buritis,MG,Minas Gerais,31,31001,Unaí,3101,Noroeste de Minas,3,SE,Sudeste,IBGE_API
3109402,Buritizeiro,MG,Minas Gerais,31,31006,Pirapora,3102,Norte de Minas,3,SE,Sudeste,IBGE_API
3109451,Cabeceira Grande,MG,Minas Gerais,31,31001,Unaí,3101,Noroeste de Minas,3,SE,Sudeste,IBGE_API
3109501,Cabo Verde,MG,Minas Gerais,31,31048,São Sebastião do Paraíso,3110,Sul/Sudoeste de Minas,3,SE,Sudeste,IBGE_API
3109600,Cachoeira da Prata,MG,Minas Gerais,31,31027,Sete Lagoas,3107,Metropolitana de Belo Horizonte,3,SE,Sudeste,IBGE_API
3109709,Cachoeira de Minas,MG,Minas Gerais,31,31053,Santa Rita do Sapucaí,3110,Sul/Sudoeste de Minas,3,SE,Sudeste,IBGE_API
3109808,Cachoeira Dourada,MG,Minas Gerais,31,31017,Ituiutaba,3105,Triângulo Mineiro/Alto Paranaíba,3,SE,Sudeste,IBGE_API
3109907,Caetanópolis,MG,Minas Gerais,31,31027,Sete Lagoas,3107,Metropolitana de Belo Horizonte,3,SE,Sudeste,IBGE_API
3110004,Caeté,MG,Minas Gerais,31,31030,Belo Horizonte,3107,Metropolitana de Belo Horizonte,3,SE,Sudeste,IBGE_API
3110103,Caiana,MG,Minas Gerais,31,31063,Muriaé,3112,Zona da Mata,3,SE,Sudeste,IBGE_API
3110202,Cajuri,MG,Minas Gerais,31,31062,Viçosa,3112,Zona da Mata,3,SE,Sudeste,IBGE_API
3110301,Caldas,MG,Minas Gerais,31,31051,Poços de Caldas,3110,Sul/Sudoeste de Minas,3,SE,Sudeste,IBGE_API
3110400,Camacho,MG,Minas Gerais,31,31044,Formiga,3109,Oeste de Minas,3,SE,Sudeste,IBGE_API
3110509,Camanducaia,MG,Minas Gerais,31,31052,Pouso Alegre,3110,Sul/Sudoeste de Minas,3,SE,Sudeste,IBGE_API
3110608,Cambuí,MG,Minas Gerais,31,31052,Pouso Alegre,3110,Sul/Sudoeste de Minas,3,SE,Sudeste,IBGE_API
3110707,Cambuquira,MG,Minas Gerais,31,31054,São Lourenço,3110,Sul/Sudoeste de Minas,3,SE,Sudeste,IBGE_API
3110806,Campanário,MG,Minas Gerais,31,31037,Governador Valadares,3108,Vale do Rio Doce,3,SE,Sudeste,IBGE_API
3110905,Campanha,MG,Minas Gerais,31,31050,Varginha,3110,Sul/Sudoeste de Minas,3,SE,Sudeste,IBGE_API
3111002,Campestre,MG,Minas Gerais,31,31051,Poços de Caldas,3110,Sul/Sudoeste de Minas,3,SE,Sudeste,IBGE_API
3111101,Campina Verde,MG,Minas Gerais,31,31021,Frutal,3105,Triângulo Mineiro/Alto Paranaíba,3,SE,Sudeste,IBGE_API
3111150,Campo Azul,MG,Minas Gerais,31,31007,Montes Claros,3102,Norte de Minas,3,SE,Sudeste,IBGE_API
3111200,Campo Belo,MG,Minas Gerais,31,31045,Campo Belo,3109,Oeste de Minas,3,SE,Sudeste,IBGE_API
3111309,Campo do Meio,MG,Minas Gerais,31,31050,Varginha,3110,Sul/Sudoeste de Minas,3,SE,Sudeste,IBGE_API
3111408,Campo Florido,MG,Minas Gerais,31,31022,Uberaba,3105,Triângulo Mineiro/Alto Paranaíba,3,SE,Sudeste,IBGE_API
3111507,Campos Altos,MG,Minas Gerais,31,31023,Araxá,3105,Triângulo Mineiro/Alto Paranaíba,3,SE,Sudeste,IBGE_API
3111606,Campos Gerais,MG,Minas Gerais,31,31050,Varginha,3110,Sul/Sudoeste de Minas,3,SE,Sudeste,IBGE_API
3111705,Canaã,MG,Minas Gerais,31,31062,Viçosa,3112,Zona da Mata,3,SE,Sudeste,IBGE_API
3111804,Canápolis,MG,Minas Gerais,31,31018,Uberlândia,3105,Triângulo Mineiro/Alto Paranaíba,3,SE,Sudeste,IBGE_API
3111903,Cana Verde,MG,Minas Gerais,31,31045,Campo Belo,3109,Oeste de Minas,3,SE,Sudeste,IBGE_API
3112000,Candeias,MG,Minas Gerais,31,31045,Campo Belo,3109,Oeste de Minas,3,SE,Sudeste,IBGE_API
3112059,Cantagalo,MG,Minas Gerais,31,31036,Peçanha,3108,Vale do Rio Doce,3,SE,Sudeste,IBGE_API
3112109,Caparaó,MG,Minas Gerais,31,31061,Manhuaçu,3112,Zona da Mata,3,SE,Sudeste,IBGE_API
3112208,Capela Nova,MG,Minas Gerais,31,31059,Barbacena,3111,Campo das Vertentes,3,SE,Sudeste,IBGE_API
3112307,Capelinha,MG,Minas Gerais,31,31011,Capelinha,3103,Jequitinhonha,3,SE,Sudeste,IBGE_API
3112406,Capetinga,MG,Minas Gerais,31,31047,Passos,3110,Sul/Sudoeste de Minas,3,SE,Sudeste,IBGE_API
3112505,Capim Branco,MG,Minas Gerais,31,31027,Sete Lagoas,3107,Metropolitana de Belo Horizonte,3,SE,Sudeste,IBGE_API
3112604,Capinópolis,MG,Minas Gerais,31,31017,Ituiutaba,3105,Triângulo Mineiro/Alto Paranaíba,3,SE,Sudeste,IBGE_API
3112653,Capitão Andrade,MG,Minas Gerais,31,31037,Governador Valadares,3108,Vale do Rio Doce,3,SE,Sudeste,IBGE_API
3112703,Capitão Enéas,MG,Minas Gerais,31,31007,Montes Claros,3102,Norte de Minas,3,SE,Sudeste,IBGE_API
3112802,Capitólio,MG,Minas Gerais,31,31047,Passos,3110,Sul/Sudoeste de Minas,3,SE,Sudeste,IBGE_API
3112901,Caputira,MG,Minas Gerais,31,31061,Manhuaçu,3112,Zona da Mata,3,SE,Sudeste,IBGE_API
3113008,Caraí,MG,Minas Gerais,31,31012,Araçuaí,3103,Jequitinhonha,3,SE,Sudeste,IBGE_API
3113107,Caranaíba,MG,Minas Gerais,31,31059,Barbacena,3111,Campo das Vertentes,3,SE,Sudeste,IBGE_API
3113206,Carandaí,MG,Minas Gerais,31,31059,Barbacena,3111,Campo das Vertentes,3,SE,Sudeste,IBGE_API
3113305,Carangola,MG,Minas Gerais,31,31063,Muriaé,3112,Zona da Mata,3,SE,Sudeste,IBGE_API
3113404,Caratinga,MG,Minas Gerais,31,31040,Caratinga,3108,Vale do Rio Doce,3,SE,Sudeste,IBGE_API
3113503,Carbonita,MG,Minas Gerais,31,31011,Capelinha,3103,Jequitinhonha,3,SE,Sudeste,IBGE_API
3113602,Careaçu,MG,Minas Gerais,31,31053,Santa Rita do Sapucaí,3110,Sul/Sudoeste de Minas,3,SE,Sudeste,IBGE_API
3113701,Carlos Chagas,MG,Minas Gerais,31,31016,Nanuque,3104,Vale do Mucuri,3,SE,Sudeste,IBGE_API
3113800,Carmésia,MG,Minas Gerais,31,31035,Guanhães,3108,Vale do Rio Doce,3,SE,Sudeste,IBGE_API
3113909,Carmo da Cachoeira,MG,Minas Gerais,31,31050,Varginha,3110,Sul/Sudoeste de Minas,3,SE,Sudeste,IBGE_API
3114006,Carmo da Mata,MG,Minas Gerais,31,31046,Oliveira,3109,Oeste de Minas,3,SE,Sudeste,IBGE_API
3114105,Carmo de Minas,MG,Minas Gerais,31,31054,São Lourenço,3110,Sul/Sudoeste de Minas,3,SE,Sudeste,IBGE_API
3114204,Carmo do Cajuru,MG,Minas Gerais,31,31043,Divinópolis,3109,Oeste de Minas,3,SE,Sudeste,IBGE_API
3114303,Carmo do Paranaíba,MG,Minas Gerais,31,31020,Patos de Minas,3105,Triângulo Mineiro/Alto Paranaíba,3,SE,Sudeste,IBGE_API
3114402,Carmo do Rio Claro,MG,Minas Gerais,31,31049,Alfenas,3110,Sul/Sudoeste de Minas,3,SE,Sudeste,IBGE_API
3114501,Carmópolis de Minas,MG,Minas Gerais,31,31046,Oliveira,3109,Oeste de Minas,3,SE,Sudeste,IBGE_API
3114550,Carneirinho,MG,Minas Gerais,31,31021,Frutal,3105,Triângulo Mineiro/Alto Paranaíba,3,SE,Sudeste,IBGE_API
3114600,Carrancas,MG,Minas Gerais,31,31057,Lavras,3111,Campo das Vertentes,3,SE,Sudeste,IBGE_API
3114709,Carvalhópolis,MG,Minas Gerais,31,31049,Alfenas,3110,Sul/Sudoeste de Minas,3,SE,Sudeste,IBGE_API
3114808,Carvalhos,MG,Minas Gerais,31,31055,Andrelândia,3110,Sul/Sudoeste de Minas,3,SE,Sudeste,IBGE_API
3114907,Casa Grande,MG,Minas Gerais,31,31034,Conselheiro Lafaiete,3107,Metropolitana de Belo Horizonte,3,SE,Sudeste,IBGE_API
3115003,Cascalho Rico,MG,Minas Gerais,31,31018,Uberlândia,3105,Triângulo Mineiro/Alto Paranaíba,3,SE,Sudeste,IBGE_API
3115102,Cássia,MG,Minas Gerais,31,31047,Passos,3110,Sul/Sudoeste de Minas,3,SE,Sudeste,IBGE_API
3115201,Conceição da Barra de Minas,MG,Minas Gerais,31,31058,São João Del Rei,3111,Campo das Vertentes,3,SE,Sudeste,IBGE_API
3115300,Cataguases,MG,Minas Gerais,31,31066,Cataguases,3112,Zona da Mata,3,SE,Sudeste,IBGE_API
3115359,Catas Altas,MG,Minas Gerais,31,31031,Itabira,3107,Metropolitana de Belo Horizonte,3,SE,Sudeste,IBGE_API
3115409,Catas Altas da Noruega,MG,Minas Gerais,31,31034,Conselheiro Lafaiete,3107,Metropolitana de Belo Horizonte,3,SE,Sudeste,IBGE_API
3115458,Catuji,MG,Minas Gerais,31,31015,Teófilo Otoni,3104,Vale do Mucuri,3,SE,Sudeste,IBGE_API
3115474,Catuti,MG,Minas Gerais,31,31004,Janaúba,3102,Norte de Minas,3,SE,Sudeste,IBGE_API
3115508,Caxambu,MG,Minas Gerais,31,31054,São Lourenço,3110,Sul/Sudoeste de Minas,3,SE,Sudeste,IBGE_API
3115607,Cedro do Abaeté,MG,Minas Gerais,31,31024,Três Marias,3106,Central Mineira,3,SE,Sudeste,IBGE_API
3115706,Central de Minas,MG,Minas Gerais,31,31038,Mantena,3108,Vale do Rio Doce,3,SE,Sudeste,IBGE_API
3115805,Centralina,MG,Minas Gerais,31,31018,Uberlândia,3105,Triângulo Mineiro/Alto Paranaíba,3,SE,Sudeste,IBGE_API
3115904,Chácara,MG,Minas Gerais,31,31065,Juiz de Fora,3112,Zona da Mata,3,SE,Sudeste,IBGE_API
3116001,Chalé,MG,Minas Gerais,31,31061,Manhuaçu,3112,Zona da Mata,3,SE,Sudeste,IBGE_API
3116100,Chapada do Norte,MG,Minas Gerais,31,31011,Capelinha,3103,Jequitinhonha,3,SE,Sudeste,IBGE_API
3116159,Chapada Gaúcha,MG,Minas Gerais,31,31003,Januária,3102,Norte de Minas,3,SE,Sudeste,IBGE_API
3116209,Chiador,MG,Minas Gerais,31,31065,Juiz de Fora,3112,Zona da Mata,3,SE,Sudeste,IBGE_API
3116308,Cipotânea,MG,Minas Gerais,31,31062,Viçosa,3112,Zona da Mata,3,SE,Sudeste,IBGE_API
3116407,Claraval,MG,Minas Gerais,31,31047,Passos,3110,Sul/Sudoeste de Minas,3,SE,Sudeste,IBGE_API
3116506,Claro dos Poções,MG,Minas Gerais,31,31007,Montes Claros,3102,Norte de Minas,3,SE,Sudeste,IBGE_API
3116605,Cláudio,MG,Minas Gerais,31,31043,Divinópolis,3109,Oeste de Minas,3,SE,Sudeste,IBGE_API
3116704,Coimbra,MG,Minas Gerais,31,31062,Viçosa,3112,Zona da Mata,3,SE,Sudeste,IBGE_API
3116803,Coluna,MG,Minas Gerais,31,31035,Guanhães,3108,Vale do Rio Doce,3,SE,Sudeste,IBGE_API
3116902,Comendador Gomes,MG,Minas Gerais,31,31021,Frutal,3105,Triângulo Mineiro/Alto Paranaíba,3,SE,Sudeste,IBGE_API
3117009,Comercinho,MG,Minas Gerais,31,31013,Pedra Azul,3103,Jequitinhonha,3,SE,Sudeste,IBGE_API
3117108,Conceição da Aparecida,MG,Minas Gerais,31,31049,Alfenas,3110,Sul/Sudoeste de Minas,3,SE,Sudeste,IBGE_API
3117207,Conceição das Pedras,MG,Minas Gerais,31,31053,Santa Rita do Sapucaí,3110,Sul/Sudoeste de Minas,3,SE,Sudeste,IBGE_API
3117306,Conceição das Alagoas,MG,Minas Gerais,31,31022,Uberaba,3105,Triângulo Mineiro/Alto Paranaíba,3,SE,Sudeste,IBGE_API
3117405,Conceição de Ipanema,MG,Minas Gerais,31,31041,Aimorés,3108,Vale do Rio Doce,3,SE,Sudeste,IBGE_API
3117504,Conceição do Mato Dentro,MG,Minas Gerais,31,31028,Conceição do Mato Dentro,3107,Metropolitana de Belo Horizonte,3,SE,Sudeste,IBGE_API
3117603,Conceição do Pará,MG,Minas Gerais,31,31043,Divinópolis,3109,Oeste de Minas,3,SE,Sudeste,IBGE_API
3117702,Conceição do Rio Verde,MG,Minas Gerais,31,31054,São Lourenço,3110,Sul/Sudoeste de Minas,3,SE,Sudeste,IBGE_API
3117801,Conceição dos Ouros,MG,Minas Gerais,31,31053,Santa Rita do Sapucaí,3110,Sul/Sudoeste de Minas,3,SE,Sudeste,IBGE_API
3117836,Cônego Marinho,MG,Minas Gerais,31,31003,Januária,3102,Norte de Minas,3,SE,Sudeste,IBGE_API
3117876,Confins,MG,Minas Gerais,31,31030,Belo Horizonte,3107,Metropolitana de Belo Horizonte,3,SE,Sudeste,IBGE_API
3117900,Congonhal,MG,Minas Gerais,31,31052,Pouso Alegre,3110,Sul/Sudoeste de Minas,3,SE,Sudeste,IBGE_API
3118007,Congonhas,MG,Minas Gerais,31,31034,Conselheiro Lafaiete,3107,Metropolitana de Belo Horizonte,3,SE,Sudeste,IBGE_API
3118106,Congonhas do Norte,MG,Minas Gerais,31,31028,Conceição do Mato Dentro,3107,Metropolitana de Belo Horizonte,3,SE,Sudeste,IBGE_API
3118205,Conquista,MG,Minas Gerais,31,31022,Uberaba,3105,Triângulo Mineiro/Alto Paranaíba,3,SE,Sudeste,IBGE_API
3118304,Conselheiro Lafaiete,MG,Minas Gerais,31,31034,Conselheiro Lafaiete,3107,Metropolitana de Belo Horizonte,3,SE,Sudeste,IBGE_API
3118403,Conselheiro Pena,MG,Minas Gerais,31,31041,Aimorés,3108,Vale do Rio Doce,3,SE,Sudeste,IBGE_API
3118502,Consolação,MG,Minas Gerais,31,31056,Itajubá,3110,Sul/Sudoeste de Minas,3,SE,Sudeste,IBGE_API
3118601,Contagem,MG,Minas Gerais,31,31030,Belo Horizonte,3107,Metropolitana de Belo Horizonte,3,SE,Sudeste,IBGE_API
3118700,Coqueiral,MG,Minas Gerais,31,31050,Varginha,3110,Sul/Sudoeste de Minas,3,SE,Sudeste,IBGE_API
3118809,Coração de Jesus,MG,Minas Gerais,31,31007,Montes Claros,3102,Norte de Minas,3,SE,Sudeste,IBGE_API
3118908,Cordisburgo,MG,Minas Gerais,31,31027,Sete Lagoas,3107,Metropolitana de Belo Horizonte,3,SE,Sudeste,IBGE_API
3119005,Cordislândia,MG,Minas Gerais,31,31053,Santa Rita do Sapucaí,3110,Sul/Sudoeste de Minas,3,SE,Sudeste,IBGE_API
3119104,Corinto,MG,Minas Gerais,31,31025,Curvelo,3106,Central Mineira,3,SE,Sudeste,IBGE_API
3119203,Coroaci,MG,Minas Gerais,31,31037,Governador Valadares,3108,Vale do Rio Doce,3,SE,Sudeste,IBGE_API
3119302,Coromandel,MG,Minas Gerais,31,31019,Patrocínio,3105,Triângulo Mineiro/Alto Paranaíba,3,SE,Sudeste,IBGE_API
3119401,Coronel Fabriciano,MG,Minas Gerais,31,31039,Ipatinga,3108,Vale do Rio Doce,3,SE,Sudeste,IBGE_API
3119500,Coronel Murta,MG,Minas Gerais,31,31012,Araçuaí,3103,Jequitinhonha,3,SE,Sudeste,IBGE_API
3119609,Coronel Pacheco,MG,Minas Gerais,31,31065,Juiz de Fora,3112,Zona da Mata,3,SE,Sudeste,IBGE_API
3119708,Coronel Xavier Chaves,MG,Minas Gerais,31,31058,São João Del Rei,3111,Campo das Vertentes,3,SE,Sudeste,IBGE_API
3119807,Córrego Danta,MG,Minas Gerais,31,31042,Piuí,3109,Oeste de Minas,3,SE,Sudeste,IBGE_API
3119906,Córrego do Bom Jesus,MG,Minas Gerais,31,31052,Pouso Alegre,3110,Sul/Sudoeste de Minas,3,SE,Sudeste,IBGE_API
3119955,Córrego Fundo,MG,Minas Gerais,31,31044,Formiga,3109,Oeste de Minas,3,SE,Sudeste,IBGE_API
3120003,Córrego Novo,MG,Minas Gerais,31,31040,Caratinga,3108,Vale do Rio Doce,3,SE,Sudeste,IBGE_API
3120102,Couto de Magalhães de Minas,MG,Minas Gerais,31,31010,Diamantina,3103,Jequitinhonha,3,SE,Sudeste,IBGE_API
3120151,Crisólita,MG,Minas Gerais,31,31016,Nanuque,3104,Vale do Mucuri,3,SE,Sudeste,IBGE_API
3120201,Cristais,MG,Minas Gerais,31,31045,Campo Belo,3109,Oeste de Minas,3,SE,Sudeste,IBGE_API
3120300,Cristália,MG,Minas Gerais,31,31008,Grão Mogol,3102,Norte de Minas,3,SE,Sudeste,IBGE_API
3120409,Cristiano Otoni,MG,Minas Gerais,31,31034,Conselheiro Lafaiete,3107,Metropolitana de Belo Horizonte,3,SE,Sudeste,IBGE_API
3120508,Cristina,MG,Minas Gerais,31,31056,Itajubá,3110,Sul/Sudoeste de Minas,3,SE,Sudeste,IBGE_API
3120607,Crucilândia,MG,Minas Gerais,31,31032,Itaguara,3107,Metropolitana de Belo Horizonte,3,SE,Sudeste,IBGE_API
3120706,Cruzeiro da Fortaleza,MG,Minas Gerais,31,31019,Patrocínio,3105,Triângulo Mineiro/Alto Paranaíba,3,SE,Sudeste,IBGE_API
3120805,Cruzília,MG,Minas Gerais,31,31055,Andrelândia,3110,Sul/Sudoeste de Minas,3,SE,Sudeste,IBGE_API
3120839,Cuparaque,MG,Minas Gerais,31,31041,Aimorés,3108,Vale do Rio Doce,3,SE,Sudeste,IBGE_API
3120870,Curral de Dentro,MG,Minas Gerais,31,31005,Salinas,3102,Norte de Minas,3,SE,Sudeste,IBGE_API
3120904,Curvelo,MG,Minas Gerais,31,31025,Curvelo,3106,Central Mineira,3,SE,Sudeste,IBGE_API
3121001,Datas,MG,Minas Gerais,31,31010,Diamantina,3103,Jequitinhonha,3,SE,Sudeste,IBGE_API
3121100,Delfim Moreira,MG,Minas Gerais,31,31056,Itajubá,3110,Sul/Sudoeste de Minas,3,SE,Sudeste,IBGE_API
3121209,Delfinópolis,MG,Minas Gerais,31,31047,Passos,3110,Sul/Sudoeste de Minas,3,SE,Sudeste,IBGE_API
3121258,Delta,MG,Minas Gerais,31,31022,Uberaba,3105,Triângulo Mineiro/Alto Paranaíba,3,SE,Sudeste,IBGE_API
3121308,Descoberto,MG,Minas Gerais,31,31065,Juiz de Fora,3112,Zona da Mata,3,SE,Sudeste,IBGE_API
3121407,Desterro de Entre Rios,MG,Minas Gerais,31,31034,Conselheiro Lafaiete,3107,Metropolitana de Belo Horizonte,3,SE,Sudeste,IBGE_API
3121506,Desterro do Melo,MG,Minas Gerais,31,31059,Barbacena,3111,Campo das Vertentes,3,SE,Sudeste,IBGE_API
3121605,Diamantina,MG,Minas Gerais,31,31010,Diamantina,3103,Jequitinhonha,3,SE,Sudeste,IBGE_API
3121704,Diogo de Vasconcelos,MG,Minas Gerais,31,31033,Ouro Preto,3107,Metropolitana de Belo Horizonte,3,SE,Sudeste,IBGE_API
3121803,Dionísio,MG,Minas Gerais,31,31031,Itabira,3107,Metropolitana de Belo Horizonte,3,SE,Sudeste,IBGE_API
3121902,Divinésia,MG,Minas Gerais,31,31064,Ubá,3112,Zona da Mata,3,SE,Sudeste,IBGE_API
3122009,Divino,MG,Minas Gerais,31,31063,Muriaé,3112,Zona da Mata,3,SE,Sudeste,IBGE_API
3122108,Divino das Laranjeiras,MG,Minas Gerais,31,31037,Governador Valadares,3108,Vale do Rio Doce,3,SE,Sudeste,IBGE_API
3122207,Divinolândia de Minas,MG,Minas Gerais,31,31035,Guanhães,3108,Vale do Rio Doce,3,SE,Sudeste,IBGE_API
3122306,Divinópolis,MG,Minas Gerais,31,31043,Divinópolis,3109,Oeste de Minas,3,SE,Sudeste,IBGE_API
3122355,Divisa Alegre,MG,Minas Gerais,31,31005,Salinas,3102,Norte de Minas,3,SE,Sudeste,IBGE_API
3122405,Divisa Nova,MG,Minas Gerais,31,31049,Alfenas,3110,Sul/Sudoeste de Minas,3,SE,Sudeste,IBGE_API
3122454,Divisópolis,MG,Minas Gerais,31,31014,Almenara,3103,Jequitinhonha,3,SE,Sudeste,IBGE_API
3122470,Dom Bosco,MG,Minas Gerais,31,31001,Unaí,3101,Noroeste de Minas,3,SE,Sudeste,IBGE_API
3122504,Dom Cavati,MG,Minas Gerais,31,31040,Caratinga,3108,Vale do Rio Doce,3,SE,Sudeste,IBGE_API
3122603,Dom Joaquim,MG,Minas Gerais,31,31028,Conceição do Mato Dentro,3107,Metropolitana de Belo Horizonte,3,SE,Sudeste,IBGE_API
3122702,Dom Silvério,MG,Minas Gerais,31,31060,Ponte Nova,3112,Zona da Mata,3,SE,Sudeste,IBGE_API
3122801,Dom Viçoso,MG,Minas Gerais,31,31056,Itajubá,3110,Sul/Sudoeste de Minas,3,SE,Sudeste,IBGE_API
3122900,Dona Euzébia,MG,Minas Gerais,31,31066,Cataguases,3112,Zona da Mata,3,SE,Sudeste,IBGE_API
3123007,Dores de Campos,MG,Minas Gerais,31,31058,São João Del Rei,3111,Campo das Vertentes,3,SE,Sudeste,IBGE_API
3123106,Dores de Guanhães,MG,Minas Gerais,31,31035,Guanhães,3108,Vale do Rio Doce,3,SE,Sudeste,IBGE_API
3123205,Dores do Indaiá,MG,Minas Gerais,31,31026,Bom Despacho,3106,Central Mineira,3,SE,Sudeste,IBGE_API
3123304,Dores do Turvo,MG,Minas Gerais,31,31064,Ubá,3112,Zona da Mata,3,SE,Sudeste,IBGE_API
3123403,Doresópolis,MG,Minas Gerais,31,31042,Piuí,3109,Oeste de Minas,3,SE,Sudeste,IBGE_API
3123502,Douradoquara,MG,Minas Gerais,31,31019,Patrocínio,3105,Triângulo Mineiro/Alto Paranaíba,3,SE,Sudeste,IBGE_API
3123528,Durandé,MG,Minas Gerais,31,31061,Manhuaçu,3112,Zona da Mata,3,SE,Sudeste,IBGE_API
3123601,Elói Mendes,MG,Minas Gerais,31,31050,Varginha,3110,Sul/Sudoeste de Minas,3,SE,Sudeste,IBGE_API
3123700,Engenheiro Caldas,MG,Minas Gerais,31,31037,Governador Valadares,3108,Vale do Rio Doce,3,SE,Sudeste,IBGE_API
3123809,Engenheiro Navarro,MG,Minas Gerais,31,31009,Bocaiúva,3102,Norte de Minas,3,SE,Sudeste,IBGE_API
3123858,Entre Folhas,MG,Minas Gerais,31,31040,Caratinga,3108,Vale do Rio Doce,3,SE,Sudeste,IBGE_API
3123908,Entre Rios de Minas,MG,Minas Gerais,31,31034,Conselheiro Lafaiete,3107,Metropolitana de Belo Horizonte,3,SE,Sudeste,IBGE_API
3124005,Ervália,MG,Minas Gerais,31,31062,Viçosa,3112,Zona da Mata,3,SE,Sudeste,IBGE_API
3124104,Esmeraldas,MG,Minas Gerais,31,31030,Belo Horizonte,3107,Metropolitana de Belo Horizonte,3,SE,Sudeste,IBGE_API
3124203,Espera Feliz,MG,Minas Gerais,31,31063,Muriaé,3112,Zona da Mata,3,SE,Sudeste,IBGE_API
3124302,Espinosa,MG,Minas Gerais,31,31004,Janaúba,3102,Norte de Minas,3,SE,Sudeste,IBGE_API
3124401,Espírito Santo do Dourado,MG,Minas Gerais,31,31052,Pouso Alegre,3110,Sul/Sudoeste de Minas,3,SE,Sudeste,IBGE_API
3124500,Estiva,MG,Minas Gerais,31,31052,Pouso Alegre,3110,Sul/Sudoeste de Minas,3,SE,Sudeste,IBGE_API
3124609,Estrela Dalva,MG,Minas Gerais,31,31066,Cataguases,3112,Zona da Mata,3,SE,Sudeste,IBGE_API
3124708,Estrela do Indaiá,MG,Minas Gerais,31,31026,Bom Despacho,3106,Central Mineira,3,SE,Sudeste,IBGE_API
3124807,Estrela do Sul,MG,Minas Gerais,31,31019,Patrocínio,3105,Triângulo Mineiro/Alto Paranaíba,3,SE,Sudeste,IBGE_API
3124906,Eugenópolis,MG,Minas Gerais,31,31063,Muriaé,3112,Zona da Mata,3,SE,Sudeste,IBGE_API
3125002,Ewbank da Câmara,MG,Minas Gerais,31,31065,Juiz de Fora,3112,Zona da Mata,3,SE,Sudeste,IBGE_API
3125101,Extrema,MG,Minas Gerais,31,31052,Pouso Alegre,3110,Sul/Sudoeste de Minas,3,SE,Sudeste,IBGE_API
3125200,Fama,MG,Minas Gerais,31,31049,Alfenas,3110,Sul/Sudoeste de Minas,3,SE,Sudeste,IBGE_API
3125309,Faria Lemos,MG,Minas Gerais,31,31063,Muriaé,3112,Zona da Mata,3,SE,Sudeste,IBGE_API
3125408,Felício dos Santos,MG,Minas Gerais,31,31010,Diamantina,3103,Jequitinhonha,3,SE,Sudeste,IBGE_API
3125507,São Gonçalo do Rio Preto,MG,Minas Gerais,31,31010,Diamantina,3103,Jequitinhonha,3,SE,Sudeste,IBGE_API
3125606,Felisburgo,MG,Minas Gerais,31,31014,Almenara,3103,Jequitinhonha,3,SE,Sudeste,IBGE_API
3125705,Felixlândia,MG,Minas Gerais,31,31025,Curvelo,3106,Central Mineira,3,SE,Sudeste,IBGE_API
3125804,Fernandes Tourinho,MG,Minas Gerais,31,31037,Governador Valadares,3108,Vale do Rio Doce,3,SE,Sudeste,IBGE_API
3125903,Ferros,MG,Minas Gerais,31,31031,Itabira,3107,Metropolitana de Belo Horizonte,3,SE,Sudeste,IBGE_API
3125952,Fervedouro,MG,Minas Gerais,31,31063,Muriaé,3112,Zona da Mata,3,SE,Sudeste,IBGE_API
3126000,Florestal,MG,Minas Gerais,31,31029,Pará de Minas,3107,Metropolitana de Belo Horizonte,3,SE,Sudeste,IBGE_API
3126109,Formiga,MG,Minas Gerais,31,31044,Formiga,3109,Oeste de Minas,3,SE,Sudeste,IBGE_API
3126208,Formoso,MG,Minas Gerais,31,31001,Unaí,3101,Noroeste de Minas,3,SE,Sudeste,IBGE_API
3126307,Fortaleza de Minas,MG,Minas Gerais,31,31047,Passos,3110,Sul/Sudoeste de Minas,3,SE,Sudeste,IBGE_API
3126406,Fortuna de Minas,MG,Minas Gerais,31,31027,Sete Lagoas,3107,Metropolitana de Belo Horizonte,3,SE,Sudeste,IBGE_API
3126505,Francisco Badaró,MG,Minas Gerais,31,31011,Capelinha,3103,Jequitinhonha,3,SE,Sudeste,IBGE_API
3126604,Francisco Dumont,MG,Minas Gerais,31,31009,Bocaiúva,3102,Norte de Minas,3,SE,Sudeste,IBGE_API
3126703,Francisco Sá,MG,Minas Gerais,31,31007,Montes Claros,3102,Norte de Minas,3,SE,Sudeste,IBGE_API
3126752,Franciscópolis,MG,Minas Gerais,31,31015,Teófilo Otoni,3104,Vale do Mucuri,3,SE,Sudeste,IBGE_API
3126802,Frei Gaspar,MG,Minas Gerais,31,31015,Teófilo Otoni,3104,Vale do Mucuri,3,SE,Sudeste,IBGE_API
3126901,Frei Inocêncio,MG,Minas Gerais,31,31037,Governador Valadares,3108,Vale do Rio Doce,3,SE,Sudeste,IBGE_API
3126950,Frei Lagonegro,MG,Minas Gerais,31,31036,Peçanha,3108,Vale do Rio Doce,3,SE,Sudeste,IBGE_API
3127008,Fronteira,MG,Minas Gerais,31,31021,Frutal,3105,Triângulo Mineiro/Alto Paranaíba,3,SE,Sudeste,IBGE_API
3127057,Fronteira dos Vales,MG,Minas Gerais,31,31016,Nanuque,3104,Vale do Mucuri,3,SE,Sudeste,IBGE_API
3127073,Fruta de Leite,MG,Minas Gerais,31,31005,Salinas,3102,Norte de Minas,3,SE,Sudeste,IBGE_API
3127107,Frutal,MG,Minas Gerais,31,31021,Frutal,3105,Triângulo Mineiro/Alto Paranaíba,3,SE,Sudeste,IBGE_API
3127206,Funilândia,MG,Minas Gerais,31,31027,Sete Lagoas,3107,Metropolitana de Belo Horizonte,3,SE,Sudeste,IBGE_API
3127305,Galiléia,MG,Minas Gerais,31,31037,Governador Valadares,3108,Vale do Rio Doce,3,SE,Sudeste,IBGE_API
3127339,Gameleiras,MG,Minas Gerais,31,31004,Janaúba,3102,Norte de Minas,3,SE,Sudeste,IBGE_API
3127354,Glaucilândia,MG,Minas Gerais,31,31007,Montes Claros,3102,Norte de Minas,3,SE,Sudeste,IBGE_API
3127370,Goiabeira,MG,Minas Gerais,31,31041,Aimorés,3108,Vale do Rio Doce,3,SE,Sudeste,IBGE_API
3127388,Goianá,MG,Minas Gerais,31,31065,Juiz de Fora,3112,Zona da Mata,3,SE,Sudeste,IBGE_API
3127404,Gonçalves,MG,Minas Gerais,31,31052,Pouso Alegre,3110,Sul/Sudoeste de Minas,3,SE,Sudeste,IBGE_API
3127503,Gonzaga,MG,Minas Gerais,31,31035,Guanhães,3108,Vale do Rio Doce,3,SE,Sudeste,IBGE_API
3127602,Gouveia,MG,Minas Gerais,31,31010,Diamantina,3103,Jequitinhonha,3,SE,Sudeste,IBGE_API
3127701,Governador Valadares,MG,Minas Gerais,31,31037,Governador Valadares,3108,Vale do Rio Doce,3,SE,Sudeste,IBGE_API
3127800,Grão Mogol,MG,Minas Gerais,31,31008,Grão Mogol,3102,Norte de Minas,3,SE,Sudeste,IBGE_API
3127909,Grupiara,MG,Minas Gerais,31,31019,Patrocínio,3105,Triângulo Mineiro/Alto Paranaíba,3,SE,Sudeste,IBGE_API
3128006,Guanhães,MG,Minas Gerais,31,31035,Guanhães,3108,Vale do Rio Doce,3,SE,Sudeste,IBGE_API
3128105,Guapé,MG,Minas Gerais,31,31050,Varginha,3110,Sul/Sudoeste de Minas,3,SE,Sudeste,IBGE_API
3128204,Guaraciaba,MG,Minas Gerais,31,31060,Ponte Nova,3112,Zona da Mata,3,SE,Sudeste,IBGE_API
3128253,Guaraciama,MG,Minas Gerais,31,31009,Bocaiúva,3102,Norte de Minas,3,SE,Sudeste,IBGE_API
3128303,Guaranésia,MG,Minas Gerais,31,31048,São Sebastião do Paraíso,3110,Sul/Sudoeste de Minas,3,SE,Sudeste,IBGE_API
3128402,Guarani,MG,Minas Gerais,31,31064,Ubá,3112,Zona da Mata,3,SE,Sudeste,IBGE_API
3128501,Guarará,MG,Minas Gerais,31,31065,Juiz de Fora,3112,Zona da Mata,3,SE,Sudeste,IBGE_API
3128600,Guarda-Mor,MG,Minas Gerais,31,31002,Paracatu,3101,Noroeste de Minas,3,SE,Sudeste,IBGE_API
3128709,Guaxupé,MG,Minas Gerais,31,31048,São Sebastião do Paraíso,3110,Sul/Sudoeste de Minas,3,SE,Sudeste,IBGE_API
3128808,Guidoval,MG,Minas Gerais,31,31064,Ubá,3112,Zona da Mata,3,SE,Sudeste,IBGE_API
3128907,Guimarânia,MG,Minas Gerais,31,31020,Patos de Minas,3105,Triângulo Mineiro/Alto Paranaíba,3,SE,Sudeste,IBGE_API
3129004,Guiricema,MG,Minas Gerais,31,31064,Ubá,3112,Zona da Mata,3,SE,Sudeste,IBGE_API
3129103,Gurinhatã,MG,Minas Gerais,31,31017,Ituiutaba,3105,Triângulo Mineiro/Alto Paranaíba,3,SE,Sudeste,IBGE_API
3129202,Heliodora,MG,Minas Gerais,31,31053,Santa Rita do Sapucaí,3110,Sul/Sudoeste de Minas,3,SE,Sudeste,IBGE_API
3129301,Iapu,MG,Minas Gerais,31,31040,Caratinga,3108,Vale do Rio Doce,3,SE,Sudeste,IBGE_API
3129400,Ibertioga,MG,Minas Gerais,31,31059,Barbacena,3111,Campo das Vertentes,3,SE,Sudeste,IBGE_API
3129509,Ibiá,MG,Minas Gerais,31,31023,Araxá,3105,Triângulo Mineiro/Alto Paranaíba,3,SE,Sudeste,IBGE_API
3129608,Ibiaí,MG,Minas Gerais,31,31006,Pirapora,3102,Norte de Minas,3,SE,Sudeste,IBGE_API
3129657,Ibiracatu,MG,Minas Gerais,31,31007,Montes Claros,3102,Norte de Minas,3,SE,Sudeste,IBGE_API
3129707,Ibiraci,MG,Minas Gerais,31,31047,Passos,3110,Sul/Sudoeste de Minas,3,SE,Sudeste,IBGE_API
3129806,Ibirité,MG,Minas Gerais,31,31030,Belo Horizonte,3107,Metropolitana de Belo Horizonte,3,SE,Sudeste,IBGE_API
3129905,Ibitiúra de Minas,MG,Minas Gerais,31,31051,Poços de Caldas,3110,Sul/Sudoeste de Minas,3,SE,Sudeste,IBGE_API
3130002,Ibituruna,MG,Minas Gerais,31,31046,Oliveira,3109,Oeste de Minas,3,SE,Sudeste,IBGE_API
3130051,Icaraí de Minas,MG,Minas Gerais,31,31003,Januária,3102,Norte de Minas,3,SE,Sudeste,IBGE_API
3130101,Igarapé,MG,Minas Gerais,31,31030,Belo Horizonte,3107,Metropolitana de Belo Horizonte,3,SE,Sudeste,IBGE_API
3130200,Igaratinga,MG,Minas Gerais,31,31043,Divinópolis,3109,Oeste de Minas,3,SE,Sudeste,IBGE_API
3130309,Iguatama,MG,Minas Gerais,31,31042,Piuí,3109,Oeste de Minas,3,SE,Sudeste,IBGE_API
3130408,Ijaci,MG,Minas Gerais,31,31057,Lavras,3111,Campo das Vertentes,3,SE,Sudeste,IBGE_API
3130507,Ilicínea,MG,Minas Gerais,31,31050,Varginha,3110,Sul/Sudoeste de Minas,3,SE,Sudeste,IBGE_API
3130556,Imbé de Minas,MG,Minas Gerais,31,31040,Caratinga,3108,Vale do Rio Doce,3,SE,Sudeste,IBGE_API
3130606,Inconfidentes,MG,Minas Gerais,31,31051,Poços de Caldas,3110,Sul/Sudoeste de Minas,3,SE,Sudeste,IBGE_API
3130655,Indaiabira,MG,Minas Gerais,31,31005,Salinas,3102,Norte de Minas,3,SE,Sudeste,IBGE_API
3130705,Indianópolis,MG,Minas Gerais,31,31018,Uberlândia,3105,Triângulo Mineiro/Alto Paranaíba,3,SE,Sudeste,IBGE_API
3130804,Ingaí,MG,Minas Gerais,31,31057,Lavras,3111,Campo das Vertentes,3,SE,Sudeste,IBGE_API
3130903,Inhapim,MG,Minas Gerais,31,31040,Caratinga,3108,Vale do Rio Doce,3,SE,Sudeste,IBGE_API
3131000,Inhaúma,MG,Minas Gerais,31,31027,Sete Lagoas,3107,Metropolitana de Belo Horizonte,3,SE,Sudeste,IBGE_API
3131109,Inimutaba,MG,Minas Gerais,31,31025,Curvelo,3106,Central Mineira,3,SE,Sudeste,IBGE_API
3131158,Ipaba,MG,Minas Gerais,31,31040,Caratinga,3108,Vale do Rio Doce,3,SE,Sudeste,IBGE_API
3131208,Ipanema,MG,Minas Gerais,31,31041,Aimorés,3108,Vale do Rio Doce,3,SE,Sudeste,IBGE_API
3131307,Ipatinga,MG,Minas Gerais,31,31039,Ipatinga,3108,Vale do Rio Doce,3,SE,Sudeste,IBGE_API
3131406,Ipiaçu,MG,Minas Gerais,31,31017,Ituiutaba,3105,Triângulo Mineiro/Alto Paranaíba,3,SE,Sudeste,IBGE_API
3131505,Ipuiúna,MG,Minas Gerais,31,31052,Pouso Alegre,3110,Sul/Sudoeste de Minas,3,SE,Sudeste,IBGE_API
3131604,Iraí de Minas,MG,Minas Gerais,31,31019,Patrocínio,3105,Triângulo Mineiro/Alto Paranaíba,3,SE,Sudeste,IBGE_API
3131703,Itabira,MG,Minas Gerais,31,31031,Itabira,3107,Metropolitana de Belo Horizonte,3,SE,Sudeste,IBGE_API
3131802,Itabirinha,MG,Minas Gerais,31,31038,Mantena,3108,Vale do Rio Doce,3,SE,Sudeste,IBGE_API
3131901,Itabirito,MG,Minas Gerais,31,31033,Ouro Preto,3107,Metropolitana de Belo Horizonte,3,SE,Sudeste,IBGE_API
3132008,Itacambira,MG,Minas Gerais,31,31008,Grão Mogol,3102,Norte de Minas,3,SE,Sudeste,IBGE_API
3132107,Itacarambi,MG,Minas Gerais,31,31003,Januária,3102,Norte de Minas,3,SE,Sudeste,IBGE_API
3132206,Itaguara,MG,Minas Gerais,31,31032,Itaguara,3107,Metropolitana de Belo Horizonte,3,SE,Sudeste,IBGE_API
3132305,Itaipé,MG,Minas Gerais,31,31015,Teófilo Otoni,3104,Vale do Mucuri,3,SE,Sudeste,IBGE_API
3132404,Itajubá,MG,Minas Gerais,31,31056,Itajubá,3110,Sul/Sudoeste de Minas,3,SE,Sudeste,IBGE_API
3132503,Itamarandiba,MG,Minas Gerais,31,31011,Capelinha,3103,Jequitinhonha,3,SE,Sudeste,IBGE_API
3132602,Itamarati de Minas,MG,Minas Gerais,31,31066,Cataguases,3112,Zona da Mata,3,SE,Sudeste,IBGE_API
3132701,Itambacuri,MG,Minas Gerais,31,31037,Governador Valadares,3108,Vale do Rio Doce,3,SE,Sudeste,IBGE_API
3132800,Itambé do Mato Dentro,MG,Minas Gerais,31,31028,Conceição do Mato Dentro,3107,Metropolitana de Belo Horizonte,3,SE,Sudeste,IBGE_API
3132909,Itamogi,MG,Minas Gerais,31,31048,São Sebastião do Paraíso,3110,Sul/Sudoeste de Minas,3,SE,Sudeste,IBGE_API
3133006,Itamonte,MG,Minas Gerais,31,31054,São Lourenço,3110,Sul/Sudoeste de Minas,3,SE,Sudeste,IBGE_API
3133105,Itanhandu,MG,Minas Gerais,31,31054,São Lourenço,3110,Sul/Sudoeste de Minas,3,SE,Sudeste,IBGE_API
3133204,Itanhomi,MG,Minas Gerais,31,31037,Governador Valadares,3108,Vale do Rio Doce,3,SE,Sudeste,IBGE_API
3133303,Itaobim,MG,Minas Gerais,31,31013,Pedra Azul,3103,Jequitinhonha,3,SE,Sudeste,IBGE_API
3133402,Itapagipe,MG,Minas Gerais,31,31021,Frutal,3105,Triângulo Mineiro/Alto Paranaíba,3,SE,Sudeste,IBGE_API
3133501,Itapecerica,MG,Minas Gerais,31,31044,Formiga,3109,Oeste de Minas,3,SE,Sudeste,IBGE_API
3133600,Itapeva,MG,Minas Gerais,31,31052,Pouso Alegre,3110,Sul/Sudoeste de Minas,3,SE,Sudeste,IBGE_API
3133709,Itatiaiuçu,MG,Minas Gerais,31,31032,Itaguara,3107,Metropolitana de Belo Horizonte,3,SE,Sudeste,IBGE_API
3133758,Itaú de Minas,MG,Minas Gerais,31,31047,Passos,3110,Sul/Sudoeste de Minas,3,SE,Sudeste,IBGE_API
3133808,Itaúna,MG,Minas Gerais,31,31043,Divinópolis,3109,Oeste de Minas,3,SE,Sudeste,IBGE_API
3133907,Itaverava,MG,Minas Gerais,31,31034,Conselheiro Lafaiete,3107,Metropolitana de Belo Horizonte,3,SE,Sudeste,IBGE_API
3134004,Itinga,MG,Minas Gerais,31,31012,Araçuaí,3103,Jequitinhonha,3,SE,Sudeste,IBGE_API
3134103,Itueta,MG,Minas Gerais,31,31041,Aimorés,3108,Vale do Rio Doce,3,SE,Sudeste,IBGE_API
3134202,Ituiutaba,MG,Minas Gerais,31,31017,Ituiutaba,3105,Triângulo Mineiro/Alto Paranaíba,3,SE,Sudeste,IBGE_API
3134301,Itumirim,MG,Minas Gerais,31,31057,Lavras,3111,Campo das Vertentes,3,SE,Sudeste,IBGE_API
3134400,Iturama,MG,Minas Gerais,31,31021,Frutal,3105,Triângulo Mineiro/Alto Paranaíba,3,SE,Sudeste,IBGE_API
3134509,Itutinga,MG,Minas Gerais,31,31057,Lavras,3111,Campo das Vertentes,3,SE,Sudeste,IBGE_API
3134608,Jaboticatubas,MG,Minas Gerais,31,31027,Sete Lagoas,3107,Metropolitana de Belo Horizonte,3,SE,Sudeste,IBGE_API
3134707,Jacinto,MG,Minas Gerais,31,31014,Almenara,3103,Jequitinhonha,3,SE,Sudeste,IBGE_API
3134806,Jacuí,MG,Minas Gerais,31,31048,São Sebastião do Paraíso,3110,Sul/Sudoeste de Minas,3,SE,Sudeste,IBGE_API
3134905,Jacutinga,MG,Minas Gerais,31,31051,Poços de Caldas,3110,Sul/Sudoeste de Minas,3,SE,Sudeste,IBGE_API
3135001,Jaguaraçu,MG,Minas Gerais,31,31039,Ipatinga,3108,Vale do Rio Doce,3,SE,Sudeste,IBGE_API
3135050,Jaíba,MG,Minas Gerais,31,31004,Janaúba,3102,Norte de Minas,3,SE,Sudeste,IBGE_API
3135076,Jampruca,MG,Minas Gerais,31,31037,Governador Valadares,3108,Vale do Rio Doce,3,SE,Sudeste,IBGE_API
3135100,Janaúba,MG,Minas Gerais,31,31004,Janaúba,3102,Norte de Minas,3,SE,Sudeste,IBGE_API
3135209,Januária,MG,Minas Gerais,31,31003,Januária,3102,Norte de Minas,3,SE,Sudeste,IBGE_API
3135308,Japaraíba,MG,Minas Gerais,31,31026,Bom Despacho,3106,Central Mineira,3,SE,Sudeste,IBGE_API
3135357,Japonvar,MG,Minas Gerais,31,31007,Montes Claros,3102,Norte de Minas,3,SE,Sudeste,IBGE_API
3135407,Jeceaba,MG,Minas Gerais,31,31032,Itaguara,3107,Metropolitana de Belo Horizonte,3,SE,Sudeste,IBGE_API
3135456,Jenipapo de Minas,MG,Minas Gerais,31,31011,Capelinha,3103,Jequitinhonha,3,SE,Sudeste,IBGE_API
3135506,Jequeri,MG,Minas Gerais,31,31060,Ponte Nova,3112,Zona da Mata,3,SE,Sudeste,IBGE_API
3135605,Jequitaí,MG,Minas Gerais,31,31006,Pirapora,3102,Norte de Minas,3,SE,Sudeste,IBGE_API
3135704,Jequitibá,MG,Minas Gerais,31,31027,Sete Lagoas,3107,Metropolitana de Belo Horizonte,3,SE,Sudeste,IBGE_API
3135803,Jequitinhonha,MG,Minas Gerais,31,31014,Almenara,3103,Jequitinhonha,3,SE,Sudeste,IBGE_API
3135902,Jesuânia,MG,Minas Gerais,31,31054,São Lourenço,3110,Sul/Sudoeste de Minas,3,SE,Sudeste,IBGE_API
3136009,Joaíma,MG,Minas Gerais,31,31014,Almenara,3103,Jequitinhonha,3,SE,Sudeste,IBGE_API
3136108,Joanésia,MG,Minas Gerais,31,31039,Ipatinga,3108,Vale do Rio Doce,3,SE,Sudeste,IBGE_API
3136207,João Monlevade,MG,Minas Gerais,31,31031,Itabira,3107,Metropolitana de Belo Horizonte,3,SE,Sudeste,IBGE_API
3136306,João Pinheiro,MG,Minas Gerais,31,31002,Paracatu,3101,Noroeste de Minas,3,SE,Sudeste,IBGE_API
3136405,Joaquim Felício,MG,Minas Gerais,31,31025,Curvelo,3106,Central Mineira,3,SE,Sudeste,IBGE_API
3136504,Jordânia,MG,Minas Gerais,31,31014,Almenara,3103,Jequitinhonha,3,SE,Sudeste,IBGE_API
3136520,José Gonçalves de Minas,MG,Minas Gerais,31,31011,Capelinha,3103,Jequitinhonha,3,SE,Sudeste,IBGE_API
3136553,José Raydan,MG,Minas Gerais,31,31036,Peçanha,3108,Vale do Rio Doce,3,SE,Sudeste,IBGE_API
3136579,Josenópolis,MG,Minas Gerais,31,31008,Grão Mogol,3102,Norte de Minas,3,SE,Sudeste,IBGE_API
3136603,Nova União,MG,Minas Gerais,31,31031,Itabira,3107,Metropolitana de Belo Horizonte,3,SE,Sudeste,IBGE_API
3136652,Juatuba,MG,Minas Gerais,31,31030,Belo Horizonte,3107,Metropolitana de Belo Horizonte,3,SE,Sudeste,IBGE_API
3136702,Juiz de Fora,MG,Minas Gerais,31,31065,Juiz de Fora,3112,Zona da Mata,3,SE,Sudeste,IBGE_API
3136801,Juramento,MG,Minas Gerais,31,31007,Montes Claros,3102,Norte de Minas,3,SE,Sudeste,IBGE_API
3136900,Juruaia,MG,Minas Gerais,31,31048,São Sebastião do Paraíso,3110,Sul/Sudoeste de Minas,3,SE,Sudeste,IBGE_API
3136959,Juvenília,MG,Minas Gerais,31,31003,Januária,3102,Norte de Minas,3,SE,Sudeste,IBGE_API
3137007,Ladainha,MG,Minas Gerais,31,31015,Teófilo Otoni,3104,Vale do Mucuri,3,SE,Sudeste,IBGE_API
3137106,Lagamar,MG,Minas Gerais,31,31002,Paracatu,3101,Noroeste de Minas,3,SE,Sudeste,IBGE_API
3137205,Lagoa da Prata,MG,Minas Gerais,31,31026,Bom Despacho,3106,Central Mineira,3,SE,Sudeste,IBGE_API
3137304,Lagoa dos Patos,MG,Minas Gerais,31,31006,Pirapora,3102,Norte de Minas,3,SE,Sudeste,IBGE_API
3137403,Lagoa Dourada,MG,Minas Gerais,31,31058,São João Del Rei,3111,Campo das Vertentes,3,SE,Sudeste,IBGE_API
3137502,Lagoa Formosa,MG,Minas Gerais,31,31020,Patos de Minas,3105,Triângulo Mineiro/Alto Paranaíba,3,SE,Sudeste,IBGE_API
3137536,Lagoa Grande,MG,Minas Gerais,31,31002,Paracatu,3101,Noroeste de Minas,3,SE,Sudeste,IBGE_API
3137601,Lagoa Santa,MG,Minas Gerais,31,31030,Belo Horizonte,3107,Metropolitana de Belo Horizonte,3,SE,Sudeste,IBGE_API
3137700,Lajinha,MG,Minas Gerais,31,31061,Manhuaçu,3112,Zona da Mata,3,SE,Sudeste,IBGE_API
3137809,Lambari,MG,Minas Gerais,31,31054,São Lourenço,3110,Sul/Sudoeste de Minas,3,SE,Sudeste,IBGE_API
3137908,Lamim,MG,Minas Gerais,31,31062,Viçosa,3112,Zona da Mata,3,SE,Sudeste,IBGE_API
3138005,Laranjal,MG,Minas Gerais,31,31066,Cataguases,3112,Zona da Mata,3,SE,Sudeste,IBGE_API
3138104,Lassance,MG,Minas Gerais,31,31006,Pirapora,3102,Norte de Minas,3,SE,Sudeste,IBGE_API
3138203,Lavras,MG,Minas Gerais,31,31057,Lavras,3111,Campo das Vertentes,3,SE,Sudeste,IBGE_API
3138302,Leandro Ferreira,MG,Minas Gerais,31,31026,Bom Despacho,3106,Central Mineira,3,SE,Sudeste,IBGE_API
3138351,Leme do Prado,MG,Minas Gerais,31,31011,Capelinha,3103,Jequitinhonha,3,SE,Sudeste,IBGE_API
3138401,Leopoldina,MG,Minas Gerais,31,31066,Cataguases,3112,Zona da Mata,3,SE,Sudeste,IBGE_API
3138500,Liberdade,MG,Minas Gerais,31,31055,Andrelândia,3110,Sul/Sudoeste de Minas,3,SE,Sudeste,IBGE_API
3138609,Lima Duarte,MG,Minas Gerais,31,31065,Juiz de Fora,3112,Zona da Mata,3,SE,Sudeste,IBGE_API
3138625,Limeira do Oeste,MG,Minas Gerais,31,31021,Frutal,3105,Triângulo Mineiro/Alto Paranaíba,3,SE,Sudeste,IBGE_API
3138658,Lontra,MG,Minas Gerais,31,31007,Montes Claros,3102,Norte de Minas,3,SE,Sudeste,IBGE_API
3138674,Luisburgo,MG,Minas Gerais,31,31061,Manhuaçu,3112,Zona da Mata,3,SE,Sudeste,IBGE_API
3138682,Luislândia,MG,Minas Gerais,31,31007,Montes Claros,3102,Norte de Minas,3,SE,Sudeste,IBGE_API
3138708,Luminárias,MG,Minas Gerais,31,31057,Lavras,3111,Campo das Vertentes,3,SE,Sudeste,IBGE_API
3138807,Luz,MG,Minas Gerais,31,31026,Bom Despacho,3106,Central Mineira,3,SE,Sudeste,IBGE_API
3138906,Machacalis,MG,Minas Gerais,31,31016,Nanuque,3104,Vale do Mucuri,3,SE,Sudeste,IBGE_API
3139003,Machado,MG,Minas Gerais,31,31049,Alfenas,3110,Sul/Sudoeste de Minas,3,SE,Sudeste,IBGE_API
3139102,Madre de Deus de Minas,MG,Minas Gerais,31,31058,São João Del Rei,3111,Campo das Vertentes,3,SE,Sudeste,IBGE_API
3139201,Malacacheta,MG,Minas Gerais,31,31015,Teófilo Otoni,3104,Vale do Mucuri,3,SE,Sudeste,IBGE_API
3139250,Mamonas,MG,Minas Gerais,31,31004,Janaúba,3102,Norte de Minas,3,SE,Sudeste,IBGE_API
3139300,Manga,MG,Minas Gerais,31,31003,Januária,3102,Norte de Minas,3,SE,Sudeste,IBGE_API
3139409,Manhuaçu,MG,Minas Gerais,31,31061,Manhuaçu,3112,Zona da Mata,3,SE,Sudeste,IBGE_API
3139508,Manhumirim,MG,Minas Gerais,31,31061,Manhuaçu,3112,Zona da Mata,3,SE,Sudeste,IBGE_API
3139607,Mantena,MG,Minas Gerais,31,31038,Mantena,3108,Vale do Rio Doce,3,SE,Sudeste,IBGE_API
3139706,Maravilhas,MG,Minas Gerais,31,31027,Sete Lagoas,3107,Metropolitana de Belo Horizonte,3,SE,Sudeste,IBGE_API
3139805,Mar de Espanha,MG,Minas Gerais,31,31065,Juiz de Fora,3112,Zona da Mata,3,SE,Sudeste,IBGE_API
3139904,Maria da Fé,MG,Minas Gerais,31,31056,Itajubá,3110,Sul/Sudoeste de Minas,3,SE,Sudeste,IBGE_API
3140001,Mariana,MG,Minas Gerais,31,31033,Ouro Preto,3107,Metropolitana de Belo Horizonte,3,SE,Sudeste,IBGE_API
3140100,Marilac,MG,Minas Gerais,31,31037,Governador Valadares,3108,Vale do Rio Doce,3,SE,Sudeste,IBGE_API
3140159,Mário Campos,MG,Minas Gerais,31,31030,Belo Horizonte,3107,Metropolitana de Belo Horizonte,3,SE,Sudeste,IBGE_API
3140209,Maripá de Minas,MG,Minas Gerais,31,31065,Juiz de Fora,3112,Zona da Mata,3,SE,Sudeste,IBGE_API
3140308,Marliéria,MG,Minas Gerais,31,31039,Ipatinga,3108,Vale do Rio Doce,3,SE,Sudeste,IBGE_API
3140407,Marmelópolis,MG,Minas Gerais,31,31056,Itajubá,3110,Sul/Sudoeste de Minas,3,SE,Sudeste,IBGE_API
3140506,Martinho Campos,MG,Minas Gerais,31,31026,Bom Despacho,3106,Central Mineira,3,SE,Sudeste,IBGE_API
3140530,Martins Soares,MG,Minas Gerais,31,31061,Manhuaçu,3112,Zona da Mata,3,SE,Sudeste,IBGE_API
3140555,Mata Verde,MG,Minas Gerais,31,31014,Almenara,3103,Jequitinhonha,3,SE,Sudeste,IBGE_API
3140605,Materlândia,MG,Minas Gerais,31,31035,Guanhães,3108,Vale do Rio Doce,3,SE,Sudeste,IBGE_API
3140704,Mateus Leme,MG,Minas Gerais,31,31030,Belo Horizonte,3107,Metropolitana de Belo Horizonte,3,SE,Sudeste,IBGE_API
3140803,Matias Barbosa,MG,Minas Gerais,31,31065,Juiz de Fora,3112,Zona da Mata,3,SE,Sudeste,IBGE_API
3140852,Matias Cardoso,MG,Minas Gerais,31,31003,Januária,3102,Norte de Minas,3,SE,Sudeste,IBGE_API
3140902,Matipó,MG,Minas Gerais,31,31061,Manhuaçu,3112,Zona da Mata,3,SE,Sudeste,IBGE_API
3141009,Mato Verde,MG,Minas Gerais,31,31004,Janaúba,3102,Norte de Minas,3,SE,Sudeste,IBGE_API
3141108,Matozinhos,MG,Minas Gerais,31,31027,Sete Lagoas,3107,Metropolitana de Belo Horizonte,3,SE,Sudeste,IBGE_API
3141207,Matutina,MG,Minas Gerais,31,31020,Patos de Minas,3105,Triângulo Mineiro/Alto Paranaíba,3,SE,Sudeste,IBGE_API
3141306,Medeiros,MG,Minas Gerais,31,31042,Piuí,3109,Oeste de Minas,3,SE,Sudeste,IBGE_API
3141405,Medina,MG,Minas Gerais,31,31013,Pedra Azul,3103,Jequitinhonha,3,SE,Sudeste,IBGE_API
3141504,Mendes Pimentel,MG,Minas Gerais,31,31038,Mantena,3108,Vale do Rio Doce,3,SE,Sudeste,IBGE_API
3141603,Mercês,MG,Minas Gerais,31,31064,Ubá,3112,Zona da Mata,3,SE,Sudeste,IBGE_API
3141702,Mesquita,MG,Minas Gerais,31,31039,Ipatinga,3108,Vale do Rio Doce,3,SE,Sudeste,IBGE_API
3141801,Minas Novas,MG,Minas Gerais,31,31011,Capelinha,3103,Jequitinhonha,3,SE,Sudeste,IBGE_API
3141900,Minduri,MG,Minas Gerais,31,31055,Andrelândia,3110,Sul/Sudoeste de Minas,3,SE,Sudeste,IBGE_API
3142007,Mirabela,MG,Minas Gerais,31,31007,Montes Claros,3102,Norte de Minas,3,SE,Sudeste,IBGE_API
3142106,Miradouro,MG,Minas Gerais,31,31063,Muriaé,3112,Zona da Mata,3,SE,Sudeste,IBGE_API
3142205,Miraí,MG,Minas Gerais,31,31063,Muriaé,3112,Zona da Mata,3,SE,Sudeste,IBGE_API
3142254,Miravânia,MG,Minas Gerais,31,31003,Januária,3102,Norte de Minas,3,SE,Sudeste,IBGE_API
3142304,Moeda,MG,Minas Gerais,31,31032,Itaguara,3107,Metropolitana de Belo Horizonte,3,SE,Sudeste,IBGE_API
3142403,Moema,MG,Minas Gerais,31,31026,Bom Despacho,3106,Central Mineira,3,SE,Sudeste,IBGE_API
3142502,Monjolos,MG,Minas Gerais,31,31025,Curvelo,3106,Central Mineira,3,SE,Sudeste,IBGE_API
3142601,Monsenhor Paulo,MG,Minas Gerais,31,31050,Varginha,3110,Sul/Sudoeste de Minas,3,SE,Sudeste,IBGE_API
3142700,Montalvânia,MG,Minas Gerais,31,31003,Januária,3102,Norte de Minas,3,SE,Sudeste,IBGE_API
3142809,Monte Alegre de Minas,MG,Minas Gerais,31,31018,Uberlândia,3105,Triângulo Mineiro/Alto Paranaíba,3,SE,Sudeste,IBGE_API
3142908,Monte Azul,MG,Minas Gerais,31,31004,Janaúba,3102,Norte de Minas,3,SE,Sudeste,IBGE_API
3143005,Monte Belo,MG,Minas Gerais,31,31048,São Sebastião do Paraíso,3110,Sul/Sudoeste de Minas,3,SE,Sudeste,IBGE_API
3143104,Monte Carmelo,MG,Minas Gerais,31,31019,Patrocínio,3105,Triângulo Mineiro/Alto Paranaíba,3,SE,Sudeste,IBGE_API
3143153,Monte Formoso,MG,Minas Gerais,31,31014,Almenara,3103,Jequitinhonha,3,SE,Sudeste,IBGE_API
3143203,Monte Santo de Minas,MG,Minas Gerais,31,31048,São Sebastião do Paraíso,3110,Sul/Sudoeste de Minas,3,SE,Sudeste,IBGE_API
3143302,Montes Claros,MG,Minas Gerais,31,31007,Montes Claros,3102,Norte de Minas,3,SE,Sudeste,IBGE_API
3143401,Monte Sião,MG,Minas Gerais,31,31051,Poços de Caldas,3110,Sul/Sudoeste de Minas,3,SE,Sudeste,IBGE_API
3143450,Montezuma,MG,Minas Gerais,31,31005,Salinas,3102,Norte de Minas,3,SE,Sudeste,IBGE_API
3143500,Morada Nova de Minas,MG,Minas Gerais,31,31024,Três Marias,3106,Central Mineira,3,SE,Sudeste,IBGE_API
3143609,Morro da Garça,MG,Minas Gerais,31,31025,Curvelo,3106,Central Mineira,3,SE,Sudeste,IBGE_API
3143708,Morro do Pilar,MG,Minas Gerais,31,31028,Conceição do Mato Dentro,3107,Metropolitana de Belo Horizonte,3,SE,Sudeste,IBGE_API
3143807,Munhoz,MG,Minas Gerais,31,31052,Pouso Alegre,3110,Sul/Sudoeste de Minas,3,SE,Sudeste,IBGE_API
3143906,Muriaé,MG,Minas Gerais,31,31063,Muriaé,3112,Zona da Mata,3,SE,Sudeste,IBGE_API
3144003,Mutum,MG,Minas Gerais,31,31041,Aimorés,3108,Vale do Rio Doce,3,SE,Sudeste,IBGE_API
3144102,Muzambinho,MG,Minas Gerais,31,31048,São Sebastião do Paraíso,3110,Sul/Sudoeste de Minas,3,SE,Sudeste,IBGE_API
3144201,Nacip Raydan,MG,Minas Gerais,31,31037,Governador Valadares,3108,Vale do Rio Doce,3,SE,Sudeste,IBGE_API
3144300,Nanuque,MG,Minas Gerais,31,31016,Nanuque,3104,Vale do Mucuri,3,SE,Sudeste,IBGE_API
3144359,Naque,MG,Minas Gerais,31,31039,Ipatinga,3108,Vale do Rio Doce,3,SE,Sudeste,IBGE_API
3144375,Natalândia,MG,Minas Gerais,31,31001,Unaí,3101,Noroeste de Minas,3,SE,Sudeste,IBGE_API
3144409,Natércia,MG,Minas Gerais,31,31053,Santa Rita do Sapucaí,3110,Sul/Sudoeste de Minas,3,SE,Sudeste,IBGE_API
3144508,Nazareno,MG,Minas Gerais,31,31058,São João Del Rei,3111,Campo das Vertentes,3,SE,Sudeste,IBGE_API
3144607,Nepomuceno,MG,Minas Gerais,31,31057,Lavras,3111,Campo das Vertentes,3,SE,Sudeste,IBGE_API
3144656,Ninheira,MG,Minas Gerais,31,31005,Salinas,3102,Norte de Minas,3,SE,Sudeste,IBGE_API
3144672,Nova Belém,MG,Minas Gerais,31,31038,Mantena,3108,Vale do Rio Doce,3,SE,Sudeste,IBGE_API
3144706,Nova Era,MG,Minas Gerais,31,31031,Itabira,3107,Metropolitana de Belo Horizonte,3,SE,Sudeste,IBGE_API
3144805,Nova Lima,MG,Minas Gerais,31,31030,Belo Horizonte,3107,Metropolitana de Belo Horizonte,3,SE,Sudeste,IBGE_API
3144904,Nova Módica,MG,Minas Gerais,31,31037,Governador Valadares,3108,Vale do Rio Doce,3,SE,Sudeste,IBGE_API
3145000,Nova Ponte,MG,Minas Gerais,31,31023,Araxá,3105,Triângulo Mineiro/Alto Paranaíba,3,SE,Sudeste,IBGE_API
3145059,Nova Porteirinha,MG,Minas Gerais,31,31004,Janaúba,3102,Norte de Minas,3,SE,Sudeste,IBGE_API
3145109,Nova Resende,MG,Minas Gerais,31,31048,São Sebastião do Paraíso,3110,Sul/Sudoeste de Minas,3,SE,Sudeste,IBGE_API
3145208,Nova Serrana,MG,Minas Gerais,31,31043,Divinópolis,3109,Oeste de Minas,3,SE,Sudeste,IBGE_API
3145307,Novo Cruzeiro,MG,Minas Gerais,31,31012,Araçuaí,3103,Jequitinhonha,3,SE,Sudeste,IBGE_API
3145356,Novo Oriente de Minas,MG,Minas Gerais,31,31015,Teófilo Otoni,3104,Vale do Mucuri,3,SE,Sudeste,IBGE_API
3145372,Novorizonte,MG,Minas Gerais,31,31005,Salinas,3102,Norte de Minas,3,SE,Sudeste,IBGE_API
3145406,Olaria,MG,Minas Gerais,31,31065,Juiz de Fora,3112,Zona da Mata,3,SE,Sudeste,IBGE_API
3145455,Olhos-d'Água,MG,Minas Gerais,31,31009,Bocaiúva,3102,Norte de Minas,3,SE,Sudeste,IBGE_API
3145505,Olímpio Noronha,MG,Minas Gerais,31,31054,São Lourenço,3110,Sul/Sudoeste de Minas,3,SE,Sudeste,IBGE_API
3145604,Oliveira,MG,Minas Gerais,31,31046,Oliveira,3109,Oeste de Minas,3,SE,Sudeste,IBGE_API
3145703,Oliveira Fortes,MG,Minas Gerais,31,31065,Juiz de Fora,3112,Zona da Mata,3,SE,Sudeste,IBGE_API
3145802,Onça de Pitangui,MG,Minas Gerais,31,31029,Pará de Minas,3107,Metropolitana de Belo Horizonte,3,SE,Sudeste,IBGE_API
3145851,Oratórios,MG,Minas Gerais,31,31060,Ponte Nova,3112,Zona da Mata,3,SE,Sudeste,IBGE_API
3145877,Orizânia,MG,Minas Gerais,31,31063,Muriaé,3112,Zona da Mata,3,SE,Sudeste,IBGE_API
3145901,Ouro Branco,MG,Minas Gerais,31,31034,Conselheiro Lafaiete,3107,Metropolitana de Belo Horizonte,3,SE,Sudeste,IBGE_API
3146008,Ouro Fino,MG,Minas Gerais,31,31051,Poços de Caldas,3110,Sul/Sudoeste de Minas,3,SE,Sudeste,IBGE_API
3146107,Ouro Preto,MG,Minas Gerais,31,31033,Ouro Preto,3107,Metropolitana de Belo Horizonte,3,SE,Sudeste,IBGE_API
3146206,Ouro Verde de Minas,MG,Minas Gerais,31,31015,Teófilo Otoni,3104,Vale do Mucuri,3,SE,Sudeste,IBGE_API
3146255,Padre Carvalho,MG,Minas Gerais,31,31008,Grão Mogol,3102,Norte de Minas,3,SE,Sudeste,IBGE_API
3146305,Padre Paraíso,MG,Minas Gerais,31,31012,Araçuaí,3103,Jequitinhonha,3,SE,Sudeste,IBGE_API
3146404,Paineiras,MG,Minas Gerais,31,31024,Três Marias,3106,Central Mineira,3,SE,Sudeste,IBGE_API
3146503,Pains,MG,Minas Gerais,31,31044,Formiga,3109,Oeste de Minas,3,SE,Sudeste,IBGE_API
3146552,Pai Pedro,MG,Minas Gerais,31,31004,Janaúba,3102,Norte de Minas,3,SE,Sudeste,IBGE_API
3146602,Paiva,MG,Minas Gerais,31,31065,Juiz de Fora,3112,Zona da Mata,3,SE,Sudeste,IBGE_API
3146701,Palma,MG,Minas Gerais,31,31066,Cataguases,3112,Zona da Mata,3,SE,Sudeste,IBGE_API
3146750,Palmópolis,MG,Minas Gerais,31,31014,Almenara,3103,Jequitinhonha,3,SE,Sudeste,IBGE_API
3146909,Papagaios,MG,Minas Gerais,31,31027,Sete Lagoas,3107,Metropolitana de Belo Horizonte,3,SE,Sudeste,IBGE_API
3147006,Paracatu,MG,Minas Gerais,31,31002,Paracatu,3101,Noroeste de Minas,3,SE,Sudeste,IBGE_API
3147105,Pará de Minas,MG,Minas Gerais,31,31029,Pará de Minas,3107,Metropolitana de Belo Horizonte,3,SE,Sudeste,IBGE_API
3147204,Paraguaçu,MG,Minas Gerais,31,31049,Alfenas,3110,Sul/Sudoeste de Minas,3,SE,Sudeste,IBGE_API
3147303,Paraisópolis,MG,Minas Gerais,31,31056,Itajubá,3110,Sul/Sudoeste de Minas,3,SE,Sudeste,IBGE_API
3147402,Paraopeba,MG,Minas Gerais,31,31027,Sete Lagoas,3107,Metropolitana de Belo Horizonte,3,SE,Sudeste,IBGE_API
3147501,Passabém,MG,Minas Gerais,31,31028,Conceição do Mato Dentro,3107,Metropolitana de Belo Horizonte,3,SE,Sudeste,IBGE_API
3147600,Passa Quatro,MG,Minas Gerais,31,31054,São Lourenço,3110,Sul/Sudoeste de Minas,3,SE,Sudeste,IBGE_API
3147709,Passa Tempo,MG,Minas Gerais,31,31046,Oliveira,3109,Oeste de Minas,3,SE,Sudeste,IBGE_API
3147808,Passa Vinte,MG,Minas Gerais,31,31055,Andrelândia,3110,Sul/Sudoeste de Minas,3,SE,Sudeste,IBGE_API
3147907,Passos,MG,Minas Gerais,31,31047,Passos,3110,Sul/Sudoeste de Minas,3,SE,Sudeste,IBGE_API
3147956,Patis,MG,Minas Gerais,31,31007,Montes Claros,3102,Norte de Minas,3,SE,Sudeste,IBGE_API
3148004,Patos de Minas,MG,Minas Gerais,31,31020,Patos de Minas,3105,Triângulo Mineiro/Alto Paranaíba,3,SE,Sudeste,IBGE_API
3148103,Patrocínio,MG,Minas Gerais,31,31019,Patrocínio,3105,Triângulo Mineiro/Alto Paranaíba,3,SE,Sudeste,IBGE_API
3148202,Patrocínio do Muriaé,MG,Minas Gerais,31,31063,Muriaé,3112,Zona da Mata,3,SE,Sudeste,IBGE_API
3148301,Paula Cândido,MG,Minas Gerais,31,31062,Viçosa,3112,Zona da Mata,3,SE,Sudeste,IBGE_API
3148400,Paulistas,MG,Minas Gerais,31,31035,Guanhães,3108,Vale do Rio Doce,3,SE,Sudeste,IBGE_API
3148509,Pavão,MG,Minas Gerais,31,31015,Teófilo Otoni,3104,Vale do Mucuri,3,SE,Sudeste,IBGE_API
3148608,Peçanha,MG,Minas Gerais,31,31036,Peçanha,3108,Vale do Rio Doce,3,SE,Sudeste,IBGE_API
3148707,Pedra Azul,MG,Minas Gerais,31,31013,Pedra Azul,3103,Jequitinhonha,3,SE,Sudeste,IBGE_API
3148756,Pedra Bonita,MG,Minas Gerais,31,31061,Manhuaçu,3112,Zona da Mata,3,SE,Sudeste,IBGE_API
3148806,Pedra do Anta,MG,Minas Gerais,31,31062,Viçosa,3112,Zona da Mata,3,SE,Sudeste,IBGE_API
3148905,Pedra do Indaiá,MG,Minas Gerais,31,31044,Formiga,3109,Oeste de Minas,3,SE,Sudeste,IBGE_API
3149002,Pedra Dourada,MG,Minas Gerais,31,31063,Muriaé,3112,Zona da Mata,3,SE,Sudeste,IBGE_API
3149101,Pedralva,MG,Minas Gerais,31,31053,Santa Rita do Sapucaí,3110,Sul/Sudoeste de Minas,3,SE,Sudeste,IBGE_API
3149150,Pedras de Maria da Cruz,MG,Minas Gerais,31,31003,Januária,3102,Norte de Minas,3,SE,Sudeste,IBGE_API
3149200,Pedrinópolis,MG,Minas Gerais,31,31023,Araxá,3105,Triângulo Mineiro/Alto Paranaíba,3,SE,Sudeste,IBGE_API
3149309,Pedro Leopoldo,MG,Minas Gerais,31,31030,Belo Horizonte,3107,Metropolitana de Belo Horizonte,3,SE,Sudeste,IBGE_API
3149408,Pedro Teixeira,MG,Minas Gerais,31,31065,Juiz de Fora,3112,Zona da Mata,3,SE,Sudeste,IBGE_API
3149507,Pequeri,MG,Minas Gerais,31,31065,Juiz de Fora,3112,Zona da Mata,3,SE,Sudeste,IBGE_API
3149606,Pequi,MG,Minas Gerais,31,31027,Sete Lagoas,3107,Metropolitana de Belo Horizonte,3,SE,Sudeste,IBGE_API
3149705,Perdigão,MG,Minas Gerais,31,31043,Divinópolis,3109,Oeste de Minas,3,SE,Sudeste,IBGE_API
3149804,Perdizes,MG,Minas Gerais,31,31023,Araxá,3105,Triângulo Mineiro/Alto Paranaíba,3,SE,Sudeste,IBGE_API
3149903,Perdões,MG,Minas Gerais,31,31045,Campo Belo,3109,Oeste de Minas,3,SE,Sudeste,IBGE_API
3149952,Periquito,MG,Minas Gerais,31,31039,Ipatinga,3108,Vale do Rio Doce,3,SE,Sudeste,IBGE_API
3150000,Pescador,MG,Minas Gerais,31,31037,Governador Valadares,3108,Vale do Rio Doce,3,SE,Sudeste,IBGE_API
3150109,Piau,MG,Minas Gerais,31,31065,Juiz de Fora,3112,Zona da Mata,3,SE,Sudeste,IBGE_API
3150158,Piedade de Caratinga,MG,Minas Gerais,31,31040,Caratinga,3108,Vale do Rio Doce,3,SE,Sudeste,IBGE_API
3150208,Piedade de Ponte Nova,MG,Minas Gerais,31,31060,Ponte Nova,3112,Zona da Mata,3,SE,Sudeste,IBGE_API
3150307,Piedade do Rio Grande,MG,Minas Gerais,31,31058,São João Del Rei,3111,Campo das Vertentes,3,SE,Sudeste,IBGE_API
3150406,Piedade dos Gerais,MG,Minas Gerais,31,31032,Itaguara,3107,Metropolitana de Belo Horizonte,3,SE,Sudeste,IBGE_API
3150505,Pimenta,MG,Minas Gerais,31,31044,Formiga,3109,Oeste de Minas,3,SE,Sudeste,IBGE_API
3150539,Pingo-d'Água,MG,Minas Gerais,31,31040,Caratinga,3108,Vale do Rio Doce,3,SE,Sudeste,IBGE_API
3150570,Pintópolis,MG,Minas Gerais,31,31003,Januária,3102,Norte de Minas,3,SE,Sudeste,IBGE_API
3150604,Piracema,MG,Minas Gerais,31,31046,Oliveira,3109,Oeste de Minas,3,SE,Sudeste,IBGE_API
3150703,Pirajuba,MG,Minas Gerais,31,31021,Frutal,3105,Triângulo Mineiro/Alto Paranaíba,3,SE,Sudeste,IBGE_API
3150802,Piranga,MG,Minas Gerais,31,31062,Viçosa,3112,Zona da Mata,3,SE,Sudeste,IBGE_API
3150901,Piranguçu,MG,Minas Gerais,31,31056,Itajubá,3110,Sul/Sudoeste de Minas,3,SE,Sudeste,IBGE_API
3151008,Piranguinho,MG,Minas Gerais,31,31056,Itajubá,3110,Sul/Sudoeste de Minas,3,SE,Sudeste,IBGE_API
3151107,Pirapetinga,MG,Minas Gerais,31,31066,Cataguases,3112,Zona da Mata,3,SE,Sudeste,IBGE_API
3151206,Pirapora,MG,Minas Gerais,31,31006,Pirapora,3102,Norte de Minas,3,SE,Sudeste,IBGE_API
3151305,Piraúba,MG,Minas Gerais,31,31064,Ubá,3112,Zona da Mata,3,SE,Sudeste,IBGE_API
3151404,Pitangui,MG,Minas Gerais,31,31029,Pará de Minas,3107,Metropolitana de Belo Horizonte,3,SE,Sudeste,IBGE_API
3151503,Piumhi,MG,Minas Gerais,31,31042,Piuí,3109,Oeste de Minas,3,SE,Sudeste,IBGE_API
3151602,Planura,MG,Minas Gerais,31,31021,Frutal,3105,Triângulo Mineiro/Alto Paranaíba,3,SE,Sudeste,IBGE_API
3151701,Poço Fundo,MG,Minas Gerais,31,31049,Alfenas,3110,Sul/Sudoeste de Minas,3,SE,Sudeste,IBGE_API
3151800,Poços de Caldas,MG,Minas Gerais,31,31051,Poços de Caldas,3110,Sul/Sudoeste de Minas,3,SE,Sudeste,IBGE_API
3151909,Pocrane,MG,Minas Gerais,31,31041,Aimorés,3108,Vale do Rio Doce,3,SE,Sudeste,IBGE_API
3152006,Pompéu,MG,Minas Gerais,31,31024,Três Marias,3106,Central Mineira,3,SE,Sudeste,IBGE_API
3152105,Ponte Nova,MG,Minas Gerais,31,31060,Ponte Nova,3112,Zona da Mata,3,SE,Sudeste,IBGE_API
3152131,Ponto Chique,MG,Minas Gerais,31,31007,Montes Claros,3102,Norte de Minas,3,SE,Sudeste,IBGE_API
3152170,Ponto dos Volantes,MG,Minas Gerais,31,31012,Araçuaí,3103,Jequitinhonha,3,SE,Sudeste,IBGE_API
3152204,Porteirinha,MG,Minas Gerais,31,31004,Janaúba,3102,Norte de Minas,3,SE,Sudeste,IBGE_API
3152303,Porto Firme,MG,Minas Gerais,31,31062,Viçosa,3112,Zona da Mata,3,SE,Sudeste,IBGE_API
3152402,Poté,MG,Minas Gerais,31,31015,Teófilo Otoni,3104,Vale do Mucuri,3,SE,Sudeste,IBGE_API
3152501,Pouso Alegre,MG,Minas Gerais,31,31052,Pouso Alegre,3110,Sul/Sudoeste de Minas,3,SE,Sudeste,IBGE_API
3152600,Pouso Alto,MG,Minas Gerais,31,31054,São Lourenço,3110,Sul/Sudoeste de Minas,3,SE,Sudeste,IBGE_API
3152709,Prados,MG,Minas Gerais,31,31058,São João Del Rei,3111,Campo das Vertentes,3,SE,Sudeste,IBGE_API
3152808,Prata,MG,Minas Gerais,31,31018,Uberlândia,3105,Triângulo Mineiro/Alto Paranaíba,3,SE,Sudeste,IBGE_API
3152907,Pratápolis,MG,Minas Gerais,31,31047,Passos,3110,Sul/Sudoeste de Minas,3,SE,Sudeste,IBGE_API
3153004,Pratinha,MG,Minas Gerais,31,31023,Araxá,3105,Triângulo Mineiro/Alto Paranaíba,3,SE,Sudeste,IBGE_API
3153103,Presidente Bernardes,MG,Minas Gerais,31,31062,Viçosa,3112,Zona da Mata,3,SE,Sudeste,IBGE_API
3153202,Presidente Juscelino,MG,Minas Gerais,31,31025,Curvelo,3106,Central Mineira,3,SE,Sudeste,IBGE_API
3153301,Presidente Kubitschek,MG,Minas Gerais,31,31010,Diamantina,3103,Jequitinhonha,3,SE,Sudeste,IBGE_API
3153400,Presidente Olegário,MG,Minas Gerais,31,31002,Paracatu,3101,Noroeste de Minas,3,SE,Sudeste,IBGE_API
3153509,Alto Jequitibá,MG,Minas Gerais,31,31061,Manhuaçu,3112,Zona da Mata,3,SE,Sudeste,IBGE_API
3153608,Prudente de Morais,MG,Minas Gerais,31,31027,Sete Lagoas,3107,Metropolitana de Belo Horizonte,3,SE,Sudeste,IBGE_API
3153707,Quartel Geral,MG,Minas Gerais,31,31026,Bom Despacho,3106,Central Mineira,3,SE,Sudeste,IBGE_API
3153806,Queluzito,MG,Minas Gerais,31,31034,Conselheiro Lafaiete,3107,Metropolitana de Belo Horizonte,3,SE,Sudeste,IBGE_API
3153905,Raposos,MG,Minas Gerais,31,31030,Belo Horizonte,3107,Metropolitana de Belo Horizonte,3,SE,Sudeste,IBGE_API
3154002,Raul Soares,MG,Minas Gerais,31,31060,Ponte Nova,3112,Zona da Mata,3,SE,Sudeste,IBGE_API
3154101,Recreio,MG,Minas Gerais,31,31066,Cataguases,3112,Zona da Mata,3,SE,Sudeste,IBGE_API
3154150,Reduto,MG,Minas Gerais,31,31061,Manhuaçu,3112,Zona da Mata,3,SE,Sudeste,IBGE_API
3154200,Resende Costa,MG,Minas Gerais,31,31058,São João Del Rei,3111,Campo das Vertentes,3,SE,Sudeste,IBGE_API
3154309,Resplendor,MG,Minas Gerais,31,31041,Aimorés,3108,Vale do Rio Doce,3,SE,Sudeste,IBGE_API
3154408,Ressaquinha,MG,Minas Gerais,31,31059,Barbacena,3111,Campo das Vertentes,3,SE,Sudeste,IBGE_API
3154457,Riachinho,MG,Minas Gerais,31,31006,Pirapora,3102,Norte de Minas,3,SE,Sudeste,IBGE_API
3154507,Riacho dos Machados,MG,Minas Gerais,31,31004,Janaúba,3102,Norte de Minas,3,SE,Sudeste,IBGE_API
3154606,Ribeirão das Neves,MG,Minas Gerais,31,31030,Belo Horizonte,3107,Metropolitana de Belo Horizonte,3,SE,Sudeste,IBGE_API
3154705,Ribeirão Vermelho,MG,Minas Gerais,31,31057,Lavras,3111,Campo das Vertentes,3,SE,Sudeste,IBGE_API
3154804,Rio Acima,MG,Minas Gerais,31,31030,Belo Horizonte,3107,Metropolitana de Belo Horizonte,3,SE,Sudeste,IBGE_API
3154903,Rio Casca,MG,Minas Gerais,31,31060,Ponte Nova,3112,Zona da Mata,3,SE,Sudeste,IBGE_API
3155009,Rio Doce,MG,Minas Gerais,31,31060,Ponte Nova,3112,Zona da Mata,3,SE,Sudeste,IBGE_API
3155108,Rio do Prado,MG,Minas Gerais,31,31014,Almenara,3103,Jequitinhonha,3,SE,Sudeste,IBGE_API
3155207,Rio Espera,MG,Minas Gerais,31,31062,Viçosa,3112,Zona da Mata,3,SE,Sudeste,IBGE_API
3155306,Rio Manso,MG,Minas Gerais,31,31032,Itaguara,3107,Metropolitana de Belo Horizonte,3,SE,Sudeste,IBGE_API
3155405,Rio Novo,MG,Minas Gerais,31,31065,Juiz de Fora,3112,Zona da Mata,3,SE,Sudeste,IBGE_API
3155504,Rio Paranaíba,MG,Minas Gerais,31,31020,Patos de Minas,3105,Triângulo Mineiro/Alto Paranaíba,3,SE,Sudeste,IBGE_API
3155603,Rio Pardo de Minas,MG,Minas Gerais,31,31005,Salinas,3102,Norte de Minas,3,SE,Sudeste,IBGE_API
3155702,Rio Piracicaba,MG,Minas Gerais,31,31031,Itabira,3107,Metropolitana de Belo Horizonte,3,SE,Sudeste,IBGE_API
3155801,Rio Pomba,MG,Minas Gerais,31,31064,Ubá,3112,Zona da Mata,3,SE,Sudeste,IBGE_API
3155900,Rio Preto,MG,Minas Gerais,31,31065,Juiz de Fora,3112,Zona da Mata,3,SE,Sudeste,IBGE_API
3156007,Rio Vermelho,MG,Minas Gerais,31,31028,Conceição do Mato Dentro,3107,Metropolitana de Belo Horizonte,3,SE,Sudeste,IBGE_API
3156106,Ritápolis,MG,Minas Gerais,31,31058,São João Del Rei,3111,Campo das Vertentes,3,SE,Sudeste,IBGE_API
3156205,Rochedo de Minas,MG,Minas Gerais,31,31065,Juiz de Fora,3112,Zona da Mata,3,SE,Sudeste,IBGE_API
3156304,Rodeiro,MG,Minas Gerais,31,31064,Ubá,3112,Zona da Mata,3,SE,Sudeste,IBGE_API
3156403,Romaria,MG,Minas Gerais,31,31019,Patrocínio,3105,Triângulo Mineiro/Alto Paranaíba,3,SE,Sudeste,IBGE_API
3156452,Rosário da Limeira,MG,Minas Gerais,31,31063,Muriaé,3112,Zona da Mata,3,SE,Sudeste,IBGE_API
3156502,Rubelita,MG,Minas Gerais,31,31005,Salinas,3102,Norte de Minas,3,SE,Sudeste,IBGE_API
3156601,Rubim,MG,Minas Gerais,31,31014,Almenara,3103,Jequitinhonha,3,SE,Sudeste,IBGE_API
3156700,Sabará,MG,Minas Gerais,31,31030,Belo Horizonte,3107,Metropolitana de Belo Horizonte,3,SE,Sudeste,IBGE_API
3156809,Sabinópolis,MG,Minas Gerais,31,31035,Guanhães,3108,Vale do Rio Doce,3,SE,Sudeste,IBGE_API
3156908,Sacramento,MG,Minas Gerais,31,31023,Araxá,3105,Triângulo Mineiro/Alto Paranaíba,3,SE,Sudeste,IBGE_API
3157005,Salinas,MG,Minas Gerais,31,31005,Salinas,3102,Norte de Minas,3,SE,Sudeste,IBGE_API
3157104,Salto da Divisa,MG,Minas Gerais,31,31014,Almenara,3103,Jequitinhonha,3,SE,Sudeste,IBGE_API
3157203,Santa Bárbara,MG,Minas Gerais,31,31031,Itabira,3107,Metropolitana de Belo Horizonte,3,SE,Sudeste,IBGE_API
3157252,Santa Bárbara do Leste,MG,Minas Gerais,31,31040,Caratinga,3108,Vale do Rio Doce,3,SE,Sudeste,IBGE_API
3157278,Santa Bárbara do Monte Verde,MG,Minas Gerais,31,31065,Juiz de Fora,3112,Zona da Mata,3,SE,Sudeste,IBGE_API
3157302,Santa Bárbara do Tugúrio,MG,Minas Gerais,31,31059,Barbacena,3111,Campo das Vertentes,3,SE,Sudeste,IBGE_API
3157336,Santa Cruz de Minas,MG,Minas Gerais,31,31058,São João Del Rei,3111,Campo das Vertentes,3,SE,Sudeste,IBGE_API
3157377,Santa Cruz de Salinas,MG,Minas Gerais,31,31005,Salinas,3102,Norte de Minas,3,SE,Sudeste,IBGE_API
3157401,Santa Cruz do Escalvado,MG,Minas Gerais,31,31060,Ponte Nova,3112,Zona da Mata,3,SE,Sudeste,IBGE_API
3157500,Santa Efigênia de Minas,MG,Minas Gerais,31,31035,Guanhães,3108,Vale do Rio Doce,3,SE,Sudeste,IBGE_API
3157609,Santa Fé de Minas,MG,Minas Gerais,31,31006,Pirapora,3102,Norte de Minas,3,SE,Sudeste,IBGE_API
3157658,Santa Helena de Minas,MG,Minas Gerais,31,31016,Nanuque,3104,Vale do Mucuri,3,SE,Sudeste,IBGE_API
3157708,Santa Juliana,MG,Minas Gerais,31,31023,Araxá,3105,Triângulo Mineiro/Alto Paranaíba,3,SE,Sudeste,IBGE_API
3157807,Santa Luzia,MG,Minas Gerais,31,31030,Belo Horizonte,3107,Metropolitana de Belo Horizonte,3,SE,Sudeste,IBGE_API
3157906,Santa Margarida,MG,Minas Gerais,31,31061,Manhuaçu,3112,Zona da Mata,3,SE,Sudeste,IBGE_API
3158003,Santa Maria de Itabira,MG,Minas Gerais,31,31031,Itabira,3107,Metropolitana de Belo Horizonte,3,SE,Sudeste,IBGE_API
3158102,Santa Maria do Salto,MG,Minas Gerais,31,31014,Almenara,3103,Jequitinhonha,3,SE,Sudeste,IBGE_API
3158201,Santa Maria do Suaçuí,MG,Minas Gerais,31,31036,Peçanha,3108,Vale do Rio Doce,3,SE,Sudeste,IBGE_API
3158300,Santana da Vargem,MG,Minas Gerais,31,31050,Varginha,3110,Sul/Sudoeste de Minas,3,SE,Sudeste,IBGE_API
3158409,Santana de Cataguases,MG,Minas Gerais,31,31066,Cataguases,3112,Zona da Mata,3,SE,Sudeste,IBGE_API
3158508,Santana de Pirapama,MG,Minas Gerais,31,31027,Sete Lagoas,3107,Metropolitana de Belo Horizonte,3,SE,Sudeste,IBGE_API
3158607,Santana do Deserto,MG,Minas Gerais,31,31065,Juiz de Fora,3112,Zona da Mata,3,SE,Sudeste,IBGE_API
3158706,Santana do Garambéu,MG,Minas Gerais,31,31058,São João Del Rei,3111,Campo das Vertentes,3,SE,Sudeste,IBGE_API
3158805,Santana do Jacaré,MG,Minas Gerais,31,31045,Campo Belo,3109,Oeste de Minas,3,SE,Sudeste,IBGE_API
3158904,Santana do Manhuaçu,MG,Minas Gerais,31,31061,Manhuaçu,3112,Zona da Mata,3,SE,Sudeste,IBGE_API
3158953,Santana do Paraíso,MG,Minas Gerais,31,31039,Ipatinga,3108,Vale do Rio Doce,3,SE,Sudeste,IBGE_API
3159001,Santana do Riacho,MG,Minas Gerais,31,31027,Sete Lagoas,3107,Metropolitana de Belo Horizonte,3,SE,Sudeste,IBGE_API
3159100,Santana dos Montes,MG,Minas Gerais,31,31034,Conselheiro Lafaiete,3107,Metropolitana de Belo Horizonte,3,SE,Sudeste,IBGE_API
3159209,Santa Rita de Caldas,MG,Minas Gerais,31,31051,Poços de Caldas,3110,Sul/Sudoeste de Minas,3,SE,Sudeste,IBGE_API
3159308,Santa Rita de Jacutinga,MG,Minas Gerais,31,31065,Juiz de Fora,3112,Zona da Mata,3,SE,Sudeste,IBGE_API
3159357,Santa Rita de Minas,MG,Minas Gerais,31,31040,Caratinga,3108,Vale do Rio Doce,3,SE,Sudeste,IBGE_API
3159407,Santa Rita de Ibitipoca,MG,Minas Gerais,31,31065,Juiz de Fora,3112,Zona da Mata,3,SE,Sudeste,IBGE_API
3159506,Santa Rita do Itueto,MG,Minas Gerais,31,31041,Aimorés,3108,Vale do Rio Doce,3,SE,Sudeste,IBGE_API
3159605,Santa Rita do Sapucaí,MG,Minas Gerais,31,31053,Santa Rita do Sapucaí,3110,Sul/Sudoeste de Minas,3,SE,Sudeste,IBGE_API
3159704,Santa Rosa da Serra,MG,Minas Gerais,31,31020,Patos de Minas,3105,Triângulo Mineiro/Alto Paranaíba,3,SE,Sudeste,IBGE_API
3159803,Santa Vitória,MG,Minas Gerais,31,31017,Ituiutaba,3105,Triângulo Mineiro/Alto Paranaíba,3,SE,Sudeste,IBGE_API
3159902,Santo Antônio do Amparo,MG,Minas Gerais,31,31046,Oliveira,3109,Oeste de Minas,3,SE,Sudeste,IBGE_API
3160009,Santo Antônio do Aventureiro,MG,Minas Gerais,31,31066,Cataguases,3112,Zona da Mata,3,SE,Sudeste,IBGE_API
3160108,Santo Antônio do Grama,MG,Minas Gerais,31,31060,Ponte Nova,3112,Zona da Mata,3,SE,Sudeste,IBGE_API
3160207,Santo Antônio do Itambé,MG,Minas Gerais,31,31028,Conceição do Mato Dentro,3107,Metropolitana de Belo Horizonte,3,SE,Sudeste,IBGE_API
3160306,Santo Antônio do Jacinto,MG,Minas Gerais,31,31014,Almenara,3103,Jequitinhonha,3,SE,Sudeste,IBGE_API
3160405,Santo Antônio do Monte,MG,Minas Gerais,31,31043,Divinópolis,3109,Oeste de Minas,3,SE,Sudeste,IBGE_API
3160454,Santo Antônio do Retiro,MG,Minas Gerais,31,31005,Salinas,3102,Norte de Minas,3,SE,Sudeste,IBGE_API
3160504,Santo Antônio do Rio Abaixo,MG,Minas Gerais,31,31028,Conceição do Mato Dentro,3107,Metropolitana de Belo Horizonte,3,SE,Sudeste,IBGE_API
3160603,Santo Hipólito,MG,Minas Gerais,31,31025,Curvelo,3106,Central Mineira,3,SE,Sudeste,IBGE_API
3160702,Santos Dumont,MG,Minas Gerais,31,31065,Juiz de Fora,3112,Zona da Mata,3,SE,Sudeste,IBGE_API
3160801,São Bento Abade,MG,Minas Gerais,31,31050,Varginha,3110,Sul/Sudoeste de Minas,3,SE,Sudeste,IBGE_API
3160900,São Brás do Suaçuí,MG,Minas Gerais,31,31034,Conselheiro Lafaiete,3107,Metropolitana de Belo Horizonte,3,SE,Sudeste,IBGE_API
3160959,São Domingos das Dores,MG,Minas Gerais,31,31040,Caratinga,3108,Vale do Rio Doce,3,SE,Sudeste,IBGE_API
3161007,São Domingos do Prata,MG,Minas Gerais,31,31031,Itabira,3107,Metropolitana de Belo Horizonte,3,SE,Sudeste,IBGE_API
3161056,São Félix de Minas,MG,Minas Gerais,31,31038,Mantena,3108,Vale do Rio Doce,3,SE,Sudeste,IBGE_API
3161106,São Francisco,MG,Minas Gerais,31,31003,Januária,3102,Norte de Minas,3,SE,Sudeste,IBGE_API
3161205,São Francisco de Paula,MG,Minas Gerais,31,31046,Oliveira,3109,Oeste de Minas,3,SE,Sudeste,IBGE_API
3161304,São Francisco de Sales,MG,Minas Gerais,31,31021,Frutal,3105,Triângulo Mineiro/Alto Paranaíba,3,SE,Sudeste,IBGE_API
3161403,São Francisco do Glória,MG,Minas Gerais,31,31063,Muriaé,3112,Zona da Mata,3,SE,Sudeste,IBGE_API
3161502,São Geraldo,MG,Minas Gerais,31,31064,Ubá,3112,Zona da Mata,3,SE,Sudeste,IBGE_API
3161601,São Geraldo da Piedade,MG,Minas Gerais,31,31037,Governador Valadares,3108,Vale do Rio Doce,3,SE,Sudeste,IBGE_API
3161650,São Geraldo do Baixio,MG,Minas Gerais,31,31037,Governador Valadares,3108,Vale do Rio Doce,3,SE,Sudeste,IBGE_API
3161700,São Gonçalo do Abaeté,MG,Minas Gerais,31,31002,Paracatu,3101,Noroeste de Minas,3,SE,Sudeste,IBGE_API
3161809,São Gonçalo do Pará,MG,Minas Gerais,31,31043,Divinópolis,3109,Oeste de Minas,3,SE,Sudeste,IBGE_API
3161908,São Gonçalo do Rio Abaixo,MG,Minas Gerais,31,31031,Itabira,3107,Metropolitana de Belo Horizonte,3,SE,Sudeste,IBGE_API
3162005,São Gonçalo do Sapucaí,MG,Minas Gerais,31,31053,Santa Rita do Sapucaí,3110,Sul/Sudoeste de Minas,3,SE,Sudeste,IBGE_API
3162104,São Gotardo,MG,Minas Gerais,31,31020,Patos de Minas,3105,Triângulo Mineiro/Alto Paranaíba,3,SE,Sudeste,IBGE_API
3162203,São João Batista do Glória,MG,Minas Gerais,31,31047,Passos,3110,Sul/Sudoeste de Minas,3,SE,Sudeste,IBGE_API
3162252,São João da Lagoa,MG,Minas Gerais,31,31007,Montes Claros,3102,Norte de Minas,3,SE,Sudeste,IBGE_API
3162302,São João da Mata,MG,Minas Gerais,31,31053,Santa Rita do Sapucaí,3110,Sul/Sudoeste de Minas,3,SE,Sudeste,IBGE_API
3162401,São João da Ponte,MG,Minas Gerais,31,31007,Montes Claros,3102,Norte de Minas,3,SE,Sudeste,IBGE_API
3162450,São João das Missões,MG,Minas Gerais,31,31003,Januária,3102,Norte de Minas,3,SE,Sudeste,IBGE_API
3162500,São João del Rei,MG,Minas Gerais,31,31058,São João Del Rei,3111,Campo das Vertentes,3,SE,Sudeste,IBGE_API
3162559,São João do Manhuaçu,MG,Minas Gerais,31,31061,Manhuaçu,3112,Zona da Mata,3,SE,Sudeste,IBGE_API
3162575,São João do Manteninha,MG,Minas Gerais,31,31038,Mantena,3108,Vale do Rio Doce,3,SE,Sudeste,IBGE_API
3162609,São João do Oriente,MG,Minas Gerais,31,31040,Caratinga,3108,Vale do Rio Doce,3,SE,Sudeste,IBGE_API
3162658,São João do Pacuí,MG,Minas Gerais,31,31007,Montes Claros,3102,Norte de Minas,3,SE,Sudeste,IBGE_API
3162708,São João do Paraíso,MG,Minas Gerais,31,31005,Salinas,3102,Norte de Minas,3,SE,Sudeste,IBGE_API
3162807,São João Evangelista,MG,Minas Gerais,31,31035,Guanhães,3108,Vale do Rio Doce,3,SE,Sudeste,IBGE_API
3162906,São João Nepomuceno,MG,Minas Gerais,31,31065,Juiz de Fora,3112,Zona da Mata,3,SE,Sudeste,IBGE_API
3162922,São Joaquim de Bicas,MG,Minas Gerais,31,31030,Belo Horizonte,3107,Metropolitana de Belo Horizonte,3,SE,Sudeste,IBGE_API
3162948,São José da Barra,MG,Minas Gerais,31,31047,Passos,3110,Sul/Sudoeste de Minas,3,SE,Sudeste,IBGE_API
3162955,São José da Lapa,MG,Minas Gerais,31,31030,Belo Horizonte,3107,Metropolitana de Belo Horizonte,3,SE,Sudeste,IBGE_API
3163003,São José da Safira,MG,Minas Gerais,31,31037,Governador Valadares,3108,Vale do Rio Doce,3,SE,Sudeste,IBGE_API
3163102,São José da Varginha,MG,Minas Gerais,31,31029,Pará de Minas,3107,Metropolitana de Belo Horizonte,3,SE,Sudeste,IBGE_API
3163201,São José do Alegre,MG,Minas Gerais,31,31053,Santa Rita do Sapucaí,3110,Sul/Sudoeste de Minas,3,SE,Sudeste,IBGE_API
3163300,São José do Divino,MG,Minas Gerais,31,31037,Governador Valadares,3108,Vale do Rio Doce,3,SE,Sudeste,IBGE_API
3163409,São José do Goiabal,MG,Minas Gerais,31,31031,Itabira,3107,Metropolitana de Belo Horizonte,3,SE,Sudeste,IBGE_API
3163508,São José do Jacuri,MG,Minas Gerais,31,31036,Peçanha,3108,Vale do Rio Doce,3,SE,Sudeste,IBGE_API
3163607,São José do Mantimento,MG,Minas Gerais,31,31061,Manhuaçu,3112,Zona da Mata,3,SE,Sudeste,IBGE_API
3163706,São Lourenço,MG,Minas Gerais,31,31054,São Lourenço,3110,Sul/Sudoeste de Minas,3,SE,Sudeste,IBGE_API
3163805,São Miguel do Anta,MG,Minas Gerais,31,31062,Viçosa,3112,Zona da Mata,3,SE,Sudeste,IBGE_API
3163904,São Pedro da União,MG,Minas Gerais,31,31048,São Sebastião do Paraíso,3110,Sul/Sudoeste de Minas,3,SE,Sudeste,IBGE_API
3164001,São Pedro dos Ferros,MG,Minas Gerais,31,31060,Ponte Nova,3112,Zona da Mata,3,SE,Sudeste,IBGE_API
3164100,São Pedro do Suaçuí,MG,Minas Gerais,31,31036,Peçanha,3108,Vale do Rio Doce,3,SE,Sudeste,IBGE_API
3164209,São Romão,MG,Minas Gerais,31,31006,Pirapora,3102,Norte de Minas,3,SE,Sudeste,IBGE_API
3164308,São Roque de Minas,MG,Minas Gerais,31,31042,Piuí,3109,Oeste de Minas,3,SE,Sudeste,IBGE_API
3164407,São Sebastião da Bela Vista,MG,Minas Gerais,31,31053,Santa Rita do Sapucaí,3110,Sul/Sudoeste de Minas,3,SE,Sudeste,IBGE_API
3164431,São Sebastião da Vargem Alegre,MG,Minas Gerais,31,31063,Muriaé,3112,Zona da Mata,3,SE,Sudeste,IBGE_API
3164472,São Sebastião do Anta,MG,Minas Gerais,31,31040,Caratinga,3108,Vale do Rio Doce,3,SE,Sudeste,IBGE_API
3164506,São Sebastião do Maranhão,MG,Minas Gerais,31,31036,Peçanha,3108,Vale do Rio Doce,3,SE,Sudeste,IBGE_API
3164605,São Sebastião do Oeste,MG,Minas Gerais,31,31043,Divinópolis,3109,Oeste de Minas,3,SE,Sudeste,IBGE_API
3164704,São Sebastião do Paraíso,MG,Minas Gerais,31,31048,São Sebastião do Paraíso,3110,Sul/Sudoeste de Minas,3,SE,Sudeste,IBGE_API
3164803,São Sebastião do Rio Preto,MG,Minas Gerais,31,31028,Conceição do Mato Dentro,3107,Metropolitana de Belo Horizonte,3,SE,Sudeste,IBGE_API
3164902,São Sebastião do Rio Verde,MG,Minas Gerais,31,31054,São Lourenço,3110,Sul/Sudoeste de Minas,3,SE,Sudeste,IBGE_API
3165008,São Tiago,MG,Minas Gerais,31,31058,São João Del Rei,3111,Campo das Vertentes,3,SE,Sudeste,IBGE_API
3165107,São Tomás de Aquino,MG,Minas Gerais,31,31048,São Sebastião do Paraíso,3110,Sul/Sudoeste de Minas,3,SE,Sudeste,IBGE_API
3165206,São Tomé das Letras,MG,Minas Gerais,31,31050,Varginha,3110,Sul/Sudoeste de Minas,3,SE,Sudeste,IBGE_API
3165305,São Vicente de Minas,MG,Minas Gerais,31,31055,Andrelândia,3110,Sul/Sudoeste de Minas,3,SE,Sudeste,IBGE_API
3165404,Sapucaí-Mirim,MG,Minas Gerais,31,31052,Pouso Alegre,3110,Sul/Sudoeste de Minas,3,SE,Sudeste,IBGE_API
3165503,Sardoá,MG,Minas Gerais,31,31035,Guanhães,3108,Vale do Rio Doce,3,SE,Sudeste,IBGE_API
3165537,Sarzedo,MG,Minas Gerais,31,31030,Belo Horizonte,3107,Metropolitana de Belo Horizonte,3,SE,Sudeste,IBGE_API
3165552,Setubinha,MG,Minas Gerais,31,31015,Teófilo Otoni,3104,Vale do Mucuri,3,SE,Sudeste,IBGE_API
3165560,Sem-Peixe,MG,Minas Gerais,31,31060,Ponte Nova,3112,Zona da Mata,3,SE,Sudeste,IBGE_API
3165578,Senador Amaral,MG,Minas Gerais,31,31052,Pouso Alegre,3110,Sul/Sudoeste de Minas,3,SE,Sudeste,IBGE_API
3165602,Senador Cortes,MG,Minas Gerais,31,31065,Juiz de Fora,3112,Zona da Mata,3,SE,Sudeste,IBGE_API
3165701,Senador Firmino,MG,Minas Gerais,31,31064,Ubá,3112,Zona da Mata,3,SE,Sudeste,IBGE_API
3165800,Senador José Bento,MG,Minas Gerais,31,31052,Pouso Alegre,3110,Sul/Sudoeste de Minas,3,SE,Sudeste,IBGE_API
3165909,Senador Modestino Gonçalves,MG,Minas Gerais,31,31010,Diamantina,3103,Jequitinhonha,3,SE,Sudeste,IBGE_API
3166006,Senhora de Oliveira,MG,Minas Gerais,31,31062,Viçosa,3112,Zona da Mata,3,SE,Sudeste,IBGE_API
3166105,Senhora do Porto,MG,Minas Gerais,31,31035,Guanhães,3108,Vale do Rio Doce,3,SE,Sudeste,IBGE_API
3166204,Senhora dos Remédios,MG,Minas Gerais,31,31059,Barbacena,3111,Campo das Vertentes,3,SE,Sudeste,IBGE_API
3166303,Sericita,MG,Minas Gerais,31,31060,Ponte Nova,3112,Zona da Mata,3,SE,Sudeste,IBGE_API
3166402,Seritinga,MG,Minas Gerais,31,31055,Andrelândia,3110,Sul/Sudoeste de Minas,3,SE,Sudeste,IBGE_API
3166501,Serra Azul de Minas,MG,Minas Gerais,31,31028,Conceição do Mato Dentro,3107,Metropolitana de Belo Horizonte,3,SE,Sudeste,IBGE_API
3166600,Serra da Saudade,MG,Minas Gerais,31,31026,Bom Despacho,3106,Central Mineira,3,SE,Sudeste,IBGE_API
3166709,Serra dos Aimorés,MG,Minas Gerais,31,31016,Nanuque,3104,Vale do Mucuri,3,SE,Sudeste,IBGE_API
3166808,Serra do Salitre,MG,Minas Gerais,31,31019,Patrocínio,3105,Triângulo Mineiro/Alto Paranaíba,3,SE,Sudeste,IBGE_API
3166907,Serrania,MG,Minas Gerais,31,31049,Alfenas,3110,Sul/Sudoeste de Minas,3,SE,Sudeste,IBGE_API
3166956,Serranópolis de Minas,MG,Minas Gerais,31,31004,Janaúba,3102,Norte de Minas,3,SE,Sudeste,IBGE_API
3167004,Serranos,MG,Minas Gerais,31,31055,Andrelândia,3110,Sul/Sudoeste de Minas,3,SE,Sudeste,IBGE_API
3167103,Serro,MG,Minas Gerais,31,31028,Conceição do Mato Dentro,3107,Metropolitana de Belo Horizonte,3,SE,Sudeste,IBGE_API
3167202,Sete Lagoas,MG,Minas Gerais,31,31027,Sete Lagoas,3107,Metropolitana de Belo Horizonte,3,SE,Sudeste,IBGE_API
3167301,Silveirânia,MG,Minas Gerais,31,31064,Ubá,3112,Zona da Mata,3,SE,Sudeste,IBGE_API
3167400,Silvianópolis,MG,Minas Gerais,31,31053,Santa Rita do Sapucaí,3110,Sul/Sudoeste de Minas,3,SE,Sudeste,IBGE_API
3167509,Simão Pereira,MG,Minas Gerais,31,31065,Juiz de Fora,3112,Zona da Mata,3,SE,Sudeste,IBGE_API
3167608,Simonésia,MG,Minas Gerais,31,31061,Manhuaçu,3112,Zona da Mata,3,SE,Sudeste,IBGE_API
3167707,Sobrália,MG,Minas Gerais,31,31037,Governador Valadares,3108,Vale do Rio Doce,3,SE,Sudeste,IBGE_API
3167806,Soledade de Minas,MG,Minas Gerais,31,31054,São Lourenço,3110,Sul/Sudoeste de Minas,3,SE,Sudeste,IBGE_API
3167905,Tabuleiro,MG,Minas Gerais,31,31064,Ubá,3112,Zona da Mata,3,SE,Sudeste,IBGE_API
3168002,Taiobeiras,MG,Minas Gerais,31,31005,Salinas,3102,Norte de Minas,3,SE,Sudeste,IBGE_API
3168051,Taparuba,MG,Minas Gerais,31,31041,Aimorés,3108,Vale do Rio Doce,3,SE,Sudeste,IBGE_API
3168101,Tapira,MG,Minas Gerais,31,31023,Araxá,3105,Triângulo Mineiro/Alto Paranaíba,3,SE,Sudeste,IBGE_API
3168200,Tapiraí,MG,Minas Gerais,31,31042,Piuí,3109,Oeste de Minas,3,SE,Sudeste,IBGE_API
3168309,Taquaraçu de Minas,MG,Minas Gerais,31,31031,Itabira,3107,Metropolitana de Belo Horizonte,3,SE,Sudeste,IBGE_API
3168408,Tarumirim,MG,Minas Gerais,31,31040,Caratinga,3108,Vale do Rio Doce,3,SE,Sudeste,IBGE_API
3168507,Teixeiras,MG,Minas Gerais,31,31062,Viçosa,3112,Zona da Mata,3,SE,Sudeste,IBGE_API
3168606,Teófilo Otoni,MG,Minas Gerais,31,31015,Teófilo Otoni,3104,Vale do Mucuri,3,SE,Sudeste,IBGE_API
3168705,Timóteo,MG,Minas Gerais,31,31039,Ipatinga,3108,Vale do Rio Doce,3,SE,Sudeste,IBGE_API
3168804,Tiradentes,MG,Minas Gerais,31,31058,São João Del Rei,3111,Campo das Vertentes,3,SE,Sudeste,IBGE_API
3168903,Tiros,MG,Minas Gerais,31,31020,Patos de Minas,3105,Triângulo Mineiro/Alto Paranaíba,3,SE,Sudeste,IBGE_API
3169000,Tocantins,MG,Minas Gerais,31,31064,Ubá,3112,Zona da Mata,3,SE,Sudeste,IBGE_API
3169059,Tocos do Moji,MG,Minas Gerais,31,31052,Pouso Alegre,3110,Sul/Sudoeste de Minas,3,SE,Sudeste,IBGE_API
3169109,Toledo,MG,Minas Gerais,31,31052,Pouso Alegre,3110,Sul/Sudoeste de Minas,3,SE,Sudeste,IBGE_API
3169208,Tombos,MG,Minas Gerais,31,31063,Muriaé,3112,Zona da Mata,3,SE,Sudeste,IBGE_API
3169307,Três Corações,MG,Minas Gerais,31,31050,Varginha,3110,Sul/Sudoeste de Minas,3,SE,Sudeste,IBGE_API
3169356,Três Marias,MG,Minas Gerais,31,31024,Três Marias,3106,Central Mineira,3,SE,Sudeste,IBGE_API
3169406,Três Pontas,MG,Minas Gerais,31,31050,Varginha,3110,Sul/Sudoeste de Minas,3,SE,Sudeste,IBGE_API
3169505,Tumiritinga,MG,Minas Gerais,31,31037,Governador Valadares,3108,Vale do Rio Doce,3,SE,Sudeste,IBGE_API
3169604,Tupaciguara,MG,Minas Gerais,31,31018,Uberlândia,3105,Triângulo Mineiro/Alto Paranaíba,3,SE,Sudeste,IBGE_API
3169703,Turmalina,MG,Minas Gerais,31,31011,Capelinha,3103,Jequitinhonha,3,SE,Sudeste,IBGE_API
3169802,Turvolândia,MG,Minas Gerais,31,31053,Santa Rita do Sapucaí,3110,Sul/Sudoeste de Minas,3,SE,Sudeste,IBGE_API
3169901,Ubá,MG,Minas Gerais,31,31064,Ubá,3112,Zona da Mata,3,SE,Sudeste,IBGE_API
3170008,Ubaí,MG,Minas Gerais,31,31007,Montes Claros,3102,Norte de Minas,3,SE,Sudeste,IBGE_API
3170057,Ubaporanga,MG,Minas Gerais,31,31040,Caratinga,3108,Vale do Rio Doce,3,SE,Sudeste,IBGE_API
3170107,Uberaba,MG,Minas Gerais,31,31022,Uberaba,3105,Triângulo Mineiro/Alto Paranaíba,3,SE,Sudeste,IBGE_API
3170206,Uberlândia,MG,Minas Gerais,31,31018,Uberlândia,3105,Triângulo Mineiro/Alto Paranaíba,3,SE,Sudeste,IBGE_API
3170305,Umburatiba,MG,Minas Gerais,31,31016,Nanuque,3104,Vale do Mucuri,3,SE,Sudeste,IBGE_API
3170404,Unaí,MG,Minas Gerais,31,31001,Unaí,3101,Noroeste de Minas,3,SE,Sudeste,IBGE_API
3170438,União de Minas,MG,Minas Gerais,31,31021,Frutal,3105,Triângulo Mineiro/Alto Paranaíba,3,SE,Sudeste,IBGE_API
3170479,Uruana de Minas,MG,Minas Gerais,31,31001,Unaí,3101,Noroeste de Minas,3,SE,Sudeste,IBGE_API
3170503,Urucânia,MG,Minas Gerais,31,31060,Ponte Nova,3112,Zona da Mata,3,SE,Sudeste,IBGE_API
3170529,Urucuia,MG,Minas Gerais,31,31003,Januária,3102,Norte de Minas,3,SE,Sudeste,IBGE_API
3170578,Vargem Alegre,MG,Minas Gerais,31,31040,Caratinga,3108,Vale do Rio Doce,3,SE,Sudeste,IBGE_API
3170602,Vargem Bonita,MG,Minas Gerais,31,31042,Piuí,3109,Oeste de Minas,3,SE,Sudeste,IBGE_API
3170651,Vargem Grande do Rio Pardo,MG,Minas Gerais,31,31005,Salinas,3102,Norte de Minas,3,SE,Sudeste,IBGE_API
3170701,Varginha,MG,Minas Gerais,31,31050,Varginha,3110,Sul/Sudoeste de Minas,3,SE,Sudeste,IBGE_API
3170750,Varjão de Minas,MG,Minas Gerais,31,31002,Paracatu,3101,Noroeste de Minas,3,SE,Sudeste,IBGE_API
3170800,Várzea da Palma,MG,Minas Gerais,31,31006,Pirapora,3102,Norte de Minas,3,SE,Sudeste,IBGE_API
3170909,Varzelândia,MG,Minas Gerais,31,31007,Montes Claros,3102,Norte de Minas,3,SE,Sudeste,IBGE_API
3171006,Vazante,MG,Minas Gerais,31,31002,Paracatu,3101,Noroeste de Minas,3,SE,Sudeste,IBGE_API
3171030,Verdelândia,MG,Minas Gerais,31,31007,Montes Claros,3102,Norte de Minas,3,SE,Sudeste,IBGE_API
3171071,Veredinha,MG,Minas Gerais,31,31011,Capelinha,3103,Jequitinhonha,3,SE,Sudeste,IBGE_API
3171105,Veríssimo,MG,Minas Gerais,31,31022,Uberaba,3105,Triângulo Mineiro/Alto Paranaíba,3,SE,Sudeste,IBGE_API
3171154,Vermelho Novo,MG,Minas Gerais,31,31060,Ponte Nova,3112,Zona da Mata,3,SE,Sudeste,IBGE_API
3171204,Vespasiano,MG,Minas Gerais,31,31030,Belo Horizonte,3107,Metropolitana de Belo Horizonte,3,SE,Sudeste,IBGE_API
3171303,Viçosa,MG,Minas Gerais,31,31062,Viçosa,3112,Zona da Mata,3,SE,Sudeste,IBGE_API
3171402,Vieiras,MG,Minas Gerais,31,31063,Muriaé,3112,Zona da Mata,3,SE,Sudeste,IBGE_API
3171501,Mathias Lobato,MG,Minas Gerais,31,31037,Governador Valadares,3108,Vale do Rio Doce,3,SE,Sudeste,IBGE_API
3171600,Virgem da Lapa,MG,Minas Gerais,31,31012,Araçuaí,3103,Jequitinhonha,3,SE,Sudeste,IBGE_API
3171709,Virgínia,MG,Minas Gerais,31,31056,Itajubá,3110,Sul/Sudoeste de Minas,3,SE,Sudeste,IBGE_API
3171808,Virginópolis,MG,Minas Gerais,31,31035,Guanhães,3108,Vale do Rio Doce,3,SE,Sudeste,IBGE_API
3171907,Virgolândia,MG,Minas Gerais,31,31037,Governador Valadares,3108,Vale do Rio Doce,3,SE,Sudeste,IBGE_API
3172004,Visconde do Rio Branco,MG,Minas Gerais,31,31064,Ubá,3112,Zona da Mata,3,SE,Sudeste,IBGE_API
3172103,Volta Grande,MG,Minas Gerais,31,31066,Cataguases,3112,Zona da Mata,3,SE,Sudeste,IBGE_API
3172202,Wenceslau Braz,MG,Minas Gerais,31,31056,Itajubá,3110,Sul/Sudoeste de Minas,3,SE,Sudeste,IBGE_API
3200102,Afonso Cláudio,ES,Espírito Santo,32,32007,Afonso Cláudio,3203,Central Espírito-santense,3,SE,Sudeste,IBGE_API
3200136,Águia Branca,ES,Espírito Santo,32,32002,Nova Venécia,3201,Noroeste Espírito-santense,3,SE,Sudeste,IBGE_API
3200169,Água Doce do Norte,ES,Espírito Santo,32,32001,Barra de São Francisco,3201,Noroeste Espírito-santense,3,SE,Sudeste,IBGE_API
3200201,Alegre,ES,Espírito Santo,32,32011,Alegre,3204,Sul Espírito-santense,3,SE,Sudeste,IBGE_API
3200300,Alfredo Chaves,ES,Espírito Santo,32,32010,Guarapari,3203,Central Espírito-santense,3,SE,Sudeste,IBGE_API
3200359,Alto Rio Novo,ES,Espírito Santo,32,32003,Colatina,3201,Noroeste Espírito-santense,3,SE,Sudeste,IBGE_API
3200409,Anchieta,ES,Espírito Santo,32,32010,Guarapari,3203,Central Espírito-santense,3,SE,Sudeste,IBGE_API
3200508,Apiacá,ES,Espírito Santo,32,32012,Cachoeiro de Itapemirim,3204,Sul Espírito-santense,3,SE,Sudeste,IBGE_API
3200607,Aracruz,ES,Espírito Santo,32,32006,Linhares,3202,Litoral Norte Espírito-santense,3,SE,Sudeste,IBGE_API
3200706,Atílio Vivácqua,ES,Espírito Santo,32,32012,Cachoeiro de Itapemirim,3204,Sul Espírito-santense,3,SE,Sudeste,IBGE_API
3200805,Baixo Guandu,ES,Espírito Santo,32,32003,Colatina,3201,Noroeste Espírito-santense,3,SE,Sudeste,IBGE_API
3200904,Barra de São Francisco,ES,Espírito Santo,32,32001,Barra de São Francisco,3201,Noroeste Espírito-santense,3,SE,Sudeste,IBGE_API
3201001,Boa Esperança,ES,Espírito Santo,32,32002,Nova Venécia,3201,Noroeste Espírito-santense,3,SE,Sudeste,IBGE_API
3201100,Bom Jesus do Norte,ES,Espírito Santo,32,32012,Cachoeiro de Itapemirim,3204,Sul Espírito-santense,3,SE,Sudeste,IBGE_API
3201159,Brejetuba,ES,Espírito Santo,32,32007,Afonso Cláudio,3203,Central Espírito-santense,3,SE,Sudeste,IBGE_API
3201209,Cachoeiro de Itapemirim,ES,Espírito Santo,32,32012,Cachoeiro de Itapemirim,3204,Sul Espírito-santense,3,SE,Sudeste,IBGE_API
3201308,Cariacica,ES,Espírito Santo,32,32009,Vitória,3203,Central Espírito-santense,3,SE,Sudeste,IBGE_API
3201407,Castelo,ES,Espírito Santo,32,32012,Cachoeiro de Itapemirim,3204,Sul Espírito-santense,3,SE,Sudeste,IBGE_API
3201506,Colatina,ES,Espírito Santo,32,32003,Colatina,3201,Noroeste Espírito-santense,3,SE,Sudeste,IBGE_API
3201605,Conceição da Barra,ES,Espírito Santo,32,32005,São Mateus,3202,Litoral Norte Espírito-santense,3,SE,Sudeste,IBGE_API
3201704,Conceição do Castelo,ES,Espírito Santo,32,32007,Afonso Cláudio,3203,Central Espírito-santense,3,SE,Sudeste,IBGE_API
3201803,Divino de São Lourenço,ES,Espírito Santo,32,32011,Alegre,3204,Sul Espírito-santense,3,SE,Sudeste,IBGE_API
3201902,Domingos Martins,ES,Espírito Santo,32,32007,Afonso Cláudio,3203,Central Espírito-santense,3,SE,Sudeste,IBGE_API
3202009,Dores do Rio Preto,ES,Espírito Santo,32,32011,Alegre,3204,Sul Espírito-santense,3,SE,Sudeste,IBGE_API
3202108,Ecoporanga,ES,Espírito Santo,32,32001,Barra de São Francisco,3201,Noroeste Espírito-santense,3,SE,Sudeste,IBGE_API
3202207,Fundão,ES,Espírito Santo,32,32006,Linhares,3202,Litoral Norte Espírito-santense,3,SE,Sudeste,IBGE_API
3202256,Governador Lindenberg,ES,Espírito Santo,32,32003,Colatina,3201,Noroeste Espírito-santense,3,SE,Sudeste,IBGE_API
3202306,Guaçuí,ES,Espírito Santo,32,32011,Alegre,3204,Sul Espírito-santense,3,SE,Sudeste,IBGE_API
3202405,Guarapari,ES,Espírito Santo,32,32010,Guarapari,3203,Central Espírito-santense,3,SE,Sudeste,IBGE_API
3202454,Ibatiba,ES,Espírito Santo,32,32011,Alegre,3204,Sul Espírito-santense,3,SE,Sudeste,IBGE_API
3202504,Ibiraçu,ES,Espírito Santo,32,32006,Linhares,3202,Litoral Norte Espírito-santense,3,SE,Sudeste,IBGE_API
3202553,Ibitirama,ES,Espírito Santo,32,32011,Alegre,3204,Sul Espírito-santense,3,SE,Sudeste,IBGE_API
3202603,Iconha,ES,Espírito Santo,32,32010,Guarapari,3203,Central Espírito-santense,3,SE,Sudeste,IBGE_API
3202652,Irupi,ES,Espírito Santo,32,32011,Alegre,3204,Sul Espírito-santense,3,SE,Sudeste,IBGE_API
3202702,Itaguaçu,ES,Espírito Santo,32,32008,Santa Teresa,3203,Central Espírito-santense,3,SE,Sudeste,IBGE_API
3202801,Itapemirim,ES,Espírito Santo,32,32013,Itapemirim,3204,Sul Espírito-santense,3,SE,Sudeste,IBGE_API
3202900,Itarana,ES,Espírito Santo,32,32008,Santa Teresa,3203,Central Espírito-santense,3,SE,Sudeste,IBGE_API
3203007,Iúna,ES,Espírito Santo,32,32011,Alegre,3204,Sul Espírito-santense,3,SE,Sudeste,IBGE_API
3203056,Jaguaré,ES,Espírito Santo,32,32005,São Mateus,3202,Litoral Norte Espírito-santense,3,SE,Sudeste,IBGE_API
3203106,Jerônimo Monteiro,ES,Espírito Santo,32,32012,Cachoeiro de Itapemirim,3204,Sul Espírito-santense,3,SE,Sudeste,IBGE_API
3203130,João Neiva,ES,Espírito Santo,32,32006,Linhares,3202,Litoral Norte Espírito-santense,3,SE,Sudeste,IBGE_API
3203163,Laranja da Terra,ES,Espírito Santo,32,32007,Afonso Cláudio,3203,Central Espírito-santense,3,SE,Sudeste,IBGE_API
3203205,Linhares,ES,Espírito Santo,32,32006,Linhares,3202,Litoral Norte Espírito-santense,3,SE,Sudeste,IBGE_API
3203304,Mantenópolis,ES,Espírito Santo,32,32001,Barra de São Francisco,3201,Noroeste Espírito-santense,3,SE,Sudeste,IBGE_API
3203320,Marataízes,ES,Espírito Santo,32,32013,Itapemirim,3204,Sul Espírito-santense,3,SE,Sudeste,IBGE_API
3203346,Marechal Floriano,ES,Espírito Santo,32,32007,Afonso Cláudio,3203,Central Espírito-santense,3,SE,Sudeste,IBGE_API
3203353,Marilândia,ES,Espírito Santo,32,32003,Colatina,3201,Noroeste Espírito-santense,3,SE,Sudeste,IBGE_API
3203403,Mimoso do Sul,ES,Espírito Santo,32,32012,Cachoeiro de Itapemirim,3204,Sul Espírito-santense,3,SE,Sudeste,IBGE_API
3203502,Montanha,ES,Espírito Santo,32,32004,Montanha,3202,Litoral Norte Espírito-santense,3,SE,Sudeste,IBGE_API
3203601,Mucurici,ES,Espírito Santo,32,32004,Montanha,3202,Litoral Norte Espírito-santense,3,SE,Sudeste,IBGE_API
3203700,Muniz Freire,ES,Espírito Santo,32,32011,Alegre,3204,Sul Espírito-santense,3,SE,Sudeste,IBGE_API
3203809,Muqui,ES,Espírito Santo,32,32012,Cachoeiro de Itapemirim,3204,Sul Espírito-santense,3,SE,Sudeste,IBGE_API
3203908,Nova Venécia,ES,Espírito Santo,32,32002,Nova Venécia,3201,Noroeste Espírito-santense,3,SE,Sudeste,IBGE_API
3204005,Pancas,ES,Espírito Santo,32,32003,Colatina,3201,Noroeste Espírito-santense,3,SE,Sudeste,IBGE_API
3204054,Pedro Canário,ES,Espírito Santo,32,32005,São Mateus,3202,Litoral Norte Espírito-santense,3,SE,Sudeste,IBGE_API
3204104,Pinheiros,ES,Espírito Santo,32,32004,Montanha,3202,Litoral Norte Espírito-santense,3,SE,Sudeste,IBGE_API
3204203,Piúma,ES,Espírito Santo,32,32010,Guarapari,3203,Central Espírito-santense,3,SE,Sudeste,IBGE_API
3204252,Ponto Belo,ES,Espírito Santo,32,32004,Montanha,3202,Litoral Norte Espírito-santense,3,SE,Sudeste,IBGE_API
3204302,Presidente Kennedy,ES,Espírito Santo,32,32013,Itapemirim,3204,Sul Espírito-santense,3,SE,Sudeste,IBGE_API
3204351,Rio Bananal,ES,Espírito Santo,32,32006,Linhares,3202,Litoral Norte Espírito-santense,3,SE,Sudeste,IBGE_API
3204401,Rio Novo do Sul,ES,Espírito Santo,32,32010,Guarapari,3203,Central Espírito-santense,3,SE,Sudeste,IBGE_API
3204500,Santa Leopoldina,ES,Espírito Santo,32,32008,Santa Teresa,3203,Central Espírito-santense,3,SE,Sudeste,IBGE_API
3204559,Santa Maria de Jetibá,ES,Espírito Santo,32,32008,Santa Teresa,3203,Central Espírito-santense,3,SE,Sudeste,IBGE_API
3204609,Santa Teresa,ES,Espírito Santo,32,32008,Santa Teresa,3203,Central Espírito-santense,3,SE,Sudeste,IBGE_API
3204658,São Domingos do Norte,ES,Espírito Santo,32,32003,Colatina,3201,Noroeste Espírito-santense,3,SE,Sudeste,IBGE_API
3204708,São Gabriel da Palha,ES,Espírito Santo,32,32002,Nova Venécia,3201,Noroeste Espírito-santense,3,SE,Sudeste,IBGE_API
3204807,São José do Calçado,ES,Espírito Santo,32,32012,Cachoeiro de Itapemirim,3204,Sul Espírito-santense,3,SE,Sudeste,IBGE_API
3204906,São Mateus,ES,Espírito Santo,32,32005,São Mateus,3202,Litoral Norte Espírito-santense,3,SE,Sudeste,IBGE_API
3204955,São Roque do Canaã,ES,Espírito Santo,32,32008,Santa Teresa,3203,Central Espírito-santense,3,SE,Sudeste,IBGE_API
3205002,Serra,ES,Espírito Santo,32,32009,Vitória,3203,Central Espírito-santense,3,SE,Sudeste,IBGE_API
3205010,Sooretama,ES,Espírito Santo,32,32006,Linhares,3202,Litoral Norte Espírito-santense,3,SE,Sudeste,IBGE_API
3205036,Vargem Alta,ES,Espírito Santo,32,32012,Cachoeiro de Itapemirim,3204,Sul Espírito-santense,3,SE,Sudeste,IBGE_API
3205069,Venda Nova do Imigrante,ES,Espírito Santo,32,32007,Afonso Cláudio,3203,Central Espírito-santense,3,SE,Sudeste,IBGE_API
3205101,Viana,ES,Espírito Santo,32,32009,Vitória,3203,Central Espírito-santense,3,SE,Sudeste,IBGE_API
3205150,Vila Pavão,ES,Espírito Santo,32,32002,Nova Venécia,3201,Noroeste Espírito-santense,3,SE,Sudeste,IBGE_API
3205176,Vila Valério,ES,Espírito Santo,32,32002,Nova Venécia,3201,Noroeste Espírito-santense,3,SE,Sudeste,IBGE_API
3205200,Vila Velha,ES,Espírito Santo,32,32009,Vitória,3203,Central Espírito-santense,3,SE,Sudeste,IBGE_API
3205309,Vitória,ES,Espírito Santo,32,32009,Vitória,3203,Central Espírito-santense,3,SE,Sudeste,IBGE_API
3300100,Angra dos Reis,RJ,Rio de Janeiro,33,33013,Baía da Ilha Grande,3305,Sul Fluminense,3,SE,Sudeste,IBGE_API
3300159,Aperibé,RJ,Rio de Janeiro,33,33002,Santo Antônio de Pádua,3301,Noroeste Fluminense,3,SE,Sudeste,IBGE_API
3300209,Araruama,RJ,Rio de Janeiro,33,33010,Lagos,3304,Baixadas,3,SE,Sudeste,IBGE_API
3300225,Areal,RJ,Rio de Janeiro,33,33005,Três Rios,3303,Centro Fluminense,3,SE,Sudeste,IBGE_API
3300233,Armação dos Búzios,RJ,Rio de Janeiro,33,33010,Lagos,3304,Baixadas,3,SE,Sudeste,IBGE_API
3300258,Arraial do Cabo,RJ,Rio de Janeiro,33,33010,Lagos,3304,Baixadas,3,SE,Sudeste,IBGE_API
3300308,Barra do Piraí,RJ,Rio de Janeiro,33,33012,Barra do Piraí,3305,Sul Fluminense,3,SE,Sudeste,IBGE_API
3300407,Barra Mansa,RJ,Rio de Janeiro,33,33011,Vale do Paraíba Fluminense,3305,Sul Fluminense,3,SE,Sudeste,IBGE_API
3300456,Belford Roxo,RJ,Rio de Janeiro,33,33018,Rio de Janeiro,3306,Metropolitana do Rio de Janeiro,3,SE,Sudeste,IBGE_API
3300506,Bom Jardim,RJ,Rio de Janeiro,33,33007,Nova Friburgo,3303,Centro Fluminense,3,SE,Sudeste,IBGE_API
3300605,Bom Jesus do Itabapoana,RJ,Rio de Janeiro,33,33001,Itaperuna,3301,Noroeste Fluminense,3,SE,Sudeste,IBGE_API
3300704,Cabo Frio,RJ,Rio de Janeiro,33,33010,Lagos,3304,Baixadas,3,SE,Sudeste,IBGE_API
3300803,Cachoeiras de Macacu,RJ,Rio de Janeiro,33,33016,Macacu-Caceribu,3306,Metropolitana do Rio de Janeiro,3,SE,Sudeste,IBGE_API
3300902,Cambuci,RJ,Rio de Janeiro,33,33002,Santo Antônio de Pádua,3301,Noroeste Fluminense,3,SE,Sudeste,IBGE_API
3300936,Carapebus,RJ,Rio de Janeiro,33,33004,Macaé,3302,Norte Fluminense,3,SE,Sudeste,IBGE_API
3300951,Comendador Levy Gasparian,RJ,Rio de Janeiro,33,33005,Três Rios,3303,Centro Fluminense,3,SE,Sudeste,IBGE_API
3301009,Campos dos Goytacazes,RJ,Rio de Janeiro,33,33003,Campos dos Goytacazes,3302,Norte Fluminense,3,SE,Sudeste,IBGE_API
3301108,Cantagalo,RJ,Rio de Janeiro,33,33006,Cantagalo-Cordeiro,3303,Centro Fluminense,3,SE,Sudeste,IBGE_API
3301157,Cardoso Moreira,RJ,Rio de Janeiro,33,33003,Campos dos Goytacazes,3302,Norte Fluminense,3,SE,Sudeste,IBGE_API
3301207,Carmo,RJ,Rio de Janeiro,33,33006,Cantagalo-Cordeiro,3303,Centro Fluminense,3,SE,Sudeste,IBGE_API
3301306,Casimiro de Abreu,RJ,Rio de Janeiro,33,33009,Bacia de São João,3304,Baixadas,3,SE,Sudeste,IBGE_API
3301405,Conceição de Macabu,RJ,Rio de Janeiro,33,33004,Macaé,3302,Norte Fluminense,3,SE,Sudeste,IBGE_API
3301504,Cordeiro,RJ,Rio de Janeiro,33,33006,Cantagalo-Cordeiro,3303,Centro Fluminense,3,SE,Sudeste,IBGE_API
3301603,Duas Barras,RJ,Rio de Janeiro,33,33007,Nova Friburgo,3303,Centro Fluminense,3,SE,Sudeste,IBGE_API
3301702,Duque de Caxias,RJ,Rio de Janeiro,33,33018,Rio de Janeiro,3306,Metropolitana do Rio de Janeiro,3,SE,Sudeste,IBGE_API
3301801,Engenheiro Paulo de Frontin,RJ,Rio de Janeiro,33,33014,Vassouras,3306,Metropolitana do Rio de Janeiro,3,SE,Sudeste,IBGE_API
3301850,Guapimirim,RJ,Rio de Janeiro,33,33018,Rio de Janeiro,3306,Metropolitana do Rio de Janeiro,3,SE,Sudeste,IBGE_API
3301876,Iguaba Grande,RJ,Rio de Janeiro,33,33010,Lagos,3304,Baixadas,3,SE,Sudeste,IBGE_API
3301900,Itaboraí,RJ,Rio de Janeiro,33,33018,Rio de Janeiro,3306,Metropolitana do Rio de Janeiro,3,SE,Sudeste,IBGE_API
3302007,Itaguaí,RJ,Rio de Janeiro,33,33017,Itaguaí,3306,Metropolitana do Rio de Janeiro,3,SE,Sudeste,IBGE_API
3302056,Italva,RJ,Rio de Janeiro,33,33001,Itaperuna,3301,Noroeste Fluminense,3,SE,Sudeste,IBGE_API
3302106,Itaocara,RJ,Rio de Janeiro,33,33002,Santo Antônio de Pádua,3301,Noroeste Fluminense,3,SE,Sudeste,IBGE_API
3302205,Itaperuna,RJ,Rio de Janeiro,33,33001,Itaperuna,3301,Noroeste Fluminense,3,SE,Sudeste,IBGE_API
3302254,Itatiaia,RJ,Rio de Janeiro,33,33011,Vale do Paraíba Fluminense,3305,Sul Fluminense,3,SE,Sudeste,IBGE_API
3302270,Japeri,RJ,Rio de Janeiro,33,33018,Rio de Janeiro,3306,Metropolitana do Rio de Janeiro,3,SE,Sudeste,IBGE_API
3302304,Laje do Muriaé,RJ,Rio de Janeiro,33,33001,Itaperuna,3301,Noroeste Fluminense,3,SE,Sudeste,IBGE_API
3302403,Macaé,RJ,Rio de Janeiro,33,33004,Macaé,3302,Norte Fluminense,3,SE,Sudeste,IBGE_API
3302452,Macuco,RJ,Rio de Janeiro,33,33006,Cantagalo-Cordeiro,3303,Centro Fluminense,3,SE,Sudeste,IBGE_API
3302502,Magé,RJ,Rio de Janeiro,33,33018,Rio de Janeiro,3306,Metropolitana do Rio de Janeiro,3,SE,Sudeste,IBGE_API
3302601,Mangaratiba,RJ,Rio de Janeiro,33,33017,Itaguaí,3306,Metropolitana do Rio de Janeiro,3,SE,Sudeste,IBGE_API
3302700,Maricá,RJ,Rio de Janeiro,33,33018,Rio de Janeiro,3306,Metropolitana do Rio de Janeiro,3,SE,Sudeste,IBGE_API
3302809,Mendes,RJ,Rio de Janeiro,33,33014,Vassouras,3306,Metropolitana do Rio de Janeiro,3,SE,Sudeste,IBGE_API
3302858,Mesquita,RJ,Rio de Janeiro,33,33018,Rio de Janeiro,3306,Metropolitana do Rio de Janeiro,3,SE,Sudeste,IBGE_API
3302908,Miguel Pereira,RJ,Rio de Janeiro,33,33014,Vassouras,3306,Metropolitana do Rio de Janeiro,3,SE,Sudeste,IBGE_API
3303005,Miracema,RJ,Rio de Janeiro,33,33002,Santo Antônio de Pádua,3301,Noroeste Fluminense,3,SE,Sudeste,IBGE_API
3303104,Natividade,RJ,Rio de Janeiro,33,33001,Itaperuna,3301,Noroeste Fluminense,3,SE,Sudeste,IBGE_API
3303203,Nilópolis,RJ,Rio de Janeiro,33,33018,Rio de Janeiro,3306,Metropolitana do Rio de Janeiro,3,SE,Sudeste,IBGE_API
3303302,Niterói,RJ,Rio de Janeiro,33,33018,Rio de Janeiro,3306,Metropolitana do Rio de Janeiro,3,SE,Sudeste,IBGE_API
3303401,Nova Friburgo,RJ,Rio de Janeiro,33,33007,Nova Friburgo,3303,Centro Fluminense,3,SE,Sudeste,IBGE_API
3303500,Nova Iguaçu,RJ,Rio de Janeiro,33,33018,Rio de Janeiro,3306,Metropolitana do Rio de Janeiro,3,SE,Sudeste,IBGE_API
3303609,Paracambi,RJ,Rio de Janeiro,33,33014,Vassouras,3306,Metropolitana do Rio de Janeiro,3,SE,Sudeste,IBGE_API
3303708,Paraíba do Sul,RJ,Rio de Janeiro,33,33005,Três Rios,3303,Centro Fluminense,3,SE,Sudeste,IBGE_API
3303807,Paraty,RJ,Rio de Janeiro,33,33013,Baía da Ilha Grande,3305,Sul Fluminense,3,SE,Sudeste,IBGE_API
3303856,Paty do Alferes,RJ,Rio de Janeiro,33,33014,Vassouras,3306,Metropolitana do Rio de Janeiro,3,SE,Sudeste,IBGE_API
3303906,Petrópolis,RJ,Rio de Janeiro,33,33015,Serrana,3306,Metropolitana do Rio de Janeiro,3,SE,Sudeste,IBGE_API
3303955,Pinheiral,RJ,Rio de Janeiro,33,33011,Vale do Paraíba Fluminense,3305,Sul Fluminense,3,SE,Sudeste,IBGE_API
3304003,Piraí,RJ,Rio de Janeiro,33,33011,Vale do Paraíba Fluminense,3305,Sul Fluminense,3,SE,Sudeste,IBGE_API
3304102,Porciúncula,RJ,Rio de Janeiro,33,33001,Itaperuna,3301,Noroeste Fluminense,3,SE,Sudeste,IBGE_API
3304110,Porto Real,RJ,Rio de Janeiro,33,33011,Vale do Paraíba Fluminense,3305,Sul Fluminense,3,SE,Sudeste,IBGE_API
3304128,Quatis,RJ,Rio de Janeiro,33,33011,Vale do Paraíba Fluminense,3305,Sul Fluminense,3,SE,Sudeste,IBGE_API
3304144,Queimados,RJ,Rio de Janeiro,33,33018,Rio de Janeiro,3306,Metropolitana do Rio de Janeiro,3,SE,Sudeste,IBGE_API
3304151,Quissamã,RJ,Rio de Janeiro,33,33004,Macaé,3302,Norte Fluminense,3,SE,Sudeste,IBGE_API
3304201,Resende,RJ,Rio de Janeiro,33,33011,Vale do Paraíba Fluminense,3305,Sul Fluminense,3,SE,Sudeste,IBGE_API
3304300,Rio Bonito,RJ,Rio de Janeiro,33,33016,Macacu-Caceribu,3306,Metropolitana do Rio de Janeiro,3,SE,Sudeste,IBGE_API
3304409,Rio Claro,RJ,Rio de Janeiro,33,33011,Vale do Paraíba Fluminense,3305,Sul Fluminense,3,SE,Sudeste,IBGE_API
3304508,Rio das Flores,RJ,Rio de Janeiro,33,33012,Barra do Piraí,3305,Sul Fluminense,3,SE,Sudeste,IBGE_API
3304524,Rio das Ostras,RJ,Rio de Janeiro,33,33009,Bacia de São João,3304,Baixadas,3,SE,Sudeste,IBGE_API
3304557,Rio de Janeiro,RJ,Rio de Janeiro,33,33018,Rio de Janeiro,3306,Metropolitana do Rio de Janeiro,3,SE,Sudeste,IBGE_API
3304607,Santa Maria Madalena,RJ,Rio de Janeiro,33,33008,Santa Maria Madalena,3303,Centro Fluminense,3,SE,Sudeste,IBGE_API
3304706,Santo Antônio de Pádua,RJ,Rio de Janeiro,33,33002,Santo Antônio de Pádua,3301,Noroeste Fluminense,3,SE,Sudeste,IBGE_API
3304755,São Francisco de Itabapoana,RJ,Rio de Janeiro,33,33003,Campos dos Goytacazes,3302,Norte Fluminense,3,SE,Sudeste,IBGE_API
3304805,São Fidélis,RJ,Rio de Janeiro,33,33003,Campos dos Goytacazes,3302,Norte Fluminense,3,SE,Sudeste,IBGE_API
3304904,São Gonçalo,RJ,Rio de Janeiro,33,33018,Rio de Janeiro,3306,Metropolitana do Rio de Janeiro,3,SE,Sudeste,IBGE_API
3305000,São João da Barra,RJ,Rio de Janeiro,33,33003,Campos dos Goytacazes,3302,Norte Fluminense,3,SE,Sudeste,IBGE_API
3305109,São João de Meriti,RJ,Rio de Janeiro,33,33018,Rio de Janeiro,3306,Metropolitana do Rio de Janeiro,3,SE,Sudeste,IBGE_API
3305133,São José de Ubá,RJ,Rio de Janeiro,33,33002,Santo Antônio de Pádua,3301,Noroeste Fluminense,3,SE,Sudeste,IBGE_API
3305158,São José do Vale do Rio Preto,RJ,Rio de Janeiro,33,33015,Serrana,3306,Metropolitana do Rio de Janeiro,3,SE,Sudeste,IBGE_API
3305208,São Pedro da Aldeia,RJ,Rio de Janeiro,33,33010,Lagos,3304,Baixadas,3,SE,Sudeste,IBGE_API
3305307,São Sebastião do Alto,RJ,Rio de Janeiro,33,33008,Santa Maria Madalena,3303,Centro Fluminense,3,SE,Sudeste,IBGE_API
3305406,Sapucaia,RJ,Rio de Janeiro,33,33005,Três Rios,3303,Centro Fluminense,3,SE,Sudeste,IBGE_API
3305505,Saquarema,RJ,Rio de Janeiro,33,33010,Lagos,3304,Baixadas,3,SE,Sudeste,IBGE_API
3305554,Seropédica,RJ,Rio de Janeiro,33,33017,Itaguaí,3306,Metropolitana do Rio de Janeiro,3,SE,Sudeste,IBGE_API
3305604,Silva Jardim,RJ,Rio de Janeiro,33,33009,Bacia de São João,3304,Baixadas,3,SE,Sudeste,IBGE_API
3305703,Sumidouro,RJ,Rio de Janeiro,33,33007,Nova Friburgo,3303,Centro Fluminense,3,SE,Sudeste,IBGE_API
3305752,Tanguá,RJ,Rio de Janeiro,33,33018,Rio de Janeiro,3306,Metropolitana do Rio de Janeiro,3,SE,Sudeste,IBGE_API
3305802,Teresópolis,RJ,Rio de Janeiro,33,33015,Serrana,3306,Metropolitana do Rio de Janeiro,3,SE,Sudeste,IBGE_API
3305901,Trajano de Moraes,RJ,Rio de Janeiro,33,33008,Santa Maria Madalena,3303,Centro Fluminense,3,SE,Sudeste,IBGE_API
3306008,Três Rios,RJ,Rio de Janeiro,33,33005,Três Rios,3303,Centro Fluminense,3,SE,Sudeste,IBGE_API
3306107,Valença,RJ,Rio de Janeiro,33,33012,Barra do Piraí,3305,Sul Fluminense,3,SE,Sudeste,IBGE_API
3306156,Varre-Sai,RJ,Rio de Janeiro,33,33001,Itaperuna,3301,Noroeste Fluminense,3,SE,Sudeste,IBGE_API
3306206,Vassouras,RJ,Rio de Janeiro,33,33014,Vassouras,3306,Metropolitana do Rio de Janeiro,3,SE,Sudeste,IBGE_API
3306305,Volta Redonda,RJ,Rio de Janeiro,33,33011,Vale do Paraíba Fluminense,3305,Sul Fluminense,3,SE,Sudeste,IBGE_API
3500105,Adamantina,SP,São Paulo,35,35035,Adamantina,3508,Presidente Prudente,3,SE,Sudeste,IBGE_API
3500204,Adolfo,SP,São Paulo,35,35004,São José do Rio Preto,3501,São José do Rio Preto,3,SE,Sudeste,IBGE_API
3500303,Aguaí,SP,São Paulo,35,35029,Pirassununga,3507,Campinas,3,SE,Sudeste,IBGE_API
3500402,Águas da Prata,SP,São Paulo,35,35030,São João da Boa Vista,3507,Campinas,3,SE,Sudeste,IBGE_API
3500501,Águas de Lindóia,SP,São Paulo,35,35033,Amparo,3507,Campinas,3,SE,Sudeste,IBGE_API
3500550,Águas de Santa Bárbara,SP,São Paulo,35,35022,Avaré,3504,Bauru,3,SE,Sudeste,IBGE_API
3500600,Águas de São Pedro,SP,São Paulo,35,35028,Piracicaba,3506,Piracicaba,3,SE,Sudeste,IBGE_API
3500709,Agudos,SP,São Paulo,35,35020,Bauru,3504,Bauru,3,SE,Sudeste,IBGE_API
3500758,Alambari,SP,São Paulo,35,35042,Itapetininga,3511,Itapetininga,3,SE,Sudeste,IBGE_API
3500808,Alfredo Marcondes,SP,São Paulo,35,35036,Presidente Prudente,3508,Presidente Prudente,3,SE,Sudeste,IBGE_API
3500907,Altair,SP,São Paulo,35,35004,São José do Rio Preto,3501,São José do Rio Preto,3,SE,Sudeste,IBGE_API
3501004,Altinópolis,SP,São Paulo,35,35015,Batatais,3502,Ribeirão Preto,3,SE,Sudeste,IBGE_API
3501103,Alto Alegre,SP,São Paulo,35,35018,Birigui,3503,Araçatuba,3,SE,Sudeste,IBGE_API
3501152,Alumínio,SP,São Paulo,35,35046,Sorocaba,3512,Macro Metropolitana Paulista,3,SE,Sudeste,IBGE_API
3501202,Álvares Florence,SP,São Paulo,35,35003,Votuporanga,3501,São José do Rio Preto,3,SE,Sudeste,IBGE_API
3501301,Álvares Machado,SP,São Paulo,35,35036,Presidente Prudente,3508,Presidente Prudente,3,SE,Sudeste,IBGE_API
3501400,Álvaro de Carvalho,SP,São Paulo,35,35038,Marília,3509,Marília,3,SE,Sudeste,IBGE_API
3501509,Alvinlândia,SP,São Paulo,35,35038,Marília,3509,Marília,3,SE,Sudeste,IBGE_API
3501608,Americana,SP,São Paulo,35,35032,Campinas,3507,Campinas,3,SE,Sudeste,IBGE_API
3501707,Américo Brasiliense,SP,São Paulo,35,35024,Araraquara,3505,Araraquara,3,SE,Sudeste,IBGE_API
3501806,Américo de Campos,SP,São Paulo,35,35003,Votuporanga,3501,São José do Rio Preto,3,SE,Sudeste,IBGE_API
3501905,Amparo,SP,São Paulo,35,35033,Amparo,3507,Campinas,3,SE,Sudeste,IBGE_API
3502002,Analândia,SP,São Paulo,35,35025,São Carlos,3505,Araraquara,3,SE,Sudeste,IBGE_API
3502101,Andradina,SP,São Paulo,35,35016,Andradina,3503,Araçatuba,3,SE,Sudeste,IBGE_API
3502200,Angatuba,SP,São Paulo,35,35042,Itapetininga,3511,Itapetininga,3,SE,Sudeste,IBGE_API
3502309,Anhembi,SP,São Paulo,35,35023,Botucatu,3504,Bauru,3,SE,Sudeste,IBGE_API
3502408,Anhumas,SP,São Paulo,35,35036,Presidente Prudente,3508,Presidente Prudente,3,SE,Sudeste,IBGE_API
3502507,Aparecida,SP,São Paulo,35,35051,Guaratinguetá,3513,Vale do Paraíba Paulista,3,SE,Sudeste,IBGE_API
3502606,Aparecida d'Oeste,SP,São Paulo,35,35001,Jales,3501,São José do Rio Preto,3,SE,Sudeste,IBGE_API
3502705,Apiaí,SP,São Paulo,35,35044,Capão Bonito,3511,Itapetininga,3,SE,Sudeste,IBGE_API
3502754,Araçariguama,SP,São Paulo,35,35046,Sorocaba,3512,Macro Metropolitana Paulista,3,SE,Sudeste,IBGE_API
3502804,Araçatuba,SP,São Paulo,35,35017,Araçatuba,3503,Araçatuba,3,SE,Sudeste,IBGE_API
3502903,Araçoiaba da Serra,SP,São Paulo,35,35046,Sorocaba,3512,Macro Metropolitana Paulista,3,SE,Sudeste,IBGE_API
3503000,Aramina,SP,São Paulo,35,35011,Ituverava,3502,Ribeirão Preto,3,SE,Sudeste,IBGE_API
3503109,Arandu,SP,São Paulo,35,35022,Avaré,3504,Bauru,3,SE,Sudeste,IBGE_API
3503158,Arapeí,SP,São Paulo,35,35052,Bananal,3513,Vale do Paraíba Paulista,3,SE,Sudeste,IBGE_API
3503208,Araraquara,SP,São Paulo,35,35024,Araraquara,3505,Araraquara,3,SE,Sudeste,IBGE_API
3503307,Araras,SP,São Paulo,35,35027,Limeira,3506,Piracicaba,3,SE,Sudeste,IBGE_API
3503356,Arco-Íris,SP,São Paulo,35,35037,Tupã,3509,Marília,3,SE,Sudeste,IBGE_API
3503406,Arealva,SP,São Paulo,35,35020,Bauru,3504,Bauru,3,SE,Sudeste,IBGE_API
3503505,Areias,SP,São Paulo,35,35052,Bananal,3513,Vale do Paraíba Paulista,3,SE,Sudeste,IBGE_API
3503604,Areiópolis,SP,São Paulo,35,35020,Bauru,3504,Bauru,3,SE,Sudeste,IBGE_API
3503703,Ariranha,SP,São Paulo,35,35005,Catanduva,3501,São José do Rio Preto,3,SE,Sudeste,IBGE_API
3503802,Artur Nogueira,SP,São Paulo,35,35031,Mogi Mirim,3507,Campinas,3,SE,Sudeste,IBGE_API
3503901,Arujá,SP,São Paulo,35,35059,Guarulhos,3515,Metropolitana de São Paulo,3,SE,Sudeste,IBGE_API
3503950,Aspásia,SP,São Paulo,35,35001,Jales,3501,São José do Rio Preto,3,SE,Sudeste,IBGE_API
3504008,Assis,SP,São Paulo,35,35039,Assis,3510,Assis,3,SE,Sudeste,IBGE_API
3504107,Atibaia,SP,São Paulo,35,35048,Bragança Paulista,3512,Macro Metropolitana Paulista,3,SE,Sudeste,IBGE_API
3504206,Auriflama,SP,São Paulo,35,35006,Auriflama,3501,São José do Rio Preto,3,SE,Sudeste,IBGE_API
3504305,Avaí,SP,São Paulo,35,35020,Bauru,3504,Bauru,3,SE,Sudeste,IBGE_API
3504404,Avanhandava,SP,São Paulo,35,35018,Birigui,3503,Araçatuba,3,SE,Sudeste,IBGE_API
3504503,Avaré,SP,São Paulo,35,35022,Avaré,3504,Bauru,3,SE,Sudeste,IBGE_API
3504602,Bady Bassitt,SP,São Paulo,35,35004,São José do Rio Preto,3501,São José do Rio Preto,3,SE,Sudeste,IBGE_API
3504701,Balbinos,SP,São Paulo,35,35020,Bauru,3504,Bauru,3,SE,Sudeste,IBGE_API
3504800,Bálsamo,SP,São Paulo,35,35004,São José do Rio Preto,3501,São José do Rio Preto,3,SE,Sudeste,IBGE_API
3504909,Bananal,SP,São Paulo,35,35052,Bananal,3513,Vale do Paraíba Paulista,3,SE,Sudeste,IBGE_API
3505005,Barão de Antonina,SP,São Paulo,35,35041,Itapeva,3511,Itapetininga,3,SE,Sudeste,IBGE_API
3505104,Barbosa,SP,São Paulo,35,35018,Birigui,3503,Araçatuba,3,SE,Sudeste,IBGE_API
3505203,Bariri,SP,São Paulo,35,35021,Jaú,3504,Bauru,3,SE,Sudeste,IBGE_API
3505302,Barra Bonita,SP,São Paulo,35,35021,Jaú,3504,Bauru,3,SE,Sudeste,IBGE_API
3505351,Barra do Chapéu,SP,São Paulo,35,35044,Capão Bonito,3511,Itapetininga,3,SE,Sudeste,IBGE_API
3505401,Barra do Turvo,SP,São Paulo,35,35055,Registro,3514,Litoral Sul Paulista,3,SE,Sudeste,IBGE_API
3505500,Barretos,SP,São Paulo,35,35009,Barretos,3502,Ribeirão Preto,3,SE,Sudeste,IBGE_API
3505609,Barrinha,SP,São Paulo,35,35014,Ribeirão Preto,3502,Ribeirão Preto,3,SE,Sudeste,IBGE_API
3505708,Barueri,SP,São Paulo,35,35057,Osasco,3515,Metropolitana de São Paulo,3,SE,Sudeste,IBGE_API
3505807,Bastos,SP,São Paulo,35,35037,Tupã,3509,Marília,3,SE,Sudeste,IBGE_API
3505906,Batatais,SP,São Paulo,35,35015,Batatais,3502,Ribeirão Preto,3,SE,Sudeste,IBGE_API
3506003,Bauru,SP,São Paulo,35,35020,Bauru,3504,Bauru,3,SE,Sudeste,IBGE_API
3506102,Bebedouro,SP,São Paulo,35,35013,Jaboticabal,3502,Ribeirão Preto,3,SE,Sudeste,IBGE_API
3506201,Bento de Abreu,SP,São Paulo,35,35017,Araçatuba,3503,Araçatuba,3,SE,Sudeste,IBGE_API
3506300,Bernardino de Campos,SP,São Paulo,35,35040,Ourinhos,3510,Assis,3,SE,Sudeste,IBGE_API
3506359,Bertioga,SP,São Paulo,35,35063,Santos,3515,Metropolitana de São Paulo,3,SE,Sudeste,IBGE_API
3506409,Bilac,SP,São Paulo,35,35018,Birigui,3503,Araçatuba,3,SE,Sudeste,IBGE_API
3506508,Birigui,SP,São Paulo,35,35018,Birigui,3503,Araçatuba,3,SE,Sudeste,IBGE_API
3506607,Biritiba Mirim,SP,São Paulo,35,35062,Mogi das Cruzes,3515,Metropolitana de São Paulo,3,SE,Sudeste,IBGE_API
3506706,Boa Esperança do Sul,SP,São Paulo,35,35024,Araraquara,3505,Araraquara,3,SE,Sudeste,IBGE_API
3506805,Bocaina,SP,São Paulo,35,35021,Jaú,3504,Bauru,3,SE,Sudeste,IBGE_API
3506904,Bofete,SP,São Paulo,35,35023,Botucatu,3504,Bauru,3,SE,Sudeste,IBGE_API
3507001,Boituva,SP,São Paulo,35,35043,Tatuí,3511,Itapetininga,3,SE,Sudeste,IBGE_API
3507100,Bom Jesus dos Perdões,SP,São Paulo,35,35048,Bragança Paulista,3512,Macro Metropolitana Paulista,3,SE,Sudeste,IBGE_API
3507159,Bom Sucesso de Itararé,SP,São Paulo,35,35041,Itapeva,3511,Itapetininga,3,SE,Sudeste,IBGE_API
3507209,Borá,SP,São Paulo,35,35039,Assis,3510,Assis,3,SE,Sudeste,IBGE_API
3507308,Boracéia,SP,São Paulo,35,35021,Jaú,3504,Bauru,3,SE,Sudeste,IBGE_API
3507407,Borborema,SP,São Paulo,35,35024,Araraquara,3505,Araraquara,3,SE,Sudeste,IBGE_API
3507456,Borebi,SP,São Paulo,35,35020,Bauru,3504,Bauru,3,SE,Sudeste,IBGE_API
3507506,Botucatu,SP,São Paulo,35,35023,Botucatu,3504,Bauru,3,SE,Sudeste,IBGE_API
3507605,Bragança Paulista,SP,São Paulo,35,35048,Bragança Paulista,3512,Macro Metropolitana Paulista,3,SE,Sudeste,IBGE_API
3507704,Braúna,SP,São Paulo,35,35018,Birigui,3503,Araçatuba,3,SE,Sudeste,IBGE_API
3507753,Brejo Alegre,SP,São Paulo,35,35018,Birigui,3503,Araçatuba,3,SE,Sudeste,IBGE_API
3507803,Brodowski,SP,São Paulo,35,35014,Ribeirão Preto,3502,Ribeirão Preto,3,SE,Sudeste,IBGE_API
3507902,Brotas,SP,São Paulo,35,35026,Rio Claro,3506,Piracicaba,3,SE,Sudeste,IBGE_API
3508009,Buri,SP,São Paulo,35,35041,Itapeva,3511,Itapetininga,3,SE,Sudeste,IBGE_API
3508108,Buritama,SP,São Paulo,35,35018,Birigui,3503,Araçatuba,3,SE,Sudeste,IBGE_API
3508207,Buritizal,SP,São Paulo,35,35011,Ituverava,3502,Ribeirão Preto,3,SE,Sudeste,IBGE_API
3508306,Cabrália Paulista,SP,São Paulo,35,35020,Bauru,3504,Bauru,3,SE,Sudeste,IBGE_API
3508405,Cabreúva,SP,São Paulo,35,35046,Sorocaba,3512,Macro Metropolitana Paulista,3,SE,Sudeste,IBGE_API
3508504,Caçapava,SP,São Paulo,35,35050,São José dos Campos,3513,Vale do Paraíba Paulista,3,SE,Sudeste,IBGE_API
3508603,Cachoeira Paulista,SP,São Paulo,35,35051,Guaratinguetá,3513,Vale do Paraíba Paulista,3,SE,Sudeste,IBGE_API
3508702,Caconde,SP,São Paulo,35,35030,São João da Boa Vista,3507,Campinas,3,SE,Sudeste,IBGE_API
3508801,Cafelândia,SP,São Paulo,35,35019,Lins,3504,Bauru,3,SE,Sudeste,IBGE_API
3508900,Caiabu,SP,São Paulo,35,35036,Presidente Prudente,3508,Presidente Prudente,3,SE,Sudeste,IBGE_API
3509007,Caieiras,SP,São Paulo,35,35058,Franco da Rocha,3515,Metropolitana de São Paulo,3,SE,Sudeste,IBGE_API
3509106,Caiuá,SP,São Paulo,35,35036,Presidente Prudente,3508,Presidente Prudente,3,SE,Sudeste,IBGE_API
3509205,Cajamar,SP,São Paulo,35,35057,Osasco,3515,Metropolitana de São Paulo,3,SE,Sudeste,IBGE_API
3509254,Cajati,SP,São Paulo,35,35055,Registro,3514,Litoral Sul Paulista,3,SE,Sudeste,IBGE_API
3509304,Cajobi,SP,São Paulo,35,35005,Catanduva,3501,São José do Rio Preto,3,SE,Sudeste,IBGE_API
3509403,Cajuru,SP,São Paulo,35,35015,Batatais,3502,Ribeirão Preto,3,SE,Sudeste,IBGE_API
3509452,Campina do Monte Alegre,SP,São Paulo,35,35042,Itapetininga,3511,Itapetininga,3,SE,Sudeste,IBGE_API
3509502,Campinas,SP,São Paulo,35,35032,Campinas,3507,Campinas,3,SE,Sudeste,IBGE_API
3509601,Campo Limpo Paulista,SP,São Paulo,35,35047,Jundiaí,3512,Macro Metropolitana Paulista,3,SE,Sudeste,IBGE_API
3509700,Campos do Jordão,SP,São Paulo,35,35049,Campos do Jordão,3513,Vale do Paraíba Paulista,3,SE,Sudeste,IBGE_API
3509809,Campos Novos Paulista,SP,São Paulo,35,35039,Assis,3510,Assis,3,SE,Sudeste,IBGE_API
3509908,Cananéia,SP,São Paulo,35,35055,Registro,3514,Litoral Sul Paulista,3,SE,Sudeste,IBGE_API
3509957,Canas,SP,São Paulo,35,35051,Guaratinguetá,3513,Vale do Paraíba Paulista,3,SE,Sudeste,IBGE_API
3510005,Cândido Mota,SP,São Paulo,35,35039,Assis,3510,Assis,3,SE,Sudeste,IBGE_API
3510104,Cândido Rodrigues,SP,São Paulo,35,35013,Jaboticabal,3502,Ribeirão Preto,3,SE,Sudeste,IBGE_API
3510153,Canitar,SP,São Paulo,35,35040,Ourinhos,3510,Assis,3,SE,Sudeste,IBGE_API
3510203,Capão Bonito,SP,São Paulo,35,35044,Capão Bonito,3511,Itapetininga,3,SE,Sudeste,IBGE_API
3510302,Capela do Alto,SP,São Paulo,35,35046,Sorocaba,3512,Macro Metropolitana Paulista,3,SE,Sudeste,IBGE_API
3510401,Capivari,SP,São Paulo,35,35028,Piracicaba,3506,Piracicaba,3,SE,Sudeste,IBGE_API
3510500,Caraguatatuba,SP,São Paulo,35,35054,Caraguatatuba,3513,Vale do Paraíba Paulista,3,SE,Sudeste,IBGE_API
3510609,Carapicuíba,SP,São Paulo,35,35057,Osasco,3515,Metropolitana de São Paulo,3,SE,Sudeste,IBGE_API
3510708,Cardoso,SP,São Paulo,35,35003,Votuporanga,3501,São José do Rio Preto,3,SE,Sudeste,IBGE_API
3510807,Casa Branca,SP,São Paulo,35,35030,São João da Boa Vista,3507,Campinas,3,SE,Sudeste,IBGE_API
3510906,Cássia dos Coqueiros,SP,São Paulo,35,35015,Batatais,3502,Ribeirão Preto,3,SE,Sudeste,IBGE_API
3511003,Castilho,SP,São Paulo,35,35016,Andradina,3503,Araçatuba,3,SE,Sudeste,IBGE_API
3511102,Catanduva,SP,São Paulo,35,35005,Catanduva,3501,São José do Rio Preto,3,SE,Sudeste,IBGE_API
3511201,Catiguá,SP,São Paulo,35,35005,Catanduva,3501,São José do Rio Preto,3,SE,Sudeste,IBGE_API
3511300,Cedral,SP,São Paulo,35,35004,São José do Rio Preto,3501,São José do Rio Preto,3,SE,Sudeste,IBGE_API
3511409,Cerqueira César,SP,São Paulo,35,35022,Avaré,3504,Bauru,3,SE,Sudeste,IBGE_API
3511508,Cerquilho,SP,São Paulo,35,35043,Tatuí,3511,Itapetininga,3,SE,Sudeste,IBGE_API
3511607,Cesário Lange,SP,São Paulo,35,35043,Tatuí,3511,Itapetininga,3,SE,Sudeste,IBGE_API
3511706,Charqueada,SP,São Paulo,35,35028,Piracicaba,3506,Piracicaba,3,SE,Sudeste,IBGE_API
3511904,Clementina,SP,São Paulo,35,35018,Birigui,3503,Araçatuba,3,SE,Sudeste,IBGE_API
3512001,Colina,SP,São Paulo,35,35009,Barretos,3502,Ribeirão Preto,3,SE,Sudeste,IBGE_API
3512100,Colômbia,SP,São Paulo,35,35009,Barretos,3502,Ribeirão Preto,3,SE,Sudeste,IBGE_API
3512209,Conchal,SP,São Paulo,35,35027,Limeira,3506,Piracicaba,3,SE,Sudeste,IBGE_API
3512308,Conchas,SP,São Paulo,35,35023,Botucatu,3504,Bauru,3,SE,Sudeste,IBGE_API
3512407,Cordeirópolis,SP,São Paulo,35,35027,Limeira,3506,Piracicaba,3,SE,Sudeste,IBGE_API
3512506,Coroados,SP,São Paulo,35,35018,Birigui,3503,Araçatuba,3,SE,Sudeste,IBGE_API
3512605,Coronel Macedo,SP,São Paulo,35,35041,Itapeva,3511,Itapetininga,3,SE,Sudeste,IBGE_API
3512704,Corumbataí,SP,São Paulo,35,35026,Rio Claro,3506,Piracicaba,3,SE,Sudeste,IBGE_API
3512803,Cosmópolis,SP,São Paulo,35,35032,Campinas,3507,Campinas,3,SE,Sudeste,IBGE_API
3512902,Cosmorama,SP,São Paulo,35,35003,Votuporanga,3501,São José do Rio Preto,3,SE,Sudeste,IBGE_API
3513009,Cotia,SP,São Paulo,35,35060,Itapecerica da Serra,3515,Metropolitana de São Paulo,3,SE,Sudeste,IBGE_API
3513108,Cravinhos,SP,São Paulo,35,35014,Ribeirão Preto,3502,Ribeirão Preto,3,SE,Sudeste,IBGE_API
3513207,Cristais Paulista,SP,São Paulo,35,35012,Franca,3502,Ribeirão Preto,3,SE,Sudeste,IBGE_API
3513306,Cruzália,SP,São Paulo,35,35039,Assis,3510,Assis,3,SE,Sudeste,IBGE_API
3513405,Cruzeiro,SP,São Paulo,35,35051,Guaratinguetá,3513,Vale do Paraíba Paulista,3,SE,Sudeste,IBGE_API
3513504,Cubatão,SP,São Paulo,35,35063,Santos,3515,Metropolitana de São Paulo,3,SE,Sudeste,IBGE_API
3513603,Cunha,SP,São Paulo,35,35053,Paraibuna/Paraitinga,3513,Vale do Paraíba Paulista,3,SE,Sudeste,IBGE_API
3513702,Descalvado,SP,São Paulo,35,35025,São Carlos,3505,Araraquara,3,SE,Sudeste,IBGE_API
3513801,Diadema,SP,São Paulo,35,35061,São Paulo,3515,Metropolitana de São Paulo,3,SE,Sudeste,IBGE_API
3513850,Dirce Reis,SP,São Paulo,35,35001,Jales,3501,São José do Rio Preto,3,SE,Sudeste,IBGE_API
3513900,Divinolândia,SP,São Paulo,35,35030,São João da Boa Vista,3507,Campinas,3,SE,Sudeste,IBGE_API
3514007,Dobrada,SP,São Paulo,35,35024,Araraquara,3505,Araraquara,3,SE,Sudeste,IBGE_API
3514106,Dois Córregos,SP,São Paulo,35,35021,Jaú,3504,Bauru,3,SE,Sudeste,IBGE_API
3514205,Dolcinópolis,SP,São Paulo,35,35001,Jales,3501,São José do Rio Preto,3,SE,Sudeste,IBGE_API
3514304,Dourado,SP,São Paulo,35,35025,São Carlos,3505,Araraquara,3,SE,Sudeste,IBGE_API
3514403,Dracena,SP,São Paulo,35,35034,Dracena,3508,Presidente Prudente,3,SE,Sudeste,IBGE_API
3514502,Duartina,SP,São Paulo,35,35020,Bauru,3504,Bauru,3,SE,Sudeste,IBGE_API
3514601,Dumont,SP,São Paulo,35,35014,Ribeirão Preto,3502,Ribeirão Preto,3,SE,Sudeste,IBGE_API
3514700,Echaporã,SP,São Paulo,35,35038,Marília,3509,Marília,3,SE,Sudeste,IBGE_API
3514809,Eldorado,SP,São Paulo,35,35055,Registro,3514,Litoral Sul Paulista,3,SE,Sudeste,IBGE_API
3514908,Elias Fausto,SP,São Paulo,35,35032,Campinas,3507,Campinas,3,SE,Sudeste,IBGE_API
3514924,Elisiário,SP,São Paulo,35,35005,Catanduva,3501,São José do Rio Preto,3,SE,Sudeste,IBGE_API
3514957,Embaúba,SP,São Paulo,35,35005,Catanduva,3501,São José do Rio Preto,3,SE,Sudeste,IBGE_API
3515004,Embu das Artes,SP,São Paulo,35,35060,Itapecerica da Serra,3515,Metropolitana de São Paulo,3,SE,Sudeste,IBGE_API
3515103,Embu-Guaçu,SP,São Paulo,35,35060,Itapecerica da Serra,3515,Metropolitana de São Paulo,3,SE,Sudeste,IBGE_API
3515129,Emilianópolis,SP,São Paulo,35,35036,Presidente Prudente,3508,Presidente Prudente,3,SE,Sudeste,IBGE_API
3515152,Engenheiro Coelho,SP,São Paulo,35,35031,Mogi Mirim,3507,Campinas,3,SE,Sudeste,IBGE_API
3515186,Espírito Santo do Pinhal,SP,São Paulo,35,35030,São João da Boa Vista,3507,Campinas,3,SE,Sudeste,IBGE_API
3515194,Espírito Santo do Turvo,SP,São Paulo,35,35040,Ourinhos,3510,Assis,3,SE,Sudeste,IBGE_API
3515202,Estrela d'Oeste,SP,São Paulo,35,35002,Fernandópolis,3501,São José do Rio Preto,3,SE,Sudeste,IBGE_API
3515301,Estrela do Norte,SP,São Paulo,35,35036,Presidente Prudente,3508,Presidente Prudente,3,SE,Sudeste,IBGE_API
3515350,Euclides da Cunha Paulista,SP,São Paulo,35,35036,Presidente Prudente,3508,Presidente Prudente,3,SE,Sudeste,IBGE_API
3515400,Fartura,SP,São Paulo,35,35040,Ourinhos,3510,Assis,3,SE,Sudeste,IBGE_API
3515509,Fernandópolis,SP,São Paulo,35,35002,Fernandópolis,3501,São José do Rio Preto,3,SE,Sudeste,IBGE_API
3515608,Fernando Prestes,SP,São Paulo,35,35013,Jaboticabal,3502,Ribeirão Preto,3,SE,Sudeste,IBGE_API
3515657,Fernão,SP,São Paulo,35,35038,Marília,3509,Marília,3,SE,Sudeste,IBGE_API
3515707,Ferraz de Vasconcelos,SP,São Paulo,35,35062,Mogi das Cruzes,3515,Metropolitana de São Paulo,3,SE,Sudeste,IBGE_API
3515806,Flora Rica,SP,São Paulo,35,35035,Adamantina,3508,Presidente Prudente,3,SE,Sudeste,IBGE_API
3515905,Floreal,SP,São Paulo,35,35006,Auriflama,3501,São José do Rio Preto,3,SE,Sudeste,IBGE_API
3516002,Flórida Paulista,SP,São Paulo,35,35035,Adamantina,3508,Presidente Prudente,3,SE,Sudeste,IBGE_API
3516101,Florínea,SP,São Paulo,35,35039,Assis,3510,Assis,3,SE,Sudeste,IBGE_API
3516200,Franca,SP,São Paulo,35,35012,Franca,3502,Ribeirão Preto,3,SE,Sudeste,IBGE_API
3516309,Francisco Morato,SP,São Paulo,35,35058,Franco da Rocha,3515,Metropolitana de São Paulo,3,SE,Sudeste,IBGE_API
3516408,Franco da Rocha,SP,São Paulo,35,35058,Franco da Rocha,3515,Metropolitana de São Paulo,3,SE,Sudeste,IBGE_API
3516507,Gabriel Monteiro,SP,São Paulo,35,35018,Birigui,3503,Araçatuba,3,SE,Sudeste,IBGE_API
3516606,Gália,SP,São Paulo,35,35038,Marília,3509,Marília,3,SE,Sudeste,IBGE_API
3516705,Garça,SP,São Paulo,35,35038,Marília,3509,Marília,3,SE,Sudeste,IBGE_API
3516804,Gastão Vidigal,SP,São Paulo,35,35006,Auriflama,3501,São José do Rio Preto,3,SE,Sudeste,IBGE_API
3516853,Gavião Peixoto,SP,São Paulo,35,35024,Araraquara,3505,Araraquara,3,SE,Sudeste,IBGE_API
3516903,General Salgado,SP,São Paulo,35,35006,Auriflama,3501,São José do Rio Preto,3,SE,Sudeste,IBGE_API
3517000,Getulina,SP,São Paulo,35,35019,Lins,3504,Bauru,3,SE,Sudeste,IBGE_API
3517109,Glicério,SP,São Paulo,35,35018,Birigui,3503,Araçatuba,3,SE,Sudeste,IBGE_API
3517208,Guaiçara,SP,São Paulo,35,35019,Lins,3504,Bauru,3,SE,Sudeste,IBGE_API
3517307,Guaimbê,SP,São Paulo,35,35019,Lins,3504,Bauru,3,SE,Sudeste,IBGE_API
3517406,Guaíra,SP,São Paulo,35,35010,São Joaquim da Barra,3502,Ribeirão Preto,3,SE,Sudeste,IBGE_API
3517505,Guapiaçu,SP,São Paulo,35,35004,São José do Rio Preto,3501,São José do Rio Preto,3,SE,Sudeste,IBGE_API
3517604,Guapiara,SP,São Paulo,35,35044,Capão Bonito,3511,Itapetininga,3,SE,Sudeste,IBGE_API
3517703,Guará,SP,São Paulo,35,35011,Ituverava,3502,Ribeirão Preto,3,SE,Sudeste,IBGE_API
3517802,Guaraçaí,SP,São Paulo,35,35016,Andradina,3503,Araçatuba,3,SE,Sudeste,IBGE_API
3517901,Guaraci,SP,São Paulo,35,35004,São José do Rio Preto,3501,São José do Rio Preto,3,SE,Sudeste,IBGE_API
3518008,Guarani d'Oeste,SP,São Paulo,35,35002,Fernandópolis,3501,São José do Rio Preto,3,SE,Sudeste,IBGE_API
3518107,Guarantã,SP,São Paulo,35,35020,Bauru,3504,Bauru,3,SE,Sudeste,IBGE_API
3518206,Guararapes,SP,São Paulo,35,35017,Araçatuba,3503,Araçatuba,3,SE,Sudeste,IBGE_API
3518305,Guararema,SP,São Paulo,35,35062,Mogi das Cruzes,3515,Metropolitana de São Paulo,3,SE,Sudeste,IBGE_API
3518404,Guaratinguetá,SP,São Paulo,35,35051,Guaratinguetá,3513,Vale do Paraíba Paulista,3,SE,Sudeste,IBGE_API
3518503,Guareí,SP,São Paulo,35,35042,Itapetininga,3511,Itapetininga,3,SE,Sudeste,IBGE_API
3518602,Guariba,SP,São Paulo,35,35013,Jaboticabal,3502,Ribeirão Preto,3,SE,Sudeste,IBGE_API
3518701,Guarujá,SP,São Paulo,35,35063,Santos,3515,Metropolitana de São Paulo,3,SE,Sudeste,IBGE_API
3518800,Guarulhos,SP,São Paulo,35,35059,Guarulhos,3515,Metropolitana de São Paulo,3,SE,Sudeste,IBGE_API
3518859,Guatapará,SP,São Paulo,35,35014,Ribeirão Preto,3502,Ribeirão Preto,3,SE,Sudeste,IBGE_API
3518909,Guzolândia,SP,São Paulo,35,35006,Auriflama,3501,São José do Rio Preto,3,SE,Sudeste,IBGE_API
3519006,Herculândia,SP,São Paulo,35,35037,Tupã,3509,Marília,3,SE,Sudeste,IBGE_API
3519055,Holambra,SP,São Paulo,35,35032,Campinas,3507,Campinas,3,SE,Sudeste,IBGE_API
3519071,Hortolândia,SP,São Paulo,35,35032,Campinas,3507,Campinas,3,SE,Sudeste,IBGE_API
3519105,Iacanga,SP,São Paulo,35,35020,Bauru,3504,Bauru,3,SE,Sudeste,IBGE_API
3519204,Iacri,SP,São Paulo,35,35037,Tupã,3509,Marília,3,SE,Sudeste,IBGE_API
3519253,Iaras,SP,São Paulo,35,35022,Avaré,3504,Bauru,3,SE,Sudeste,IBGE_API
3519303,Ibaté,SP,São Paulo,35,35025,São Carlos,3505,Araraquara,3,SE,Sudeste,IBGE_API
3519402,Ibirá,SP,São Paulo,35,35004,São José do Rio Preto,3501,São José do Rio Preto,3,SE,Sudeste,IBGE_API
3519501,Ibirarema,SP,São Paulo,35,35039,Assis,3510,Assis,3,SE,Sudeste,IBGE_API
3519600,Ibitinga,SP,São Paulo,35,35024,Araraquara,3505,Araraquara,3,SE,Sudeste,IBGE_API
3519709,Ibiúna,SP,São Paulo,35,35045,Piedade,3512,Macro Metropolitana Paulista,3,SE,Sudeste,IBGE_API
3519808,Icém,SP,São Paulo,35,35004,São José do Rio Preto,3501,São José do Rio Preto,3,SE,Sudeste,IBGE_API
3519907,Iepê,SP,São Paulo,35,35039,Assis,3510,Assis,3,SE,Sudeste,IBGE_API
3520004,Igaraçu do Tietê,SP,São Paulo,35,35021,Jaú,3504,Bauru,3,SE,Sudeste,IBGE_API
3520103,Igarapava,SP,São Paulo,35,35011,Ituverava,3502,Ribeirão Preto,3,SE,Sudeste,IBGE_API
3520202,Igaratá,SP,São Paulo,35,35050,São José dos Campos,3513,Vale do Paraíba Paulista,3,SE,Sudeste,IBGE_API
3520301,Iguape,SP,São Paulo,35,35055,Registro,3514,Litoral Sul Paulista,3,SE,Sudeste,IBGE_API
3520400,Ilhabela,SP,São Paulo,35,35054,Caraguatatuba,3513,Vale do Paraíba Paulista,3,SE,Sudeste,IBGE_API
3520426,Ilha Comprida,SP,São Paulo,35,35055,Registro,3514,Litoral Sul Paulista,3,SE,Sudeste,IBGE_API
3520442,Ilha Solteira,SP,São Paulo,35,35016,Andradina,3503,Araçatuba,3,SE,Sudeste,IBGE_API
3520509,Indaiatuba,SP,São Paulo,35,35032,Campinas,3507,Campinas,3,SE,Sudeste,IBGE_API
3520608,Indiana,SP,São Paulo,35,35036,Presidente Prudente,3508,Presidente Prudente,3,SE,Sudeste,IBGE_API
3520707,Indiaporã,SP,São Paulo,35,35002,Fernandópolis,3501,São José do Rio Preto,3,SE,Sudeste,IBGE_API
3520806,Inúbia Paulista,SP,São Paulo,35,35035,Adamantina,3508,Presidente Prudente,3,SE,Sudeste,IBGE_API
3520905,Ipaussu,SP,São Paulo,35,35040,Ourinhos,3510,Assis,3,SE,Sudeste,IBGE_API
3521002,Iperó,SP,São Paulo,35,35046,Sorocaba,3512,Macro Metropolitana Paulista,3,SE,Sudeste,IBGE_API
3521101,Ipeúna,SP,São Paulo,35,35026,Rio Claro,3506,Piracicaba,3,SE,Sudeste,IBGE_API
3521150,Ipiguá,SP,São Paulo,35,35004,São José do Rio Preto,3501,São José do Rio Preto,3,SE,Sudeste,IBGE_API
3521200,Iporanga,SP,São Paulo,35,35044,Capão Bonito,3511,Itapetininga,3,SE,Sudeste,IBGE_API
3521309,Ipuã,SP,São Paulo,35,35010,São Joaquim da Barra,3502,Ribeirão Preto,3,SE,Sudeste,IBGE_API
3521408,Iracemápolis,SP,São Paulo,35,35027,Limeira,3506,Piracicaba,3,SE,Sudeste,IBGE_API
3521507,Irapuã,SP,São Paulo,35,35008,Novo Horizonte,3501,São José do Rio Preto,3,SE,Sudeste,IBGE_API
3521606,Irapuru,SP,São Paulo,35,35035,Adamantina,3508,Presidente Prudente,3,SE,Sudeste,IBGE_API
3521705,Itaberá,SP,São Paulo,35,35041,Itapeva,3511,Itapetininga,3,SE,Sudeste,IBGE_API
3521804,Itaí,SP,São Paulo,35,35022,Avaré,3504,Bauru,3,SE,Sudeste,IBGE_API
3521903,Itajobi,SP,São Paulo,35,35008,Novo Horizonte,3501,São José do Rio Preto,3,SE,Sudeste,IBGE_API
3522000,Itaju,SP,São Paulo,35,35021,Jaú,3504,Bauru,3,SE,Sudeste,IBGE_API
3522109,Itanhaém,SP,São Paulo,35,35056,Itanhaém,3514,Litoral Sul Paulista,3,SE,Sudeste,IBGE_API
3522158,Itaoca,SP,São Paulo,35,35044,Capão Bonito,3511,Itapetininga,3,SE,Sudeste,IBGE_API
3522208,Itapecerica da Serra,SP,São Paulo,35,35060,Itapecerica da Serra,3515,Metropolitana de São Paulo,3,SE,Sudeste,IBGE_API
3522307,Itapetininga,SP,São Paulo,35,35042,Itapetininga,3511,Itapetininga,3,SE,Sudeste,IBGE_API
3522406,Itapeva,SP,São Paulo,35,35041,Itapeva,3511,Itapetininga,3,SE,Sudeste,IBGE_API
3522505,Itapevi,SP,São Paulo,35,35057,Osasco,3515,Metropolitana de São Paulo,3,SE,Sudeste,IBGE_API
3522604,Itapira,SP,São Paulo,35,35031,Mogi Mirim,3507,Campinas,3,SE,Sudeste,IBGE_API
3522653,Itapirapuã Paulista,SP,São Paulo,35,35044,Capão Bonito,3511,Itapetininga,3,SE,Sudeste,IBGE_API
3522703,Itápolis,SP,São Paulo,35,35024,Araraquara,3505,Araraquara,3,SE,Sudeste,IBGE_API
3522802,Itaporanga,SP,São Paulo,35,35041,Itapeva,3511,Itapetininga,3,SE,Sudeste,IBGE_API
3522901,Itapuí,SP,São Paulo,35,35021,Jaú,3504,Bauru,3,SE,Sudeste,IBGE_API
3523008,Itapura,SP,São Paulo,35,35016,Andradina,3503,Araçatuba,3,SE,Sudeste,IBGE_API
3523107,Itaquaquecetuba,SP,São Paulo,35,35062,Mogi das Cruzes,3515,Metropolitana de São Paulo,3,SE,Sudeste,IBGE_API
3523206,Itararé,SP,São Paulo,35,35041,Itapeva,3511,Itapetininga,3,SE,Sudeste,IBGE_API
3523305,Itariri,SP,São Paulo,35,35056,Itanhaém,3514,Litoral Sul Paulista,3,SE,Sudeste,IBGE_API
3523404,Itatiba,SP,São Paulo,35,35048,Bragança Paulista,3512,Macro Metropolitana Paulista,3,SE,Sudeste,IBGE_API
3523503,Itatinga,SP,São Paulo,35,35022,Avaré,3504,Bauru,3,SE,Sudeste,IBGE_API
3523602,Itirapina,SP,São Paulo,35,35026,Rio Claro,3506,Piracicaba,3,SE,Sudeste,IBGE_API
3523701,Itirapuã,SP,São Paulo,35,35012,Franca,3502,Ribeirão Preto,3,SE,Sudeste,IBGE_API
3523800,Itobi,SP,São Paulo,35,35030,São João da Boa Vista,3507,Campinas,3,SE,Sudeste,IBGE_API
3523909,Itu,SP,São Paulo,35,35046,Sorocaba,3512,Macro Metropolitana Paulista,3,SE,Sudeste,IBGE_API
3524006,Itupeva,SP,São Paulo,35,35047,Jundiaí,3512,Macro Metropolitana Paulista,3,SE,Sudeste,IBGE_API
3524105,Ituverava,SP,São Paulo,35,35011,Ituverava,3502,Ribeirão Preto,3,SE,Sudeste,IBGE_API
3524204,Jaborandi,SP,São Paulo,35,35010,São Joaquim da Barra,3502,Ribeirão Preto,3,SE,Sudeste,IBGE_API
3524303,Jaboticabal,SP,São Paulo,35,35013,Jaboticabal,3502,Ribeirão Preto,3,SE,Sudeste,IBGE_API
3524402,Jacareí,SP,São Paulo,35,35050,São José dos Campos,3513,Vale do Paraíba Paulista,3,SE,Sudeste,IBGE_API
3524501,Jaci,SP,São Paulo,35,35004,São José do Rio Preto,3501,São José do Rio Preto,3,SE,Sudeste,IBGE_API
3524600,Jacupiranga,SP,São Paulo,35,35055,Registro,3514,Litoral Sul Paulista,3,SE,Sudeste,IBGE_API
3524709,Jaguariúna,SP,São Paulo,35,35032,Campinas,3507,Campinas,3,SE,Sudeste,IBGE_API
3524808,Jales,SP,São Paulo,35,35001,Jales,3501,São José do Rio Preto,3,SE,Sudeste,IBGE_API
3524907,Jambeiro,SP,São Paulo,35,35053,Paraibuna/Paraitinga,3513,Vale do Paraíba Paulista,3,SE,Sudeste,IBGE_API
3525003,Jandira,SP,São Paulo,35,35057,Osasco,3515,Metropolitana de São Paulo,3,SE,Sudeste,IBGE_API
3525102,Jardinópolis,SP,São Paulo,35,35014,Ribeirão Preto,3502,Ribeirão Preto,3,SE,Sudeste,IBGE_API
3525201,Jarinu,SP,São Paulo,35,35048,Bragança Paulista,3512,Macro Metropolitana Paulista,3,SE,Sudeste,IBGE_API
3525300,Jaú,SP,São Paulo,35,35021,Jaú,3504,Bauru,3,SE,Sudeste,IBGE_API
3525409,Jeriquara,SP,São Paulo,35,35012,Franca,3502,Ribeirão Preto,3,SE,Sudeste,IBGE_API
3525508,Joanópolis,SP,São Paulo,35,35048,Bragança Paulista,3512,Macro Metropolitana Paulista,3,SE,Sudeste,IBGE_API
3525607,João Ramalho,SP,São Paulo,35,35036,Presidente Prudente,3508,Presidente Prudente,3,SE,Sudeste,IBGE_API
3525706,José Bonifácio,SP,São Paulo,35,35004,São José do Rio Preto,3501,São José do Rio Preto,3,SE,Sudeste,IBGE_API
3525805,Júlio Mesquita,SP,São Paulo,35,35019,Lins,3504,Bauru,3,SE,Sudeste,IBGE_API
3525854,Jumirim,SP,São Paulo,35,35028,Piracicaba,3506,Piracicaba,3,SE,Sudeste,IBGE_API
3525904,Jundiaí,SP,São Paulo,35,35047,Jundiaí,3512,Macro Metropolitana Paulista,3,SE,Sudeste,IBGE_API
3526001,Junqueirópolis,SP,São Paulo,35,35034,Dracena,3508,Presidente Prudente,3,SE,Sudeste,IBGE_API
3526100,Juquiá,SP,São Paulo,35,35055,Registro,3514,Litoral Sul Paulista,3,SE,Sudeste,IBGE_API
3526209,Juquitiba,SP,São Paulo,35,35060,Itapecerica da Serra,3515,Metropolitana de São Paulo,3,SE,Sudeste,IBGE_API
3526308,Lagoinha,SP,São Paulo,35,35053,Paraibuna/Paraitinga,3513,Vale do Paraíba Paulista,3,SE,Sudeste,IBGE_API
3526407,Laranjal Paulista,SP,São Paulo,35,35043,Tatuí,3511,Itapetininga,3,SE,Sudeste,IBGE_API
3526506,Lavínia,SP,São Paulo,35,35017,Araçatuba,3503,Araçatuba,3,SE,Sudeste,IBGE_API
3526605,Lavrinhas,SP,São Paulo,35,35051,Guaratinguetá,3513,Vale do Paraíba Paulista,3,SE,Sudeste,IBGE_API
3526704,Leme,SP,São Paulo,35,35027,Limeira,3506,Piracicaba,3,SE,Sudeste,IBGE_API
3526803,Lençóis Paulista,SP,São Paulo,35,35020,Bauru,3504,Bauru,3,SE,Sudeste,IBGE_API
3526902,Limeira,SP,São Paulo,35,35027,Limeira,3506,Piracicaba,3,SE,Sudeste,IBGE_API
3527009,Lindóia,SP,São Paulo,35,35033,Amparo,3507,Campinas,3,SE,Sudeste,IBGE_API
3527108,Lins,SP,São Paulo,35,35019,Lins,3504,Bauru,3,SE,Sudeste,IBGE_API
3527207,Lorena,SP,São Paulo,35,35051,Guaratinguetá,3513,Vale do Paraíba Paulista,3,SE,Sudeste,IBGE_API
3527256,Lourdes,SP,São Paulo,35,35018,Birigui,3503,Araçatuba,3,SE,Sudeste,IBGE_API
3527306,Louveira,SP,São Paulo,35,35047,Jundiaí,3512,Macro Metropolitana Paulista,3,SE,Sudeste,IBGE_API
3527405,Lucélia,SP,São Paulo,35,35035,Adamantina,3508,Presidente Prudente,3,SE,Sudeste,IBGE_API
3527504,Lucianópolis,SP,São Paulo,35,35020,Bauru,3504,Bauru,3,SE,Sudeste,IBGE_API
3527603,Luís Antônio,SP,São Paulo,35,35014,Ribeirão Preto,3502,Ribeirão Preto,3,SE,Sudeste,IBGE_API
3527702,Luiziânia,SP,São Paulo,35,35018,Birigui,3503,Araçatuba,3,SE,Sudeste,IBGE_API
3527801,Lupércio,SP,São Paulo,35,35038,Marília,3509,Marília,3,SE,Sudeste,IBGE_API
3527900,Lutécia,SP,São Paulo,35,35039,Assis,3510,Assis,3,SE,Sudeste,IBGE_API
3528007,Macatuba,SP,São Paulo,35,35021,Jaú,3504,Bauru,3,SE,Sudeste,IBGE_API
3528106,Macaubal,SP,São Paulo,35,35007,Nhandeara,3501,São José do Rio Preto,3,SE,Sudeste,IBGE_API
3528205,Macedônia,SP,São Paulo,35,35002,Fernandópolis,3501,São José do Rio Preto,3,SE,Sudeste,IBGE_API
3528304,Magda,SP,São Paulo,35,35006,Auriflama,3501,São José do Rio Preto,3,SE,Sudeste,IBGE_API
3528403,Mairinque,SP,São Paulo,35,35046,Sorocaba,3512,Macro Metropolitana Paulista,3,SE,Sudeste,IBGE_API
3528502,Mairiporã,SP,São Paulo,35,35058,Franco da Rocha,3515,Metropolitana de São Paulo,3,SE,Sudeste,IBGE_API
3528601,Manduri,SP,São Paulo,35,35040,Ourinhos,3510,Assis,3,SE,Sudeste,IBGE_API
3528700,Marabá Paulista,SP,São Paulo,35,35036,Presidente Prudente,3508,Presidente Prudente,3,SE,Sudeste,IBGE_API
3528809,Maracaí,SP,São Paulo,35,35039,Assis,3510,Assis,3,SE,Sudeste,IBGE_API
3528858,Marapoama,SP,São Paulo,35,35008,Novo Horizonte,3501,São José do Rio Preto,3,SE,Sudeste,IBGE_API
3528908,Mariápolis,SP,São Paulo,35,35035,Adamantina,3508,Presidente Prudente,3,SE,Sudeste,IBGE_API
3529005,Marília,SP,São Paulo,35,35038,Marília,3509,Marília,3,SE,Sudeste,IBGE_API
3529104,Marinópolis,SP,São Paulo,35,35001,Jales,3501,São José do Rio Preto,3,SE,Sudeste,IBGE_API
3529203,Martinópolis,SP,São Paulo,35,35036,Presidente Prudente,3508,Presidente Prudente,3,SE,Sudeste,IBGE_API
3529302,Matão,SP,São Paulo,35,35024,Araraquara,3505,Araraquara,3,SE,Sudeste,IBGE_API
3529401,Mauá,SP,São Paulo,35,35061,São Paulo,3515,Metropolitana de São Paulo,3,SE,Sudeste,IBGE_API
3529500,Mendonça,SP,São Paulo,35,35004,São José do Rio Preto,3501,São José do Rio Preto,3,SE,Sudeste,IBGE_API
3529609,Meridiano,SP,São Paulo,35,35002,Fernandópolis,3501,São José do Rio Preto,3,SE,Sudeste,IBGE_API
3529658,Mesópolis,SP,São Paulo,35,35001,Jales,3501,São José do Rio Preto,3,SE,Sudeste,IBGE_API
3529708,Miguelópolis,SP,São Paulo,35,35010,São Joaquim da Barra,3502,Ribeirão Preto,3,SE,Sudeste,IBGE_API
3529807,Mineiros do Tietê,SP,São Paulo,35,35021,Jaú,3504,Bauru,3,SE,Sudeste,IBGE_API
3529906,Miracatu,SP,São Paulo,35,35055,Registro,3514,Litoral Sul Paulista,3,SE,Sudeste,IBGE_API
3530003,Mira Estrela,SP,São Paulo,35,35002,Fernandópolis,3501,São José do Rio Preto,3,SE,Sudeste,IBGE_API
3530102,Mirandópolis,SP,São Paulo,35,35016,Andradina,3503,Araçatuba,3,SE,Sudeste,IBGE_API
3530201,Mirante do Paranapanema,SP,São Paulo,35,35036,Presidente Prudente,3508,Presidente Prudente,3,SE,Sudeste,IBGE_API
3530300,Mirassol,SP,São Paulo,35,35004,São José do Rio Preto,3501,São José do Rio Preto,3,SE,Sudeste,IBGE_API
3530409,Mirassolândia,SP,São Paulo,35,35004,São José do Rio Preto,3501,São José do Rio Preto,3,SE,Sudeste,IBGE_API
3530508,Mococa,SP,São Paulo,35,35030,São João da Boa Vista,3507,Campinas,3,SE,Sudeste,IBGE_API
3530607,Mogi das Cruzes,SP,São Paulo,35,35062,Mogi das Cruzes,3515,Metropolitana de São Paulo,3,SE,Sudeste,IBGE_API
3530706,Mogi Guaçu,SP,São Paulo,35,35031,Mogi Mirim,3507,Campinas,3,SE,Sudeste,IBGE_API
3530805,Mogi Mirim,SP,São Paulo,35,35031,Mogi Mirim,3507,Campinas,3,SE,Sudeste,IBGE_API
3530904,Mombuca,SP,São Paulo,35,35028,Piracicaba,3506,Piracicaba,3,SE,Sudeste,IBGE_API
3531001,Monções,SP,São Paulo,35,35007,Nhandeara,3501,São José do Rio Preto,3,SE,Sudeste,IBGE_API
3531100,Mongaguá,SP,São Paulo,35,35056,Itanhaém,3514,Litoral Sul Paulista,3,SE,Sudeste,IBGE_API
3531209,Monte Alegre do Sul,SP,São Paulo,35,35033,Amparo,3507,Campinas,3,SE,Sudeste,IBGE_API
3531308,Monte Alto,SP,São Paulo,35,35013,Jaboticabal,3502,Ribeirão Preto,3,SE,Sudeste,IBGE_API
3531407,Monte Aprazível,SP,São Paulo,35,35007,Nhandeara,3501,São José do Rio Preto,3,SE,Sudeste,IBGE_API
3531506,Monte Azul Paulista,SP,São Paulo,35,35013,Jaboticabal,3502,Ribeirão Preto,3,SE,Sudeste,IBGE_API
3531605,Monte Castelo,SP,São Paulo,35,35034,Dracena,3508,Presidente Prudente,3,SE,Sudeste,IBGE_API
3531704,Monteiro Lobato,SP,São Paulo,35,35049,Campos do Jordão,3513,Vale do Paraíba Paulista,3,SE,Sudeste,IBGE_API
3531803,Monte Mor,SP,São Paulo,35,35032,Campinas,3507,Campinas,3,SE,Sudeste,IBGE_API
3531902,Morro Agudo,SP,São Paulo,35,35010,São Joaquim da Barra,3502,Ribeirão Preto,3,SE,Sudeste,IBGE_API
3532009,Morungaba,SP,São Paulo,35,35048,Bragança Paulista,3512,Macro Metropolitana Paulista,3,SE,Sudeste,IBGE_API
3532058,Motuca,SP,São Paulo,35,35024,Araraquara,3505,Araraquara,3,SE,Sudeste,IBGE_API
3532108,Murutinga do Sul,SP,São Paulo,35,35016,Andradina,3503,Araçatuba,3,SE,Sudeste,IBGE_API
3532157,Nantes,SP,São Paulo,35,35039,Assis,3510,Assis,3,SE,Sudeste,IBGE_API
3532207,Narandiba,SP,São Paulo,35,35036,Presidente Prudente,3508,Presidente Prudente,3,SE,Sudeste,IBGE_API
3532306,Natividade da Serra,SP,São Paulo,35,35053,Paraibuna/Paraitinga,3513,Vale do Paraíba Paulista,3,SE,Sudeste,IBGE_API
3532405,Nazaré Paulista,SP,São Paulo,35,35048,Bragança Paulista,3512,Macro Metropolitana Paulista,3,SE,Sudeste,IBGE_API
3532504,Neves Paulista,SP,São Paulo,35,35007,Nhandeara,3501,São José do Rio Preto,3,SE,Sudeste,IBGE_API
3532603,Nhandeara,SP,São Paulo,35,35007,Nhandeara,3501,São José do Rio Preto,3,SE,Sudeste,IBGE_API
3532702,Nipoã,SP,São Paulo,35,35007,Nhandeara,3501,São José do Rio Preto,3,SE,Sudeste,IBGE_API
3532801,Nova Aliança,SP,São Paulo,35,35004,São José do Rio Preto,3501,São José do Rio Preto,3,SE,Sudeste,IBGE_API
3532827,Nova Campina,SP,São Paulo,35,35041,Itapeva,3511,Itapetininga,3,SE,Sudeste,IBGE_API
3532843,Nova Canaã Paulista,SP,São Paulo,35,35001,Jales,3501,São José do Rio Preto,3,SE,Sudeste,IBGE_API
3532868,Nova Castilho,SP,São Paulo,35,35006,Auriflama,3501,São José do Rio Preto,3,SE,Sudeste,IBGE_API
3532900,Nova Europa,SP,São Paulo,35,35024,Araraquara,3505,Araraquara,3,SE,Sudeste,IBGE_API
3533007,Nova Granada,SP,São Paulo,35,35004,São José do Rio Preto,3501,São José do Rio Preto,3,SE,Sudeste,IBGE_API
3533106,Nova Guataporanga,SP,São Paulo,35,35034,Dracena,3508,Presidente Prudente,3,SE,Sudeste,IBGE_API
3533205,Nova Independência,SP,São Paulo,35,35016,Andradina,3503,Araçatuba,3,SE,Sudeste,IBGE_API
3533254,Novais,SP,São Paulo,35,35005,Catanduva,3501,São José do Rio Preto,3,SE,Sudeste,IBGE_API
3533304,Nova Luzitânia,SP,São Paulo,35,35006,Auriflama,3501,São José do Rio Preto,3,SE,Sudeste,IBGE_API
3533403,Nova Odessa,SP,São Paulo,35,35032,Campinas,3507,Campinas,3,SE,Sudeste,IBGE_API
3533502,Novo Horizonte,SP,São Paulo,35,35008,Novo Horizonte,3501,São José do Rio Preto,3,SE,Sudeste,IBGE_API
3533601,Nuporanga,SP,São Paulo,35,35010,São Joaquim da Barra,3502,Ribeirão Preto,3,SE,Sudeste,IBGE_API
3533700,Ocauçu,SP,São Paulo,35,35038,Marília,3509,Marília,3,SE,Sudeste,IBGE_API
3533809,Óleo,SP,São Paulo,35,35040,Ourinhos,3510,Assis,3,SE,Sudeste,IBGE_API
3533908,Olímpia,SP,São Paulo,35,35004,São José do Rio Preto,3501,São José do Rio Preto,3,SE,Sudeste,IBGE_API
3534005,Onda Verde,SP,São Paulo,35,35004,São José do Rio Preto,3501,São José do Rio Preto,3,SE,Sudeste,IBGE_API
3534104,Oriente,SP,São Paulo,35,35038,Marília,3509,Marília,3,SE,Sudeste,IBGE_API
3534203,Orindiúva,SP,São Paulo,35,35004,São José do Rio Preto,3501,São José do Rio Preto,3,SE,Sudeste,IBGE_API
3534302,Orlândia,SP,São Paulo,35,35010,São Joaquim da Barra,3502,Ribeirão Preto,3,SE,Sudeste,IBGE_API
3534401,Osasco,SP,São Paulo,35,35057,Osasco,3515,Metropolitana de São Paulo,3,SE,Sudeste,IBGE_API
3534500,Oscar Bressane,SP,São Paulo,35,35038,Marília,3509,Marília,3,SE,Sudeste,IBGE_API
3534609,Osvaldo Cruz,SP,São Paulo,35,35035,Adamantina,3508,Presidente Prudente,3,SE,Sudeste,IBGE_API
3534708,Ourinhos,SP,São Paulo,35,35040,Ourinhos,3510,Assis,3,SE,Sudeste,IBGE_API
3534757,Ouroeste,SP,São Paulo,35,35002,Fernandópolis,3501,São José do Rio Preto,3,SE,Sudeste,IBGE_API
3534807,Ouro Verde,SP,São Paulo,35,35034,Dracena,3508,Presidente Prudente,3,SE,Sudeste,IBGE_API
3534906,Pacaembu,SP,São Paulo,35,35035,Adamantina,3508,Presidente Prudente,3,SE,Sudeste,IBGE_API
3535002,Palestina,SP,São Paulo,35,35004,São José do Rio Preto,3501,São José do Rio Preto,3,SE,Sudeste,IBGE_API
3535101,Palmares Paulista,SP,São Paulo,35,35005,Catanduva,3501,São José do Rio Preto,3,SE,Sudeste,IBGE_API
3535200,Palmeira d'Oeste,SP,São Paulo,35,35001,Jales,3501,São José do Rio Preto,3,SE,Sudeste,IBGE_API
3535309,Palmital,SP,São Paulo,35,35039,Assis,3510,Assis,3,SE,Sudeste,IBGE_API
3535408,Panorama,SP,São Paulo,35,35034,Dracena,3508,Presidente Prudente,3,SE,Sudeste,IBGE_API
3535507,Paraguaçu Paulista,SP,São Paulo,35,35039,Assis,3510,Assis,3,SE,Sudeste,IBGE_API
3535606,Paraibuna,SP,São Paulo,35,35053,Paraibuna/Paraitinga,3513,Vale do Paraíba Paulista,3,SE,Sudeste,IBGE_API
3535705,Paraíso,SP,São Paulo,35,35005,Catanduva,3501,São José do Rio Preto,3,SE,Sudeste,IBGE_API
3535804,Paranapanema,SP,São Paulo,35,35022,Avaré,3504,Bauru,3,SE,Sudeste,IBGE_API
3535903,Paranapuã,SP,São Paulo,35,35001,Jales,3501,São José do Rio Preto,3,SE,Sudeste,IBGE_API
3536000,Parapuã,SP,São Paulo,35,35035,Adamantina,3508,Presidente Prudente,3,SE,Sudeste,IBGE_API
3536109,Pardinho,SP,São Paulo,35,35023,Botucatu,3504,Bauru,3,SE,Sudeste,IBGE_API
3536208,Pariquera-Açu,SP,São Paulo,35,35055,Registro,3514,Litoral Sul Paulista,3,SE,Sudeste,IBGE_API
3536257,Parisi,SP,São Paulo,35,35003,Votuporanga,3501,São José do Rio Preto,3,SE,Sudeste,IBGE_API
3536307,Patrocínio Paulista,SP,São Paulo,35,35012,Franca,3502,Ribeirão Preto,3,SE,Sudeste,IBGE_API
3536406,Paulicéia,SP,São Paulo,35,35034,Dracena,3508,Presidente Prudente,3,SE,Sudeste,IBGE_API
3536505,Paulínia,SP,São Paulo,35,35032,Campinas,3507,Campinas,3,SE,Sudeste,IBGE_API
3536570,Paulistânia,SP,São Paulo,35,35020,Bauru,3504,Bauru,3,SE,Sudeste,IBGE_API
3536604,Paulo de Faria,SP,São Paulo,35,35004,São José do Rio Preto,3501,São José do Rio Preto,3,SE,Sudeste,IBGE_API
3536703,Pederneiras,SP,São Paulo,35,35021,Jaú,3504,Bauru,3,SE,Sudeste,IBGE_API
3536802,Pedra Bela,SP,São Paulo,35,35033,Amparo,3507,Campinas,3,SE,Sudeste,IBGE_API
3536901,Pedranópolis,SP,São Paulo,35,35002,Fernandópolis,3501,São José do Rio Preto,3,SE,Sudeste,IBGE_API
3537008,Pedregulho,SP,São Paulo,35,35012,Franca,3502,Ribeirão Preto,3,SE,Sudeste,IBGE_API
3537107,Pedreira,SP,São Paulo,35,35032,Campinas,3507,Campinas,3,SE,Sudeste,IBGE_API
3537156,Pedrinhas Paulista,SP,São Paulo,35,35039,Assis,3510,Assis,3,SE,Sudeste,IBGE_API
3537206,Pedro de Toledo,SP,São Paulo,35,35056,Itanhaém,3514,Litoral Sul Paulista,3,SE,Sudeste,IBGE_API
3537305,Penápolis,SP,São Paulo,35,35018,Birigui,3503,Araçatuba,3,SE,Sudeste,IBGE_API
3537404,Pereira Barreto,SP,São Paulo,35,35016,Andradina,3503,Araçatuba,3,SE,Sudeste,IBGE_API
3537503,Pereiras,SP,São Paulo,35,35043,Tatuí,3511,Itapetininga,3,SE,Sudeste,IBGE_API
3537602,Peruíbe,SP,São Paulo,35,35056,Itanhaém,3514,Litoral Sul Paulista,3,SE,Sudeste,IBGE_API
3537701,Piacatu,SP,São Paulo,35,35018,Birigui,3503,Araçatuba,3,SE,Sudeste,IBGE_API
3537800,Piedade,SP,São Paulo,35,35045,Piedade,3512,Macro Metropolitana Paulista,3,SE,Sudeste,IBGE_API
3537909,Pilar do Sul,SP,São Paulo,35,35045,Piedade,3512,Macro Metropolitana Paulista,3,SE,Sudeste,IBGE_API
3538006,Pindamonhangaba,SP,São Paulo,35,35050,São José dos Campos,3513,Vale do Paraíba Paulista,3,SE,Sudeste,IBGE_API
3538105,Pindorama,SP,São Paulo,35,35005,Catanduva,3501,São José do Rio Preto,3,SE,Sudeste,IBGE_API
3538204,Pinhalzinho,SP,São Paulo,35,35033,Amparo,3507,Campinas,3,SE,Sudeste,IBGE_API
3538303,Piquerobi,SP,São Paulo,35,35036,Presidente Prudente,3508,Presidente Prudente,3,SE,Sudeste,IBGE_API
3538501,Piquete,SP,São Paulo,35,35051,Guaratinguetá,3513,Vale do Paraíba Paulista,3,SE,Sudeste,IBGE_API
3538600,Piracaia,SP,São Paulo,35,35048,Bragança Paulista,3512,Macro Metropolitana Paulista,3,SE,Sudeste,IBGE_API
3538709,Piracicaba,SP,São Paulo,35,35028,Piracicaba,3506,Piracicaba,3,SE,Sudeste,IBGE_API
3538808,Piraju,SP,São Paulo,35,35040,Ourinhos,3510,Assis,3,SE,Sudeste,IBGE_API
3538907,Pirajuí,SP,São Paulo,35,35020,Bauru,3504,Bauru,3,SE,Sudeste,IBGE_API
3539004,Pirangi,SP,São Paulo,35,35013,Jaboticabal,3502,Ribeirão Preto,3,SE,Sudeste,IBGE_API
3539103,Pirapora do Bom Jesus,SP,São Paulo,35,35057,Osasco,3515,Metropolitana de São Paulo,3,SE,Sudeste,IBGE_API
3539202,Pirapozinho,SP,São Paulo,35,35036,Presidente Prudente,3508,Presidente Prudente,3,SE,Sudeste,IBGE_API
3539301,Pirassununga,SP,São Paulo,35,35029,Pirassununga,3507,Campinas,3,SE,Sudeste,IBGE_API
3539400,Piratininga,SP,São Paulo,35,35020,Bauru,3504,Bauru,3,SE,Sudeste,IBGE_API
3539509,Pitangueiras,SP,São Paulo,35,35013,Jaboticabal,3502,Ribeirão Preto,3,SE,Sudeste,IBGE_API
3539608,Planalto,SP,São Paulo,35,35004,São José do Rio Preto,3501,São José do Rio Preto,3,SE,Sudeste,IBGE_API
3539707,Platina,SP,São Paulo,35,35039,Assis,3510,Assis,3,SE,Sudeste,IBGE_API
3539806,Poá,SP,São Paulo,35,35062,Mogi das Cruzes,3515,Metropolitana de São Paulo,3,SE,Sudeste,IBGE_API
3539905,Poloni,SP,São Paulo,35,35007,Nhandeara,3501,São José do Rio Preto,3,SE,Sudeste,IBGE_API
3540002,Pompéia,SP,São Paulo,35,35038,Marília,3509,Marília,3,SE,Sudeste,IBGE_API
3540101,Pongaí,SP,São Paulo,35,35020,Bauru,3504,Bauru,3,SE,Sudeste,IBGE_API
3540200,Pontal,SP,São Paulo,35,35014,Ribeirão Preto,3502,Ribeirão Preto,3,SE,Sudeste,IBGE_API
3540259,Pontalinda,SP,São Paulo,35,35001,Jales,3501,São José do Rio Preto,3,SE,Sudeste,IBGE_API
3540309,Pontes Gestal,SP,São Paulo,35,35003,Votuporanga,3501,São José do Rio Preto,3,SE,Sudeste,IBGE_API
3540408,Populina,SP,São Paulo,35,35001,Jales,3501,São José do Rio Preto,3,SE,Sudeste,IBGE_API
3540507,Porangaba,SP,São Paulo,35,35043,Tatuí,3511,Itapetininga,3,SE,Sudeste,IBGE_API
3540606,Porto Feliz,SP,São Paulo,35,35046,Sorocaba,3512,Macro Metropolitana Paulista,3,SE,Sudeste,IBGE_API
3540705,Porto Ferreira,SP,São Paulo,35,35029,Pirassununga,3507,Campinas,3,SE,Sudeste,IBGE_API
3540754,Potim,SP,São Paulo,35,35051,Guaratinguetá,3513,Vale do Paraíba Paulista,3,SE,Sudeste,IBGE_API
3540804,Potirendaba,SP,São Paulo,35,35004,São José do Rio Preto,3501,São José do Rio Preto,3,SE,Sudeste,IBGE_API
3540853,Pracinha,SP,São Paulo,35,35035,Adamantina,3508,Presidente Prudente,3,SE,Sudeste,IBGE_API
3540903,Pradópolis,SP,São Paulo,35,35014,Ribeirão Preto,3502,Ribeirão Preto,3,SE,Sudeste,IBGE_API
3541000,Praia Grande,SP,São Paulo,35,35063,Santos,3515,Metropolitana de São Paulo,3,SE,Sudeste,IBGE_API
3541059,Pratânia,SP,São Paulo,35,35023,Botucatu,3504,Bauru,3,SE,Sudeste,IBGE_API
3541109,Presidente Alves,SP,São Paulo,35,35020,Bauru,3504,Bauru,3,SE,Sudeste,IBGE_API
3541208,Presidente Bernardes,SP,São Paulo,35,35036,Presidente Prudente,3508,Presidente Prudente,3,SE,Sudeste,IBGE_API
3541307,Presidente Epitácio,SP,São Paulo,35,35036,Presidente Prudente,3508,Presidente Prudente,3,SE,Sudeste,IBGE_API
3541406,Presidente Prudente,SP,São Paulo,35,35036,Presidente Prudente,3508,Presidente Prudente,3,SE,Sudeste,IBGE_API
3541505,Presidente Venceslau,SP,São Paulo,35,35036,Presidente Prudente,3508,Presidente Prudente,3,SE,Sudeste,IBGE_API
3541604,Promissão,SP,São Paulo,35,35019,Lins,3504,Bauru,3,SE,Sudeste,IBGE_API
3541653,Quadra,SP,São Paulo,35,35043,Tatuí,3511,Itapetininga,3,SE,Sudeste,IBGE_API
3541703,Quatá,SP,São Paulo,35,35039,Assis,3510,Assis,3,SE,Sudeste,IBGE_API
3541802,Queiroz,SP,São Paulo,35,35037,Tupã,3509,Marília,3,SE,Sudeste,IBGE_API
3541901,Queluz,SP,São Paulo,35,35051,Guaratinguetá,3513,Vale do Paraíba Paulista,3,SE,Sudeste,IBGE_API
3542008,Quintana,SP,São Paulo,35,35037,Tupã,3509,Marília,3,SE,Sudeste,IBGE_API
3542107,Rafard,SP,São Paulo,35,35028,Piracicaba,3506,Piracicaba,3,SE,Sudeste,IBGE_API
3542206,Rancharia,SP,São Paulo,35,35036,Presidente Prudente,3508,Presidente Prudente,3,SE,Sudeste,IBGE_API
3542305,Redenção da Serra,SP,São Paulo,35,35053,Paraibuna/Paraitinga,3513,Vale do Paraíba Paulista,3,SE,Sudeste,IBGE_API
3542404,Regente Feijó,SP,São Paulo,35,35036,Presidente Prudente,3508,Presidente Prudente,3,SE,Sudeste,IBGE_API
3542503,Reginópolis,SP,São Paulo,35,35020,Bauru,3504,Bauru,3,SE,Sudeste,IBGE_API
3542602,Registro,SP,São Paulo,35,35055,Registro,3514,Litoral Sul Paulista,3,SE,Sudeste,IBGE_API
3542701,Restinga,SP,São Paulo,35,35012,Franca,3502,Ribeirão Preto,3,SE,Sudeste,IBGE_API
3542800,Ribeira,SP,São Paulo,35,35044,Capão Bonito,3511,Itapetininga,3,SE,Sudeste,IBGE_API
3542909,Ribeirão Bonito,SP,São Paulo,35,35025,São Carlos,3505,Araraquara,3,SE,Sudeste,IBGE_API
3543006,Ribeirão Branco,SP,São Paulo,35,35044,Capão Bonito,3511,Itapetininga,3,SE,Sudeste,IBGE_API
3543105,Ribeirão Corrente,SP,São Paulo,35,35012,Franca,3502,Ribeirão Preto,3,SE,Sudeste,IBGE_API
3543204,Ribeirão do Sul,SP,São Paulo,35,35040,Ourinhos,3510,Assis,3,SE,Sudeste,IBGE_API
3543238,Ribeirão dos Índios,SP,São Paulo,35,35036,Presidente Prudente,3508,Presidente Prudente,3,SE,Sudeste,IBGE_API
3543253,Ribeirão Grande,SP,São Paulo,35,35044,Capão Bonito,3511,Itapetininga,3,SE,Sudeste,IBGE_API
3543303,Ribeirão Pires,SP,São Paulo,35,35061,São Paulo,3515,Metropolitana de São Paulo,3,SE,Sudeste,IBGE_API
3543402,Ribeirão Preto,SP,São Paulo,35,35014,Ribeirão Preto,3502,Ribeirão Preto,3,SE,Sudeste,IBGE_API
3543501,Riversul,SP,São Paulo,35,35041,Itapeva,3511,Itapetininga,3,SE,Sudeste,IBGE_API
3543600,Rifaina,SP,São Paulo,35,35012,Franca,3502,Ribeirão Preto,3,SE,Sudeste,IBGE_API
3543709,Rincão,SP,São Paulo,35,35024,Araraquara,3505,Araraquara,3,SE,Sudeste,IBGE_API
3543808,Rinópolis,SP,São Paulo,35,35035,Adamantina,3508,Presidente Prudente,3,SE,Sudeste,IBGE_API
3543907,Rio Claro,SP,São Paulo,35,35026,Rio Claro,3506,Piracicaba,3,SE,Sudeste,IBGE_API
3544004,Rio das Pedras,SP,São Paulo,35,35028,Piracicaba,3506,Piracicaba,3,SE,Sudeste,IBGE_API
3544103,Rio Grande da Serra,SP,São Paulo,35,35061,São Paulo,3515,Metropolitana de São Paulo,3,SE,Sudeste,IBGE_API
3544202,Riolândia,SP,São Paulo,35,35003,Votuporanga,3501,São José do Rio Preto,3,SE,Sudeste,IBGE_API
3544251,Rosana,SP,São Paulo,35,35036,Presidente Prudente,3508,Presidente Prudente,3,SE,Sudeste,IBGE_API
3544301,Roseira,SP,São Paulo,35,35051,Guaratinguetá,3513,Vale do Paraíba Paulista,3,SE,Sudeste,IBGE_API
3544400,Rubiácea,SP,São Paulo,35,35017,Araçatuba,3503,Araçatuba,3,SE,Sudeste,IBGE_API
3544509,Rubinéia,SP,São Paulo,35,35001,Jales,3501,São José do Rio Preto,3,SE,Sudeste,IBGE_API
3544608,Sabino,SP,São Paulo,35,35019,Lins,3504,Bauru,3,SE,Sudeste,IBGE_API
3544707,Sagres,SP,São Paulo,35,35035,Adamantina,3508,Presidente Prudente,3,SE,Sudeste,IBGE_API
3544806,Sales,SP,São Paulo,35,35008,Novo Horizonte,3501,São José do Rio Preto,3,SE,Sudeste,IBGE_API
3544905,Sales Oliveira,SP,São Paulo,35,35010,São Joaquim da Barra,3502,Ribeirão Preto,3,SE,Sudeste,IBGE_API
3545001,Salesópolis,SP,São Paulo,35,35062,Mogi das Cruzes,3515,Metropolitana de São Paulo,3,SE,Sudeste,IBGE_API
3545100,Salmourão,SP,São Paulo,35,35035,Adamantina,3508,Presidente Prudente,3,SE,Sudeste,IBGE_API
3545159,Saltinho,SP,São Paulo,35,35028,Piracicaba,3506,Piracicaba,3,SE,Sudeste,IBGE_API
3545209,Salto,SP,São Paulo,35,35046,Sorocaba,3512,Macro Metropolitana Paulista,3,SE,Sudeste,IBGE_API
3545308,Salto de Pirapora,SP,São Paulo,35,35046,Sorocaba,3512,Macro Metropolitana Paulista,3,SE,Sudeste,IBGE_API
3545407,Salto Grande,SP,São Paulo,35,35040,Ourinhos,3510,Assis,3,SE,Sudeste,IBGE_API
3545506,Sandovalina,SP,São Paulo,35,35036,Presidente Prudente,3508,Presidente Prudente,3,SE,Sudeste,IBGE_API
3545605,Santa Adélia,SP,São Paulo,35,35005,Catanduva,3501,São José do Rio Preto,3,SE,Sudeste,IBGE_API
3545704,Santa Albertina,SP,São Paulo,35,35001,Jales,3501,São José do Rio Preto,3,SE,Sudeste,IBGE_API
3545803,Santa Bárbara d'Oeste,SP,São Paulo,35,35032,Campinas,3507,Campinas,3,SE,Sudeste,IBGE_API
3546009,Santa Branca,SP,São Paulo,35,35050,São José dos Campos,3513,Vale do Paraíba Paulista,3,SE,Sudeste,IBGE_API
3546108,Santa Clara d'Oeste,SP,São Paulo,35,35001,Jales,3501,São José do Rio Preto,3,SE,Sudeste,IBGE_API
3546207,Santa Cruz da Conceição,SP,São Paulo,35,35027,Limeira,3506,Piracicaba,3,SE,Sudeste,IBGE_API
3546256,Santa Cruz da Esperança,SP,São Paulo,35,35015,Batatais,3502,Ribeirão Preto,3,SE,Sudeste,IBGE_API
3546306,Santa Cruz das Palmeiras,SP,São Paulo,35,35029,Pirassununga,3507,Campinas,3,SE,Sudeste,IBGE_API
3546405,Santa Cruz do Rio Pardo,SP,São Paulo,35,35040,Ourinhos,3510,Assis,3,SE,Sudeste,IBGE_API
3546504,Santa Ernestina,SP,São Paulo,35,35013,Jaboticabal,3502,Ribeirão Preto,3,SE,Sudeste,IBGE_API
3546603,Santa Fé do Sul,SP,São Paulo,35,35001,Jales,3501,São José do Rio Preto,3,SE,Sudeste,IBGE_API
3546702,Santa Gertrudes,SP,São Paulo,35,35027,Limeira,3506,Piracicaba,3,SE,Sudeste,IBGE_API
3546801,Santa Isabel,SP,São Paulo,35,35059,Guarulhos,3515,Metropolitana de São Paulo,3,SE,Sudeste,IBGE_API
3546900,Santa Lúcia,SP,São Paulo,35,35024,Araraquara,3505,Araraquara,3,SE,Sudeste,IBGE_API
3547007,Santa Maria da Serra,SP,São Paulo,35,35028,Piracicaba,3506,Piracicaba,3,SE,Sudeste,IBGE_API
3547106,Santa Mercedes,SP,São Paulo,35,35034,Dracena,3508,Presidente Prudente,3,SE,Sudeste,IBGE_API
3547205,Santana da Ponte Pensa,SP,São Paulo,35,35001,Jales,3501,São José do Rio Preto,3,SE,Sudeste,IBGE_API
3547304,Santana de Parnaíba,SP,São Paulo,35,35057,Osasco,3515,Metropolitana de São Paulo,3,SE,Sudeste,IBGE_API
3547403,Santa Rita d'Oeste,SP,São Paulo,35,35001,Jales,3501,São José do Rio Preto,3,SE,Sudeste,IBGE_API
3547502,Santa Rita do Passa Quatro,SP,São Paulo,35,35014,Ribeirão Preto,3502,Ribeirão Preto,3,SE,Sudeste,IBGE_API
3547601,Santa Rosa de Viterbo,SP,São Paulo,35,35014,Ribeirão Preto,3502,Ribeirão Preto,3,SE,Sudeste,IBGE_API
3547650,Santa Salete,SP,São Paulo,35,35001,Jales,3501,São José do Rio Preto,3,SE,Sudeste,IBGE_API
3547700,Santo Anastácio,SP,São Paulo,35,35036,Presidente Prudente,3508,Presidente Prudente,3,SE,Sudeste,IBGE_API
3547809,Santo André,SP,São Paulo,35,35061,São Paulo,3515,Metropolitana de São Paulo,3,SE,Sudeste,IBGE_API
3547908,Santo Antônio da Alegria,SP,São Paulo,35,35015,Batatais,3502,Ribeirão Preto,3,SE,Sudeste,IBGE_API
3548005,Santo Antônio de Posse,SP,São Paulo,35,35031,Mogi Mirim,3507,Campinas,3,SE,Sudeste,IBGE_API
3548054,Santo Antônio do Aracanguá,SP,São Paulo,35,35017,Araçatuba,3503,Araçatuba,3,SE,Sudeste,IBGE_API
3548104,Santo Antônio do Jardim,SP,São Paulo,35,35030,São João da Boa Vista,3507,Campinas,3,SE,Sudeste,IBGE_API
3548203,Santo Antônio do Pinhal,SP,São Paulo,35,35049,Campos do Jordão,3513,Vale do Paraíba Paulista,3,SE,Sudeste,IBGE_API
3548302,Santo Expedito,SP,São Paulo,35,35036,Presidente Prudente,3508,Presidente Prudente,3,SE,Sudeste,IBGE_API
3548401,Santópolis do Aguapeí,SP,São Paulo,35,35018,Birigui,3503,Araçatuba,3,SE,Sudeste,IBGE_API
3548500,Santos,SP,São Paulo,35,35063,Santos,3515,Metropolitana de São Paulo,3,SE,Sudeste,IBGE_API
3548609,São Bento do Sapucaí,SP,São Paulo,35,35049,Campos do Jordão,3513,Vale do Paraíba Paulista,3,SE,Sudeste,IBGE_API
3548708,São Bernardo do Campo,SP,São Paulo,35,35061,São Paulo,3515,Metropolitana de São Paulo,3,SE,Sudeste,IBGE_API
3548807,São Caetano do Sul,SP,São Paulo,35,35061,São Paulo,3515,Metropolitana de São Paulo,3,SE,Sudeste,IBGE_API
3548906,São Carlos,SP,São Paulo,35,35025,São Carlos,3505,Araraquara,3,SE,Sudeste,IBGE_API
3549003,São Francisco,SP,São Paulo,35,35001,Jales,3501,São José do Rio Preto,3,SE,Sudeste,IBGE_API
3549102,São João da Boa Vista,SP,São Paulo,35,35030,São João da Boa Vista,3507,Campinas,3,SE,Sudeste,IBGE_API
3549201,São João das Duas Pontes,SP,São Paulo,35,35002,Fernandópolis,3501,São José do Rio Preto,3,SE,Sudeste,IBGE_API
3549250,São João de Iracema,SP,São Paulo,35,35006,Auriflama,3501,São José do Rio Preto,3,SE,Sudeste,IBGE_API
3549300,São João do Pau d'Alho,SP,São Paulo,35,35034,Dracena,3508,Presidente Prudente,3,SE,Sudeste,IBGE_API
3549409,São Joaquim da Barra,SP,São Paulo,35,35010,São Joaquim da Barra,3502,Ribeirão Preto,3,SE,Sudeste,IBGE_API
3549508,São José da Bela Vista,SP,São Paulo,35,35012,Franca,3502,Ribeirão Preto,3,SE,Sudeste,IBGE_API
3549607,São José do Barreiro,SP,São Paulo,35,35052,Bananal,3513,Vale do Paraíba Paulista,3,SE,Sudeste,IBGE_API
3549706,São José do Rio Pardo,SP,São Paulo,35,35030,São João da Boa Vista,3507,Campinas,3,SE,Sudeste,IBGE_API
3549805,São José do Rio Preto,SP,São Paulo,35,35004,São José do Rio Preto,3501,São José do Rio Preto,3,SE,Sudeste,IBGE_API
3549904,São José dos Campos,SP,São Paulo,35,35050,São José dos Campos,3513,Vale do Paraíba Paulista,3,SE,Sudeste,IBGE_API
3549953,São Lourenço da Serra,SP,São Paulo,35,35060,Itapecerica da Serra,3515,Metropolitana de São Paulo,3,SE,Sudeste,IBGE_API
3550001,São Luiz do Paraitinga,SP,São Paulo,35,35053,Paraibuna/Paraitinga,3513,Vale do Paraíba Paulista,3,SE,Sudeste,IBGE_API
3550100,São Manuel,SP,São Paulo,35,35023,Botucatu,3504,Bauru,3,SE,Sudeste,IBGE_API
3550209,São Miguel Arcanjo,SP,São Paulo,35,35045,Piedade,3512,Macro Metropolitana Paulista,3,SE,Sudeste,IBGE_API
3550308,São Paulo,SP,São Paulo,35,35061,São Paulo,3515,Metropolitana de São Paulo,3,SE,Sudeste,IBGE_API
3550407,São Pedro,SP,São Paulo,35,35028,Piracicaba,3506,Piracicaba,3,SE,Sudeste,IBGE_API
3550506,São Pedro do Turvo,SP,São Paulo,35,35040,Ourinhos,3510,Assis,3,SE,Sudeste,IBGE_API
3550605,São Roque,SP,São Paulo,35,35046,Sorocaba,3512,Macro Metropolitana Paulista,3,SE,Sudeste,IBGE_API
3550704,São Sebastião,SP,São Paulo,35,35054,Caraguatatuba,3513,Vale do Paraíba Paulista,3,SE,Sudeste,IBGE_API
3550803,São Sebastião da Grama,SP,São Paulo,35,35030,São João da Boa Vista,3507,Campinas,3,SE,Sudeste,IBGE_API
3550902,São Simão,SP,São Paulo,35,35014,Ribeirão Preto,3502,Ribeirão Preto,3,SE,Sudeste,IBGE_API
3551009,São Vicente,SP,São Paulo,35,35063,Santos,3515,Metropolitana de São Paulo,3,SE,Sudeste,IBGE_API
3551108,Sarapuí,SP,São Paulo,35,35046,Sorocaba,3512,Macro Metropolitana Paulista,3,SE,Sudeste,IBGE_API
3551207,Sarutaiá,SP,São Paulo,35,35040,Ourinhos,3510,Assis,3,SE,Sudeste,IBGE_API
3551306,Sebastianópolis do Sul,SP,São Paulo,35,35007,Nhandeara,3501,São José do Rio Preto,3,SE,Sudeste,IBGE_API
3551405,Serra Azul,SP,São Paulo,35,35014,Ribeirão Preto,3502,Ribeirão Preto,3,SE,Sudeste,IBGE_API
3551504,Serrana,SP,São Paulo,35,35014,Ribeirão Preto,3502,Ribeirão Preto,3,SE,Sudeste,IBGE_API
3551603,Serra Negra,SP,São Paulo,35,35033,Amparo,3507,Campinas,3,SE,Sudeste,IBGE_API
3551702,Sertãozinho,SP,São Paulo,35,35014,Ribeirão Preto,3502,Ribeirão Preto,3,SE,Sudeste,IBGE_API
3551801,Sete Barras,SP,São Paulo,35,35055,Registro,3514,Litoral Sul Paulista,3,SE,Sudeste,IBGE_API
3551900,Severínia,SP,São Paulo,35,35005,Catanduva,3501,São José do Rio Preto,3,SE,Sudeste,IBGE_API
3552007,Silveiras,SP,São Paulo,35,35052,Bananal,3513,Vale do Paraíba Paulista,3,SE,Sudeste,IBGE_API
3552106,Socorro,SP,São Paulo,35,35033,Amparo,3507,Campinas,3,SE,Sudeste,IBGE_API
3552205,Sorocaba,SP,São Paulo,35,35046,Sorocaba,3512,Macro Metropolitana Paulista,3,SE,Sudeste,IBGE_API
3552304,Sud Mennucci,SP,São Paulo,35,35016,Andradina,3503,Araçatuba,3,SE,Sudeste,IBGE_API
3552403,Sumaré,SP,São Paulo,35,35032,Campinas,3507,Campinas,3,SE,Sudeste,IBGE_API
3552502,Suzano,SP,São Paulo,35,35062,Mogi das Cruzes,3515,Metropolitana de São Paulo,3,SE,Sudeste,IBGE_API
3552551,Suzanápolis,SP,São Paulo,35,35016,Andradina,3503,Araçatuba,3,SE,Sudeste,IBGE_API
3552601,Tabapuã,SP,São Paulo,35,35005,Catanduva,3501,São José do Rio Preto,3,SE,Sudeste,IBGE_API
3552700,Tabatinga,SP,São Paulo,35,35024,Araraquara,3505,Araraquara,3,SE,Sudeste,IBGE_API
3552809,Taboão da Serra,SP,São Paulo,35,35060,Itapecerica da Serra,3515,Metropolitana de São Paulo,3,SE,Sudeste,IBGE_API
3552908,Taciba,SP,São Paulo,35,35036,Presidente Prudente,3508,Presidente Prudente,3,SE,Sudeste,IBGE_API
3553005,Taguaí,SP,São Paulo,35,35040,Ourinhos,3510,Assis,3,SE,Sudeste,IBGE_API
3553104,Taiaçu,SP,São Paulo,35,35013,Jaboticabal,3502,Ribeirão Preto,3,SE,Sudeste,IBGE_API
3553203,Taiúva,SP,São Paulo,35,35013,Jaboticabal,3502,Ribeirão Preto,3,SE,Sudeste,IBGE_API
3553302,Tambaú,SP,São Paulo,35,35030,São João da Boa Vista,3507,Campinas,3,SE,Sudeste,IBGE_API
3553401,Tanabi,SP,São Paulo,35,35004,São José do Rio Preto,3501,São José do Rio Preto,3,SE,Sudeste,IBGE_API
3553500,Tapiraí,SP,São Paulo,35,35045,Piedade,3512,Macro Metropolitana Paulista,3,SE,Sudeste,IBGE_API
3553609,Tapiratiba,SP,São Paulo,35,35030,São João da Boa Vista,3507,Campinas,3,SE,Sudeste,IBGE_API
3553658,Taquaral,SP,São Paulo,35,35013,Jaboticabal,3502,Ribeirão Preto,3,SE,Sudeste,IBGE_API
3553708,Taquaritinga,SP,São Paulo,35,35013,Jaboticabal,3502,Ribeirão Preto,3,SE,Sudeste,IBGE_API
3553807,Taquarituba,SP,São Paulo,35,35041,Itapeva,3511,Itapetininga,3,SE,Sudeste,IBGE_API
3553856,Taquarivaí,SP,São Paulo,35,35041,Itapeva,3511,Itapetininga,3,SE,Sudeste,IBGE_API
3553906,Tarabai,SP,São Paulo,35,35036,Presidente Prudente,3508,Presidente Prudente,3,SE,Sudeste,IBGE_API
3553955,Tarumã,SP,São Paulo,35,35039,Assis,3510,Assis,3,SE,Sudeste,IBGE_API
3554003,Tatuí,SP,São Paulo,35,35043,Tatuí,3511,Itapetininga,3,SE,Sudeste,IBGE_API
3554102,Taubaté,SP,São Paulo,35,35050,São José dos Campos,3513,Vale do Paraíba Paulista,3,SE,Sudeste,IBGE_API
3554201,Tejupá,SP,São Paulo,35,35040,Ourinhos,3510,Assis,3,SE,Sudeste,IBGE_API
3554300,Teodoro Sampaio,SP,São Paulo,35,35036,Presidente Prudente,3508,Presidente Prudente,3,SE,Sudeste,IBGE_API
3554409,Terra Roxa,SP,São Paulo,35,35013,Jaboticabal,3502,Ribeirão Preto,3,SE,Sudeste,IBGE_API
3554508,Tietê,SP,São Paulo,35,35028,Piracicaba,3506,Piracicaba,3,SE,Sudeste,IBGE_API
3554607,Timburi,SP,São Paulo,35,35040,Ourinhos,3510,Assis,3,SE,Sudeste,IBGE_API
3554656,Torre de Pedra,SP,São Paulo,35,35043,Tatuí,3511,Itapetininga,3,SE,Sudeste,IBGE_API
3554706,Torrinha,SP,São Paulo,35,35026,Rio Claro,3506,Piracicaba,3,SE,Sudeste,IBGE_API
3554755,Trabiju,SP,São Paulo,35,35024,Araraquara,3505,Araraquara,3,SE,Sudeste,IBGE_API
3554805,Tremembé,SP,São Paulo,35,35050,São José dos Campos,3513,Vale do Paraíba Paulista,3,SE,Sudeste,IBGE_API
3554904,Três Fronteiras,SP,São Paulo,35,35001,Jales,3501,São José do Rio Preto,3,SE,Sudeste,IBGE_API
3554953,Tuiuti,SP,São Paulo,35,35048,Bragança Paulista,3512,Macro Metropolitana Paulista,3,SE,Sudeste,IBGE_API
3555000,Tupã,SP,São Paulo,35,35037,Tupã,3509,Marília,3,SE,Sudeste,IBGE_API
3555109,Tupi Paulista,SP,São Paulo,35,35034,Dracena,3508,Presidente Prudente,3,SE,Sudeste,IBGE_API
3555208,Turiúba,SP,São Paulo,35,35018,Birigui,3503,Araçatuba,3,SE,Sudeste,IBGE_API
3555307,Turmalina,SP,São Paulo,35,35002,Fernandópolis,3501,São José do Rio Preto,3,SE,Sudeste,IBGE_API
3555356,Ubarana,SP,São Paulo,35,35004,São José do Rio Preto,3501,São José do Rio Preto,3,SE,Sudeste,IBGE_API
3555406,Ubatuba,SP,São Paulo,35,35054,Caraguatatuba,3513,Vale do Paraíba Paulista,3,SE,Sudeste,IBGE_API
3555505,Ubirajara,SP,São Paulo,35,35020,Bauru,3504,Bauru,3,SE,Sudeste,IBGE_API
3555604,Uchoa,SP,São Paulo,35,35004,São José do Rio Preto,3501,São José do Rio Preto,3,SE,Sudeste,IBGE_API
3555703,União Paulista,SP,São Paulo,35,35007,Nhandeara,3501,São José do Rio Preto,3,SE,Sudeste,IBGE_API
3555802,Urânia,SP,São Paulo,35,35001,Jales,3501,São José do Rio Preto,3,SE,Sudeste,IBGE_API
3555901,Uru,SP,São Paulo,35,35020,Bauru,3504,Bauru,3,SE,Sudeste,IBGE_API
3556008,Urupês,SP,São Paulo,35,35008,Novo Horizonte,3501,São José do Rio Preto,3,SE,Sudeste,IBGE_API
3556107,Valentim Gentil,SP,São Paulo,35,35003,Votuporanga,3501,São José do Rio Preto,3,SE,Sudeste,IBGE_API
3556206,Valinhos,SP,São Paulo,35,35032,Campinas,3507,Campinas,3,SE,Sudeste,IBGE_API
3556305,Valparaíso,SP,São Paulo,35,35017,Araçatuba,3503,Araçatuba,3,SE,Sudeste,IBGE_API
3556354,Vargem,SP,São Paulo,35,35048,Bragança Paulista,3512,Macro Metropolitana Paulista,3,SE,Sudeste,IBGE_API
3556404,Vargem Grande do Sul,SP,São Paulo,35,35030,São João da Boa Vista,3507,Campinas,3,SE,Sudeste,IBGE_API
3556453,Vargem Grande Paulista,SP,São Paulo,35,35060,Itapecerica da Serra,3515,Metropolitana de São Paulo,3,SE,Sudeste,IBGE_API
3556503,Várzea Paulista,SP,São Paulo,35,35047,Jundiaí,3512,Macro Metropolitana Paulista,3,SE,Sudeste,IBGE_API
3556602,Vera Cruz,SP,São Paulo,35,35038,Marília,3509,Marília,3,SE,Sudeste,IBGE_API
3556701,Vinhedo,SP,São Paulo,35,35032,Campinas,3507,Campinas,3,SE,Sudeste,IBGE_API
3556800,Viradouro,SP,São Paulo,35,35013,Jaboticabal,3502,Ribeirão Preto,3,SE,Sudeste,IBGE_API
3556909,Vista Alegre do Alto,SP,São Paulo,35,35013,Jaboticabal,3502,Ribeirão Preto,3,SE,Sudeste,IBGE_API
3556958,Vitória Brasil,SP,São Paulo,35,35001,Jales,3501,São José do Rio Preto,3,SE,Sudeste,IBGE_API
3557006,Votorantim,SP,São Paulo,35,35046,Sorocaba,3512,Macro Metropolitana Paulista,3,SE,Sudeste,IBGE_API
3557105,Votuporanga,SP,São Paulo,35,35003,Votuporanga,3501,São José do Rio Preto,3,SE,Sudeste,IBGE_API
3557154,Zacarias,SP,São Paulo,35,35004,São José do Rio Preto,3501,São José do Rio Preto,3,SE,Sudeste,IBGE_API
3557204,Chavantes,SP,São Paulo,35,35040,Ourinhos,3510,Assis,3,SE,Sudeste,IBGE_API
3557303,Estiva Gerbi,SP,São Paulo,35,35031,Mogi Mirim,3507,Campinas,3,SE,Sudeste,IBGE_API
4100103,Abatiá,PR,Paraná,41,41015,Cornélio Procópio,4104,Norte Pioneiro Paranaense,4,S,Sul,IBGE_API
4100202,Adrianópolis,PR,Paraná,41,41035,Cerro Azul,4110,Metropolitana de Curitiba,4,S,Sul,IBGE_API
4100301,Agudos do Sul,PR,Paraná,41,41039,Rio Negro,4110,Metropolitana de Curitiba,4,S,Sul,IBGE_API
4100400,Almirante Tamandaré,PR,Paraná,41,41037,Curitiba,4110,Metropolitana de Curitiba,4,S,Sul,IBGE_API
4100459,Altamira do Paraná,PR,Paraná,41,41004,Goioerê,4102,Centro Ocidental Paranaense,4,S,Sul,IBGE_API
4100509,Altônia,PR,Paraná,41,41002,Umuarama,4101,Noroeste Paranaense,4,S,Sul,IBGE_API
4100608,Alto Paraná,PR,Paraná,41,41001,Paranavaí,4101,Noroeste Paranaense,4,S,Sul,IBGE_API
4100707,Alto Piquiri,PR,Paraná,41,41002,Umuarama,4101,Noroeste Paranaense,4,S,Sul,IBGE_API
4100806,Alvorada do Sul,PR,Paraná,41,41007,Porecatu,4103,Norte Central Paranaense,4,S,Sul,IBGE_API
4100905,Amaporã,PR,Paraná,41,41001,Paranavaí,4101,Noroeste Paranaense,4,S,Sul,IBGE_API
4101002,Ampére,PR,Paraná,41,41025,Capanema,4107,Sudoeste Paranaense,4,S,Sul,IBGE_API
4101051,Anahy,PR,Paraná,41,41023,Cascavel,4106,Oeste Paranaense,4,S,Sul,IBGE_API
4101101,Andirá,PR,Paraná,41,41015,Cornélio Procópio,4104,Norte Pioneiro Paranaense,4,S,Sul,IBGE_API
4101150,Ângulo,PR,Paraná,41,41006,Astorga,4103,Norte Central Paranaense,4,S,Sul,IBGE_API
4101200,Antonina,PR,Paraná,41,41038,Paranaguá,4110,Metropolitana de Curitiba,4,S,Sul,IBGE_API
4101309,Antônio Olinto,PR,Paraná,41,41034,São Mateus do Sul,4109,Sudeste Paranaense,4,S,Sul,IBGE_API
4101408,Apucarana,PR,Paraná,41,41010,Apucarana,4103,Norte Central Paranaense,4,S,Sul,IBGE_API
4101507,Arapongas,PR,Paraná,41,41010,Apucarana,4103,Norte Central Paranaense,4,S,Sul,IBGE_API
4101606,Arapoti,PR,Paraná,41,41020,Jaguariaíva,4105,Centro Oriental Paranaense,4,S,Sul,IBGE_API
4101655,Arapuã,PR,Paraná,41,41013,Ivaiporã,4103,Norte Central Paranaense,4,S,Sul,IBGE_API
4101705,Araruna,PR,Paraná,41,41005,Campo Mourão,4102,Centro Ocidental Paranaense,4,S,Sul,IBGE_API
4101804,Araucária,PR,Paraná,41,41037,Curitiba,4110,Metropolitana de Curitiba,4,S,Sul,IBGE_API
4101853,Ariranha do Ivaí,PR,Paraná,41,41013,Ivaiporã,4103,Norte Central Paranaense,4,S,Sul,IBGE_API
4101903,Assaí,PR,Paraná,41,41014,Assaí,4104,Norte Pioneiro Paranaense,4,S,Sul,IBGE_API
4102000,Assis Chateaubriand,PR,Paraná,41,41022,Toledo,4106,Oeste Paranaense,4,S,Sul,IBGE_API
4102109,Astorga,PR,Paraná,41,41006,Astorga,4103,Norte Central Paranaense,4,S,Sul,IBGE_API
4102208,Atalaia,PR,Paraná,41,41006,Astorga,4103,Norte Central Paranaense,4,S,Sul,IBGE_API
4102307,Balsa Nova,PR,Paraná,41,41037,Curitiba,4110,Metropolitana de Curitiba,4,S,Sul,IBGE_API
4102406,Bandeirantes,PR,Paraná,41,41015,Cornélio Procópio,4104,Norte Pioneiro Paranaense,4,S,Sul,IBGE_API
4102505,Barbosa Ferraz,PR,Paraná,41,41005,Campo Mourão,4102,Centro Ocidental Paranaense,4,S,Sul,IBGE_API
4102604,Barracão,PR,Paraná,41,41026,Francisco Beltrão,4107,Sudoeste Paranaense,4,S,Sul,IBGE_API
4102703,Barra do Jacaré,PR,Paraná,41,41016,Jacarezinho,4104,Norte Pioneiro Paranaense,4,S,Sul,IBGE_API
4102752,Bela Vista da Caroba,PR,Paraná,41,41025,Capanema,4107,Sudoeste Paranaense,4,S,Sul,IBGE_API
4102802,Bela Vista do Paraíso,PR,Paraná,41,41007,Porecatu,4103,Norte Central Paranaense,4,S,Sul,IBGE_API
4102901,Bituruna,PR,Paraná,41,41033,União da Vitória,4109,Sudeste Paranaense,4,S,Sul,IBGE_API
4103008,Boa Esperança,PR,Paraná,41,41004,Goioerê,4102,Centro Ocidental Paranaense,4,S,Sul,IBGE_API
4103024,Boa Esperança do Iguaçu,PR,Paraná,41,41026,Francisco Beltrão,4107,Sudoeste Paranaense,4,S,Sul,IBGE_API
4103040,Boa Ventura de São Roque,PR,Paraná,41,41028,Pitanga,4108,Centro-Sul Paranaense,4,S,Sul,IBGE_API
4103057,Boa Vista da Aparecida,PR,Paraná,41,41023,Cascavel,4106,Oeste Paranaense,4,S,Sul,IBGE_API
4103107,Bocaiúva do Sul,PR,Paraná,41,41037,Curitiba,4110,Metropolitana de Curitiba,4,S,Sul,IBGE_API
4103156,Bom Jesus do Sul,PR,Paraná,41,41026,Francisco Beltrão,4107,Sudoeste Paranaense,4,S,Sul,IBGE_API
4103206,Bom Sucesso,PR,Paraná,41,41012,Faxinal,4103,Norte Central Paranaense,4,S,Sul,IBGE_API
4103222,Bom Sucesso do Sul,PR,Paraná,41,41027,Pato Branco,4107,Sudoeste Paranaense,4,S,Sul,IBGE_API
4103305,Borrazópolis,PR,Paraná,41,41012,Faxinal,4103,Norte Central Paranaense,4,S,Sul,IBGE_API
4103354,Braganey,PR,Paraná,41,41023,Cascavel,4106,Oeste Paranaense,4,S,Sul,IBGE_API
4103370,Brasilândia do Sul,PR,Paraná,41,41002,Umuarama,4101,Noroeste Paranaense,4,S,Sul,IBGE_API
4103404,Cafeara,PR,Paraná,41,41006,Astorga,4103,Norte Central Paranaense,4,S,Sul,IBGE_API
4103453,Cafelândia,PR,Paraná,41,41023,Cascavel,4106,Oeste Paranaense,4,S,Sul,IBGE_API
4103479,Cafezal do Sul,PR,Paraná,41,41002,Umuarama,4101,Noroeste Paranaense,4,S,Sul,IBGE_API
4103503,Califórnia,PR,Paraná,41,41010,Apucarana,4103,Norte Central Paranaense,4,S,Sul,IBGE_API
4103602,Cambará,PR,Paraná,41,41016,Jacarezinho,4104,Norte Pioneiro Paranaense,4,S,Sul,IBGE_API
4103701,Cambé,PR,Paraná,41,41011,Londrina,4103,Norte Central Paranaense,4,S,Sul,IBGE_API
4103800,Cambira,PR,Paraná,41,41010,Apucarana,4103,Norte Central Paranaense,4,S,Sul,IBGE_API
4103909,Campina da Lagoa,PR,Paraná,41,41004,Goioerê,4102,Centro Ocidental Paranaense,4,S,Sul,IBGE_API
4103958,Campina do Simão,PR,Paraná,41,41029,Guarapuava,4108,Centro-Sul Paranaense,4,S,Sul,IBGE_API
4104006,Campina Grande do Sul,PR,Paraná,41,41037,Curitiba,4110,Metropolitana de Curitiba,4,S,Sul,IBGE_API
4104055,Campo Bonito,PR,Paraná,41,41023,Cascavel,4106,Oeste Paranaense,4,S,Sul,IBGE_API
4104105,Campo do Tenente,PR,Paraná,41,41039,Rio Negro,4110,Metropolitana de Curitiba,4,S,Sul,IBGE_API
4104204,Campo Largo,PR,Paraná,41,41037,Curitiba,4110,Metropolitana de Curitiba,4,S,Sul,IBGE_API
4104253,Campo Magro,PR,Paraná,41,41037,Curitiba,4110,Metropolitana de Curitiba,4,S,Sul,IBGE_API
4104303,Campo Mourão,PR,Paraná,41,41005,Campo Mourão,4102,Centro Ocidental Paranaense,4,S,Sul,IBGE_API
4104402,Cândido de Abreu,PR,Paraná,41,41013,Ivaiporã,4103,Norte Central Paranaense,4,S,Sul,IBGE_API
4104428,Candói,PR,Paraná,41,41029,Guarapuava,4108,Centro-Sul Paranaense,4,S,Sul,IBGE_API
4104451,Cantagalo,PR,Paraná,41,41029,Guarapuava,4108,Centro-Sul Paranaense,4,S,Sul,IBGE_API
4104501,Capanema,PR,Paraná,41,41025,Capanema,4107,Sudoeste Paranaense,4,S,Sul,IBGE_API
4104600,Capitão Leônidas Marques,PR,Paraná,41,41023,Cascavel,4106,Oeste Paranaense,4,S,Sul,IBGE_API
4104659,Carambeí,PR,Paraná,41,41021,Ponta Grossa,4105,Centro Oriental Paranaense,4,S,Sul,IBGE_API
4104709,Carlópolis,PR,Paraná,41,41018,Wenceslau Braz,4104,Norte Pioneiro Paranaense,4,S,Sul,IBGE_API
4104808,Cascavel,PR,Paraná,41,41023,Cascavel,4106,Oeste Paranaense,4,S,Sul,IBGE_API
4104907,Castro,PR,Paraná,41,41021,Ponta Grossa,4105,Centro Oriental Paranaense,4,S,Sul,IBGE_API
4105003,Catanduvas,PR,Paraná,41,41023,Cascavel,4106,Oeste Paranaense,4,S,Sul,IBGE_API
4105102,Centenário do Sul,PR,Paraná,41,41006,Astorga,4103,Norte Central Paranaense,4,S,Sul,IBGE_API
4105201,Cerro Azul,PR,Paraná,41,41035,Cerro Azul,4110,Metropolitana de Curitiba,4,S,Sul,IBGE_API
4105300,Céu Azul,PR,Paraná,41,41024,Foz do Iguaçu,4106,Oeste Paranaense,4,S,Sul,IBGE_API
4105409,Chopinzinho,PR,Paraná,41,41027,Pato Branco,4107,Sudoeste Paranaense,4,S,Sul,IBGE_API
4105508,Cianorte,PR,Paraná,41,41003,Cianorte,4101,Noroeste Paranaense,4,S,Sul,IBGE_API
4105607,Cidade Gaúcha,PR,Paraná,41,41003,Cianorte,4101,Noroeste Paranaense,4,S,Sul,IBGE_API
4105706,Clevelândia,PR,Paraná,41,41030,Palmas,4108,Centro-Sul Paranaense,4,S,Sul,IBGE_API
4105805,Colombo,PR,Paraná,41,41037,Curitiba,4110,Metropolitana de Curitiba,4,S,Sul,IBGE_API
4105904,Colorado,PR,Paraná,41,41006,Astorga,4103,Norte Central Paranaense,4,S,Sul,IBGE_API
4106001,Congonhinhas,PR,Paraná,41,41015,Cornélio Procópio,4104,Norte Pioneiro Paranaense,4,S,Sul,IBGE_API
4106100,Conselheiro Mairinck,PR,Paraná,41,41017,Ibaiti,4104,Norte Pioneiro Paranaense,4,S,Sul,IBGE_API
4106209,Contenda,PR,Paraná,41,41037,Curitiba,4110,Metropolitana de Curitiba,4,S,Sul,IBGE_API
4106308,Corbélia,PR,Paraná,41,41023,Cascavel,4106,Oeste Paranaense,4,S,Sul,IBGE_API
4106407,Cornélio Procópio,PR,Paraná,41,41015,Cornélio Procópio,4104,Norte Pioneiro Paranaense,4,S,Sul,IBGE_API
4106456,Coronel Domingos Soares,PR,Paraná,41,41030,Palmas,4108,Centro-Sul Paranaense,4,S,Sul,IBGE_API
4106506,Coronel Vivida,PR,Paraná,41,41027,Pato Branco,4107,Sudoeste Paranaense,4,S,Sul,IBGE_API
4106555,Corumbataí do Sul,PR,Paraná,41,41005,Campo Mourão,4102,Centro Ocidental Paranaense,4,S,Sul,IBGE_API
4106571,Cruzeiro do Iguaçu,PR,Paraná,41,41026,Francisco Beltrão,4107,Sudoeste Paranaense,4,S,Sul,IBGE_API
4106605,Cruzeiro do Oeste,PR,Paraná,41,41002,Umuarama,4101,Noroeste Paranaense,4,S,Sul,IBGE_API
4106704,Cruzeiro do Sul,PR,Paraná,41,41001,Paranavaí,4101,Noroeste Paranaense,4,S,Sul,IBGE_API
4106803,Cruz Machado,PR,Paraná,41,41033,União da Vitória,4109,Sudeste Paranaense,4,S,Sul,IBGE_API
4106852,Cruzmaltina,PR,Paraná,41,41012,Faxinal,4103,Norte Central Paranaense,4,S,Sul,IBGE_API
4106902,Curitiba,PR,Paraná,41,41037,Curitiba,4110,Metropolitana de Curitiba,4,S,Sul,IBGE_API
4107009,Curiúva,PR,Paraná,41,41017,Ibaiti,4104,Norte Pioneiro Paranaense,4,S,Sul,IBGE_API
4107108,Diamante do Norte,PR,Paraná,41,41001,Paranavaí,4101,Noroeste Paranaense,4,S,Sul,IBGE_API
4107124,Diamante do Sul,PR,Paraná,41,41023,Cascavel,4106,Oeste Paranaense,4,S,Sul,IBGE_API
4107157,Diamante D'Oeste,PR,Paraná,41,41022,Toledo,4106,Oeste Paranaense,4,S,Sul,IBGE_API
4107207,Dois Vizinhos,PR,Paraná,41,41026,Francisco Beltrão,4107,Sudoeste Paranaense,4,S,Sul,IBGE_API
4107256,Douradina,PR,Paraná,41,41002,Umuarama,4101,Noroeste Paranaense,4,S,Sul,IBGE_API
4107306,Doutor Camargo,PR,Paraná,41,41008,Floraí,4103,Norte Central Paranaense,4,S,Sul,IBGE_API
4107405,Enéas Marques,PR,Paraná,41,41026,Francisco Beltrão,4107,Sudoeste Paranaense,4,S,Sul,IBGE_API
4107504,Engenheiro Beltrão,PR,Paraná,41,41005,Campo Mourão,4102,Centro Ocidental Paranaense,4,S,Sul,IBGE_API
4107520,Esperança Nova,PR,Paraná,41,41002,Umuarama,4101,Noroeste Paranaense,4,S,Sul,IBGE_API
4107538,Entre Rios do Oeste,PR,Paraná,41,41022,Toledo,4106,Oeste Paranaense,4,S,Sul,IBGE_API
4107546,Espigão Alto do Iguaçu,PR,Paraná,41,41029,Guarapuava,4108,Centro-Sul Paranaense,4,S,Sul,IBGE_API
4107553,Farol,PR,Paraná,41,41005,Campo Mourão,4102,Centro Ocidental Paranaense,4,S,Sul,IBGE_API
4107603,Faxinal,PR,Paraná,41,41012,Faxinal,4103,Norte Central Paranaense,4,S,Sul,IBGE_API
4107652,Fazenda Rio Grande,PR,Paraná,41,41037,Curitiba,4110,Metropolitana de Curitiba,4,S,Sul,IBGE_API
4107702,Fênix,PR,Paraná,41,41005,Campo Mourão,4102,Centro Ocidental Paranaense,4,S,Sul,IBGE_API
4107736,Fernandes Pinheiro,PR,Paraná,41,41031,Prudentópolis,4109,Sudeste Paranaense,4,S,Sul,IBGE_API
4107751,Figueira,PR,Paraná,41,41017,Ibaiti,4104,Norte Pioneiro Paranaense,4,S,Sul,IBGE_API
4107801,Floraí,PR,Paraná,41,41008,Floraí,4103,Norte Central Paranaense,4,S,Sul,IBGE_API
4107850,Flor da Serra do Sul,PR,Paraná,41,41026,Francisco Beltrão,4107,Sudoeste Paranaense,4,S,Sul,IBGE_API
4107900,Floresta,PR,Paraná,41,41008,Floraí,4103,Norte Central Paranaense,4,S,Sul,IBGE_API
4108007,Florestópolis,PR,Paraná,41,41007,Porecatu,4103,Norte Central Paranaense,4,S,Sul,IBGE_API
4108106,Flórida,PR,Paraná,41,41006,Astorga,4103,Norte Central Paranaense,4,S,Sul,IBGE_API
4108205,Formosa do Oeste,PR,Paraná,41,41022,Toledo,4106,Oeste Paranaense,4,S,Sul,IBGE_API
4108304,Foz do Iguaçu,PR,Paraná,41,41024,Foz do Iguaçu,4106,Oeste Paranaense,4,S,Sul,IBGE_API
4108320,Francisco Alves,PR,Paraná,41,41002,Umuarama,4101,Noroeste Paranaense,4,S,Sul,IBGE_API
4108403,Francisco Beltrão,PR,Paraná,41,41026,Francisco Beltrão,4107,Sudoeste Paranaense,4,S,Sul,IBGE_API
4108452,Foz do Jordão,PR,Paraná,41,41029,Guarapuava,4108,Centro-Sul Paranaense,4,S,Sul,IBGE_API
4108502,General Carneiro,PR,Paraná,41,41033,União da Vitória,4109,Sudeste Paranaense,4,S,Sul,IBGE_API
4108551,Godoy Moreira,PR,Paraná,41,41013,Ivaiporã,4103,Norte Central Paranaense,4,S,Sul,IBGE_API
4108601,Goioerê,PR,Paraná,41,41004,Goioerê,4102,Centro Ocidental Paranaense,4,S,Sul,IBGE_API
4108650,Goioxim,PR,Paraná,41,41029,Guarapuava,4108,Centro-Sul Paranaense,4,S,Sul,IBGE_API
4108700,Grandes Rios,PR,Paraná,41,41013,Ivaiporã,4103,Norte Central Paranaense,4,S,Sul,IBGE_API
4108809,Guaíra,PR,Paraná,41,41022,Toledo,4106,Oeste Paranaense,4,S,Sul,IBGE_API
4108908,Guairaçá,PR,Paraná,41,41001,Paranavaí,4101,Noroeste Paranaense,4,S,Sul,IBGE_API
4108957,Guamiranga,PR,Paraná,41,41031,Prudentópolis,4109,Sudeste Paranaense,4,S,Sul,IBGE_API
4109005,Guapirama,PR,Paraná,41,41018,Wenceslau Braz,4104,Norte Pioneiro Paranaense,4,S,Sul,IBGE_API
4109104,Guaporema,PR,Paraná,41,41003,Cianorte,4101,Noroeste Paranaense,4,S,Sul,IBGE_API
4109203,Guaraci,PR,Paraná,41,41006,Astorga,4103,Norte Central Paranaense,4,S,Sul,IBGE_API
4109302,Guaraniaçu,PR,Paraná,41,41023,Cascavel,4106,Oeste Paranaense,4,S,Sul,IBGE_API
4109401,Guarapuava,PR,Paraná,41,41029,Guarapuava,4108,Centro-Sul Paranaense,4,S,Sul,IBGE_API
4109500,Guaraqueçaba,PR,Paraná,41,41038,Paranaguá,4110,Metropolitana de Curitiba,4,S,Sul,IBGE_API
4109609,Guaratuba,PR,Paraná,41,41038,Paranaguá,4110,Metropolitana de Curitiba,4,S,Sul,IBGE_API
4109658,Honório Serpa,PR,Paraná,41,41030,Palmas,4108,Centro-Sul Paranaense,4,S,Sul,IBGE_API
4109708,Ibaiti,PR,Paraná,41,41017,Ibaiti,4104,Norte Pioneiro Paranaense,4,S,Sul,IBGE_API
4109757,Ibema,PR,Paraná,41,41023,Cascavel,4106,Oeste Paranaense,4,S,Sul,IBGE_API
4109807,Ibiporã,PR,Paraná,41,41011,Londrina,4103,Norte Central Paranaense,4,S,Sul,IBGE_API
4109906,Icaraíma,PR,Paraná,41,41002,Umuarama,4101,Noroeste Paranaense,4,S,Sul,IBGE_API
4110003,Iguaraçu,PR,Paraná,41,41006,Astorga,4103,Norte Central Paranaense,4,S,Sul,IBGE_API
4110052,Iguatu,PR,Paraná,41,41023,Cascavel,4106,Oeste Paranaense,4,S,Sul,IBGE_API
4110078,Imbaú,PR,Paraná,41,41019,Telêmaco Borba,4105,Centro Oriental Paranaense,4,S,Sul,IBGE_API
4110102,Imbituva,PR,Paraná,41,41031,Prudentópolis,4109,Sudeste Paranaense,4,S,Sul,IBGE_API
4110201,Inácio Martins,PR,Paraná,41,41029,Guarapuava,4108,Centro-Sul Paranaense,4,S,Sul,IBGE_API
4110300,Inajá,PR,Paraná,41,41001,Paranavaí,4101,Noroeste Paranaense,4,S,Sul,IBGE_API
4110409,Indianópolis,PR,Paraná,41,41003,Cianorte,4101,Noroeste Paranaense,4,S,Sul,IBGE_API
4110508,Ipiranga,PR,Paraná,41,41031,Prudentópolis,4109,Sudeste Paranaense,4,S,Sul,IBGE_API
4110607,Iporã,PR,Paraná,41,41002,Umuarama,4101,Noroeste Paranaense,4,S,Sul,IBGE_API
4110656,Iracema do Oeste,PR,Paraná,41,41022,Toledo,4106,Oeste Paranaense,4,S,Sul,IBGE_API
4110706,Irati,PR,Paraná,41,41032,Irati,4109,Sudeste Paranaense,4,S,Sul,IBGE_API
4110805,Iretama,PR,Paraná,41,41005,Campo Mourão,4102,Centro Ocidental Paranaense,4,S,Sul,IBGE_API
4110904,Itaguajé,PR,Paraná,41,41006,Astorga,4103,Norte Central Paranaense,4,S,Sul,IBGE_API
4110953,Itaipulândia,PR,Paraná,41,41024,Foz do Iguaçu,4106,Oeste Paranaense,4,S,Sul,IBGE_API
4111001,Itambaracá,PR,Paraná,41,41015,Cornélio Procópio,4104,Norte Pioneiro Paranaense,4,S,Sul,IBGE_API
4111100,Itambé,PR,Paraná,41,41008,Floraí,4103,Norte Central Paranaense,4,S,Sul,IBGE_API
4111209,Itapejara d'Oeste,PR,Paraná,41,41027,Pato Branco,4107,Sudoeste Paranaense,4,S,Sul,IBGE_API
4111258,Itaperuçu,PR,Paraná,41,41037,Curitiba,4110,Metropolitana de Curitiba,4,S,Sul,IBGE_API
4111308,Itaúna do Sul,PR,Paraná,41,41001,Paranavaí,4101,Noroeste Paranaense,4,S,Sul,IBGE_API
4111407,Ivaí,PR,Paraná,41,41031,Prudentópolis,4109,Sudeste Paranaense,4,S,Sul,IBGE_API
4111506,Ivaiporã,PR,Paraná,41,41013,Ivaiporã,4103,Norte Central Paranaense,4,S,Sul,IBGE_API
4111555,Ivaté,PR,Paraná,41,41002,Umuarama,4101,Noroeste Paranaense,4,S,Sul,IBGE_API
4111605,Ivatuba,PR,Paraná,41,41008,Floraí,4103,Norte Central Paranaense,4,S,Sul,IBGE_API
4111704,Jaboti,PR,Paraná,41,41017,Ibaiti,4104,Norte Pioneiro Paranaense,4,S,Sul,IBGE_API
4111803,Jacarezinho,PR,Paraná,41,41016,Jacarezinho,4104,Norte Pioneiro Paranaense,4,S,Sul,IBGE_API
4111902,Jaguapitã,PR,Paraná,41,41006,Astorga,4103,Norte Central Paranaense,4,S,Sul,IBGE_API
4112009,Jaguariaíva,PR,Paraná,41,41020,Jaguariaíva,4105,Centro Oriental Paranaense,4,S,Sul,IBGE_API
4112108,Jandaia do Sul,PR,Paraná,41,41010,Apucarana,4103,Norte Central Paranaense,4,S,Sul,IBGE_API
4112207,Janiópolis,PR,Paraná,41,41004,Goioerê,4102,Centro Ocidental Paranaense,4,S,Sul,IBGE_API
4112306,Japira,PR,Paraná,41,41017,Ibaiti,4104,Norte Pioneiro Paranaense,4,S,Sul,IBGE_API
4112405,Japurá,PR,Paraná,41,41003,Cianorte,4101,Noroeste Paranaense,4,S,Sul,IBGE_API
4112504,Jardim Alegre,PR,Paraná,41,41013,Ivaiporã,4103,Norte Central Paranaense,4,S,Sul,IBGE_API
4112603,Jardim Olinda,PR,Paraná,41,41001,Paranavaí,4101,Noroeste Paranaense,4,S,Sul,IBGE_API
4112702,Jataizinho,PR,Paraná,41,41014,Assaí,4104,Norte Pioneiro Paranaense,4,S,Sul,IBGE_API
4112751,Jesuítas,PR,Paraná,41,41022,Toledo,4106,Oeste Paranaense,4,S,Sul,IBGE_API
4112801,Joaquim Távora,PR,Paraná,41,41018,Wenceslau Braz,4104,Norte Pioneiro Paranaense,4,S,Sul,IBGE_API
4112900,Jundiaí do Sul,PR,Paraná,41,41016,Jacarezinho,4104,Norte Pioneiro Paranaense,4,S,Sul,IBGE_API
4112959,Juranda,PR,Paraná,41,41004,Goioerê,4102,Centro Ocidental Paranaense,4,S,Sul,IBGE_API
4113007,Jussara,PR,Paraná,41,41003,Cianorte,4101,Noroeste Paranaense,4,S,Sul,IBGE_API
4113106,Kaloré,PR,Paraná,41,41012,Faxinal,4103,Norte Central Paranaense,4,S,Sul,IBGE_API
4113205,Lapa,PR,Paraná,41,41036,Lapa,4110,Metropolitana de Curitiba,4,S,Sul,IBGE_API
4113254,Laranjal,PR,Paraná,41,41028,Pitanga,4108,Centro-Sul Paranaense,4,S,Sul,IBGE_API
4113304,Laranjeiras do Sul,PR,Paraná,41,41029,Guarapuava,4108,Centro-Sul Paranaense,4,S,Sul,IBGE_API
4113403,Leópolis,PR,Paraná,41,41015,Cornélio Procópio,4104,Norte Pioneiro Paranaense,4,S,Sul,IBGE_API
4113429,Lidianópolis,PR,Paraná,41,41013,Ivaiporã,4103,Norte Central Paranaense,4,S,Sul,IBGE_API
4113452,Lindoeste,PR,Paraná,41,41023,Cascavel,4106,Oeste Paranaense,4,S,Sul,IBGE_API
4113502,Loanda,PR,Paraná,41,41001,Paranavaí,4101,Noroeste Paranaense,4,S,Sul,IBGE_API
4113601,Lobato,PR,Paraná,41,41006,Astorga,4103,Norte Central Paranaense,4,S,Sul,IBGE_API
4113700,Londrina,PR,Paraná,41,41011,Londrina,4103,Norte Central Paranaense,4,S,Sul,IBGE_API
4113734,Luiziana,PR,Paraná,41,41005,Campo Mourão,4102,Centro Ocidental Paranaense,4,S,Sul,IBGE_API
4113759,Lunardelli,PR,Paraná,41,41013,Ivaiporã,4103,Norte Central Paranaense,4,S,Sul,IBGE_API
4113809,Lupionópolis,PR,Paraná,41,41006,Astorga,4103,Norte Central Paranaense,4,S,Sul,IBGE_API
4113908,Mallet,PR,Paraná,41,41032,Irati,4109,Sudeste Paranaense,4,S,Sul,IBGE_API
4114005,Mamborê,PR,Paraná,41,41005,Campo Mourão,4102,Centro Ocidental Paranaense,4,S,Sul,IBGE_API
4114104,Mandaguaçu,PR,Paraná,41,41006,Astorga,4103,Norte Central Paranaense,4,S,Sul,IBGE_API
4114203,Mandaguari,PR,Paraná,41,41009,Maringá,4103,Norte Central Paranaense,4,S,Sul,IBGE_API
4114302,Mandirituba,PR,Paraná,41,41037,Curitiba,4110,Metropolitana de Curitiba,4,S,Sul,IBGE_API
4114351,Manfrinópolis,PR,Paraná,41,41026,Francisco Beltrão,4107,Sudoeste Paranaense,4,S,Sul,IBGE_API
4114401,Mangueirinha,PR,Paraná,41,41030,Palmas,4108,Centro-Sul Paranaense,4,S,Sul,IBGE_API
4114500,Manoel Ribas,PR,Paraná,41,41013,Ivaiporã,4103,Norte Central Paranaense,4,S,Sul,IBGE_API
4114609,Marechal Cândido Rondon,PR,Paraná,41,41022,Toledo,4106,Oeste Paranaense,4,S,Sul,IBGE_API
4114708,Maria Helena,PR,Paraná,41,41002,Umuarama,4101,Noroeste Paranaense,4,S,Sul,IBGE_API
4114807,Marialva,PR,Paraná,41,41009,Maringá,4103,Norte Central Paranaense,4,S,Sul,IBGE_API
4114906,Marilândia do Sul,PR,Paraná,41,41010,Apucarana,4103,Norte Central Paranaense,4,S,Sul,IBGE_API
4115002,Marilena,PR,Paraná,41,41001,Paranavaí,4101,Noroeste Paranaense,4,S,Sul,IBGE_API
4115101,Mariluz,PR,Paraná,41,41002,Umuarama,4101,Noroeste Paranaense,4,S,Sul,IBGE_API
4115200,Maringá,PR,Paraná,41,41009,Maringá,4103,Norte Central Paranaense,4,S,Sul,IBGE_API
4115309,Mariópolis,PR,Paraná,41,41027,Pato Branco,4107,Sudoeste Paranaense,4,S,Sul,IBGE_API
4115358,Maripá,PR,Paraná,41,41022,Toledo,4106,Oeste Paranaense,4,S,Sul,IBGE_API
4115408,Marmeleiro,PR,Paraná,41,41026,Francisco Beltrão,4107,Sudoeste Paranaense,4,S,Sul,IBGE_API
4115457,Marquinho,PR,Paraná,41,41029,Guarapuava,4108,Centro-Sul Paranaense,4,S,Sul,IBGE_API
4115507,Marumbi,PR,Paraná,41,41012,Faxinal,4103,Norte Central Paranaense,4,S,Sul,IBGE_API
4115606,Matelândia,PR,Paraná,41,41024,Foz do Iguaçu,4106,Oeste Paranaense,4,S,Sul,IBGE_API
4115705,Matinhos,PR,Paraná,41,41038,Paranaguá,4110,Metropolitana de Curitiba,4,S,Sul,IBGE_API
4115739,Mato Rico,PR,Paraná,41,41028,Pitanga,4108,Centro-Sul Paranaense,4,S,Sul,IBGE_API
4115754,Mauá da Serra,PR,Paraná,41,41010,Apucarana,4103,Norte Central Paranaense,4,S,Sul,IBGE_API
4115804,Medianeira,PR,Paraná,41,41024,Foz do Iguaçu,4106,Oeste Paranaense,4,S,Sul,IBGE_API
4115853,Mercedes,PR,Paraná,41,41022,Toledo,4106,Oeste Paranaense,4,S,Sul,IBGE_API
4115903,Mirador,PR,Paraná,41,41001,Paranavaí,4101,Noroeste Paranaense,4,S,Sul,IBGE_API
4116000,Miraselva,PR,Paraná,41,41007,Porecatu,4103,Norte Central Paranaense,4,S,Sul,IBGE_API
4116059,Missal,PR,Paraná,41,41024,Foz do Iguaçu,4106,Oeste Paranaense,4,S,Sul,IBGE_API
4116109,Moreira Sales,PR,Paraná,41,41004,Goioerê,4102,Centro Ocidental Paranaense,4,S,Sul,IBGE_API
4116208,Morretes,PR,Paraná,41,41038,Paranaguá,4110,Metropolitana de Curitiba,4,S,Sul,IBGE_API
4116307,Munhoz de Melo,PR,Paraná,41,41006,Astorga,4103,Norte Central Paranaense,4,S,Sul,IBGE_API
4116406,Nossa Senhora das Graças,PR,Paraná,41,41006,Astorga,4103,Norte Central Paranaense,4,S,Sul,IBGE_API
4116505,Nova Aliança do Ivaí,PR,Paraná,41,41001,Paranavaí,4101,Noroeste Paranaense,4,S,Sul,IBGE_API
4116604,Nova América da Colina,PR,Paraná,41,41015,Cornélio Procópio,4104,Norte Pioneiro Paranaense,4,S,Sul,IBGE_API
4116703,Nova Aurora,PR,Paraná,41,41023,Cascavel,4106,Oeste Paranaense,4,S,Sul,IBGE_API
4116802,Nova Cantu,PR,Paraná,41,41004,Goioerê,4102,Centro Ocidental Paranaense,4,S,Sul,IBGE_API
4116901,Nova Esperança,PR,Paraná,41,41006,Astorga,4103,Norte Central Paranaense,4,S,Sul,IBGE_API
4116950,Nova Esperança do Sudoeste,PR,Paraná,41,41026,Francisco Beltrão,4107,Sudoeste Paranaense,4,S,Sul,IBGE_API
4117008,Nova Fátima,PR,Paraná,41,41015,Cornélio Procópio,4104,Norte Pioneiro Paranaense,4,S,Sul,IBGE_API
4117057,Nova Laranjeiras,PR,Paraná,41,41029,Guarapuava,4108,Centro-Sul Paranaense,4,S,Sul,IBGE_API
4117107,Nova Londrina,PR,Paraná,41,41001,Paranavaí,4101,Noroeste Paranaense,4,S,Sul,IBGE_API
4117206,Nova Olímpia,PR,Paraná,41,41002,Umuarama,4101,Noroeste Paranaense,4,S,Sul,IBGE_API
4117214,Nova Santa Bárbara,PR,Paraná,41,41014,Assaí,4104,Norte Pioneiro Paranaense,4,S,Sul,IBGE_API
4117222,Nova Santa Rosa,PR,Paraná,41,41022,Toledo,4106,Oeste Paranaense,4,S,Sul,IBGE_API
4117255,Nova Prata do Iguaçu,PR,Paraná,41,41026,Francisco Beltrão,4107,Sudoeste Paranaense,4,S,Sul,IBGE_API
4117271,Nova Tebas,PR,Paraná,41,41013,Ivaiporã,4103,Norte Central Paranaense,4,S,Sul,IBGE_API
4117297,Novo Itacolomi,PR,Paraná,41,41010,Apucarana,4103,Norte Central Paranaense,4,S,Sul,IBGE_API
4117305,Ortigueira,PR,Paraná,41,41019,Telêmaco Borba,4105,Centro Oriental Paranaense,4,S,Sul,IBGE_API
4117404,Ourizona,PR,Paraná,41,41008,Floraí,4103,Norte Central Paranaense,4,S,Sul,IBGE_API
4117453,Ouro Verde do Oeste,PR,Paraná,41,41022,Toledo,4106,Oeste Paranaense,4,S,Sul,IBGE_API
4117503,Paiçandu,PR,Paraná,41,41009,Maringá,4103,Norte Central Paranaense,4,S,Sul,IBGE_API
4117602,Palmas,PR,Paraná,41,41030,Palmas,4108,Centro-Sul Paranaense,4,S,Sul,IBGE_API
4117701,Palmeira,PR,Paraná,41,41021,Ponta Grossa,4105,Centro Oriental Paranaense,4,S,Sul,IBGE_API
4117800,Palmital,PR,Paraná,41,41028,Pitanga,4108,Centro-Sul Paranaense,4,S,Sul,IBGE_API
4117909,Palotina,PR,Paraná,41,41022,Toledo,4106,Oeste Paranaense,4,S,Sul,IBGE_API
4118006,Paraíso do Norte,PR,Paraná,41,41001,Paranavaí,4101,Noroeste Paranaense,4,S,Sul,IBGE_API
4118105,Paranacity,PR,Paraná,41,41001,Paranavaí,4101,Noroeste Paranaense,4,S,Sul,IBGE_API
4118204,Paranaguá,PR,Paraná,41,41038,Paranaguá,4110,Metropolitana de Curitiba,4,S,Sul,IBGE_API
4118303,Paranapoema,PR,Paraná,41,41001,Paranavaí,4101,Noroeste Paranaense,4,S,Sul,IBGE_API
4118402,Paranavaí,PR,Paraná,41,41001,Paranavaí,4101,Noroeste Paranaense,4,S,Sul,IBGE_API
4118451,Pato Bragado,PR,Paraná,41,41022,Toledo,4106,Oeste Paranaense,4,S,Sul,IBGE_API
4118501,Pato Branco,PR,Paraná,41,41027,Pato Branco,4107,Sudoeste Paranaense,4,S,Sul,IBGE_API
4118600,Paula Freitas,PR,Paraná,41,41033,União da Vitória,4109,Sudeste Paranaense,4,S,Sul,IBGE_API
4118709,Paulo Frontin,PR,Paraná,41,41033,União da Vitória,4109,Sudeste Paranaense,4,S,Sul,IBGE_API
4118808,Peabiru,PR,Paraná,41,41005,Campo Mourão,4102,Centro Ocidental Paranaense,4,S,Sul,IBGE_API
4118857,Perobal,PR,Paraná,41,41002,Umuarama,4101,Noroeste Paranaense,4,S,Sul,IBGE_API
4118907,Pérola,PR,Paraná,41,41002,Umuarama,4101,Noroeste Paranaense,4,S,Sul,IBGE_API
4119004,Pérola d'Oeste,PR,Paraná,41,41025,Capanema,4107,Sudoeste Paranaense,4,S,Sul,IBGE_API
4119103,Piên,PR,Paraná,41,41039,Rio Negro,4110,Metropolitana de Curitiba,4,S,Sul,IBGE_API
4119152,Pinhais,PR,Paraná,41,41037,Curitiba,4110,Metropolitana de Curitiba,4,S,Sul,IBGE_API
4119202,Pinhalão,PR,Paraná,41,41017,Ibaiti,4104,Norte Pioneiro Paranaense,4,S,Sul,IBGE_API
4119251,Pinhal de São Bento,PR,Paraná,41,41026,Francisco Beltrão,4107,Sudoeste Paranaense,4,S,Sul,IBGE_API
4119301,Pinhão,PR,Paraná,41,41029,Guarapuava,4108,Centro-Sul Paranaense,4,S,Sul,IBGE_API
4119400,Piraí do Sul,PR,Paraná,41,41020,Jaguariaíva,4105,Centro Oriental Paranaense,4,S,Sul,IBGE_API
4119509,Piraquara,PR,Paraná,41,41037,Curitiba,4110,Metropolitana de Curitiba,4,S,Sul,IBGE_API
4119608,Pitanga,PR,Paraná,41,41028,Pitanga,4108,Centro-Sul Paranaense,4,S,Sul,IBGE_API
4119657,Pitangueiras,PR,Paraná,41,41011,Londrina,4103,Norte Central Paranaense,4,S,Sul,IBGE_API
4119707,Planaltina do Paraná,PR,Paraná,41,41001,Paranavaí,4101,Noroeste Paranaense,4,S,Sul,IBGE_API
4119806,Planalto,PR,Paraná,41,41025,Capanema,4107,Sudoeste Paranaense,4,S,Sul,IBGE_API
4119905,Ponta Grossa,PR,Paraná,41,41021,Ponta Grossa,4105,Centro Oriental Paranaense,4,S,Sul,IBGE_API
4119954,Pontal do Paraná,PR,Paraná,41,41038,Paranaguá,4110,Metropolitana de Curitiba,4,S,Sul,IBGE_API
4120002,Porecatu,PR,Paraná,41,41007,Porecatu,4103,Norte Central Paranaense,4,S,Sul,IBGE_API
4120101,Porto Amazonas,PR,Paraná,41,41036,Lapa,4110,Metropolitana de Curitiba,4,S,Sul,IBGE_API
4120150,Porto Barreiro,PR,Paraná,41,41029,Guarapuava,4108,Centro-Sul Paranaense,4,S,Sul,IBGE_API
4120200,Porto Rico,PR,Paraná,41,41001,Paranavaí,4101,Noroeste Paranaense,4,S,Sul,IBGE_API
4120309,Porto Vitória,PR,Paraná,41,41033,União da Vitória,4109,Sudeste Paranaense,4,S,Sul,IBGE_API
4120333,Prado Ferreira,PR,Paraná,41,41007,Porecatu,4103,Norte Central Paranaense,4,S,Sul,IBGE_API
4120358,Pranchita,PR,Paraná,41,41025,Capanema,4107,Sudoeste Paranaense,4,S,Sul,IBGE_API
4120408,Presidente Castelo Branco,PR,Paraná,41,41006,Astorga,4103,Norte Central Paranaense,4,S,Sul,IBGE_API
4120507,Primeiro de Maio,PR,Paraná,41,41007,Porecatu,4103,Norte Central Paranaense,4,S,Sul,IBGE_API
4120606,Prudentópolis,PR,Paraná,41,41031,Prudentópolis,4109,Sudeste Paranaense,4,S,Sul,IBGE_API
4120655,Quarto Centenário,PR,Paraná,41,41004,Goioerê,4102,Centro Ocidental Paranaense,4,S,Sul,IBGE_API
4120705,Quatiguá,PR,Paraná,41,41018,Wenceslau Braz,4104,Norte Pioneiro Paranaense,4,S,Sul,IBGE_API
4120804,Quatro Barras,PR,Paraná,41,41037,Curitiba,4110,Metropolitana de Curitiba,4,S,Sul,IBGE_API
4120853,Quatro Pontes,PR,Paraná,41,41022,Toledo,4106,Oeste Paranaense,4,S,Sul,IBGE_API
4120903,Quedas do Iguaçu,PR,Paraná,41,41029,Guarapuava,4108,Centro-Sul Paranaense,4,S,Sul,IBGE_API
4121000,Querência do Norte,PR,Paraná,41,41001,Paranavaí,4101,Noroeste Paranaense,4,S,Sul,IBGE_API
4121109,Quinta do Sol,PR,Paraná,41,41005,Campo Mourão,4102,Centro Ocidental Paranaense,4,S,Sul,IBGE_API
4121208,Quitandinha,PR,Paraná,41,41039,Rio Negro,4110,Metropolitana de Curitiba,4,S,Sul,IBGE_API
4121257,Ramilândia,PR,Paraná,41,41024,Foz do Iguaçu,4106,Oeste Paranaense,4,S,Sul,IBGE_API
4121307,Rancho Alegre,PR,Paraná,41,41014,Assaí,4104,Norte Pioneiro Paranaense,4,S,Sul,IBGE_API
4121356,Rancho Alegre D'Oeste,PR,Paraná,41,41004,Goioerê,4102,Centro Ocidental Paranaense,4,S,Sul,IBGE_API
4121406,Realeza,PR,Paraná,41,41025,Capanema,4107,Sudoeste Paranaense,4,S,Sul,IBGE_API
4121505,Rebouças,PR,Paraná,41,41032,Irati,4109,Sudeste Paranaense,4,S,Sul,IBGE_API
4121604,Renascença,PR,Paraná,41,41026,Francisco Beltrão,4107,Sudoeste Paranaense,4,S,Sul,IBGE_API
4121703,Reserva,PR,Paraná,41,41019,Telêmaco Borba,4105,Centro Oriental Paranaense,4,S,Sul,IBGE_API
4121752,Reserva do Iguaçu,PR,Paraná,41,41029,Guarapuava,4108,Centro-Sul Paranaense,4,S,Sul,IBGE_API
4121802,Ribeirão Claro,PR,Paraná,41,41016,Jacarezinho,4104,Norte Pioneiro Paranaense,4,S,Sul,IBGE_API
4121901,Ribeirão do Pinhal,PR,Paraná,41,41015,Cornélio Procópio,4104,Norte Pioneiro Paranaense,4,S,Sul,IBGE_API
4122008,Rio Azul,PR,Paraná,41,41032,Irati,4109,Sudeste Paranaense,4,S,Sul,IBGE_API
4122107,Rio Bom,PR,Paraná,41,41012,Faxinal,4103,Norte Central Paranaense,4,S,Sul,IBGE_API
4122156,Rio Bonito do Iguaçu,PR,Paraná,41,41029,Guarapuava,4108,Centro-Sul Paranaense,4,S,Sul,IBGE_API
4122172,Rio Branco do Ivaí,PR,Paraná,41,41013,Ivaiporã,4103,Norte Central Paranaense,4,S,Sul,IBGE_API
4122206,Rio Branco do Sul,PR,Paraná,41,41037,Curitiba,4110,Metropolitana de Curitiba,4,S,Sul,IBGE_API
4122305,Rio Negro,PR,Paraná,41,41039,Rio Negro,4110,Metropolitana de Curitiba,4,S,Sul,IBGE_API
4122404,Rolândia,PR,Paraná,41,41011,Londrina,4103,Norte Central Paranaense,4,S,Sul,IBGE_API
4122503,Roncador,PR,Paraná,41,41005,Campo Mourão,4102,Centro Ocidental Paranaense,4,S,Sul,IBGE_API
4122602,Rondon,PR,Paraná,41,41003,Cianorte,4101,Noroeste Paranaense,4,S,Sul,IBGE_API
4122651,Rosário do Ivaí,PR,Paraná,41,41013,Ivaiporã,4103,Norte Central Paranaense,4,S,Sul,IBGE_API
4122701,Sabáudia,PR,Paraná,41,41010,Apucarana,4103,Norte Central Paranaense,4,S,Sul,IBGE_API
4122800,Salgado Filho,PR,Paraná,41,41026,Francisco Beltrão,4107,Sudoeste Paranaense,4,S,Sul,IBGE_API
4122909,Salto do Itararé,PR,Paraná,41,41018,Wenceslau Braz,4104,Norte Pioneiro Paranaense,4,S,Sul,IBGE_API
4123006,Salto do Lontra,PR,Paraná,41,41026,Francisco Beltrão,4107,Sudoeste Paranaense,4,S,Sul,IBGE_API
4123105,Santa Amélia,PR,Paraná,41,41015,Cornélio Procópio,4104,Norte Pioneiro Paranaense,4,S,Sul,IBGE_API
4123204,Santa Cecília do Pavão,PR,Paraná,41,41014,Assaí,4104,Norte Pioneiro Paranaense,4,S,Sul,IBGE_API
4123303,Santa Cruz de Monte Castelo,PR,Paraná,41,41001,Paranavaí,4101,Noroeste Paranaense,4,S,Sul,IBGE_API
4123402,Santa Fé,PR,Paraná,41,41006,Astorga,4103,Norte Central Paranaense,4,S,Sul,IBGE_API
4123501,Santa Helena,PR,Paraná,41,41022,Toledo,4106,Oeste Paranaense,4,S,Sul,IBGE_API
4123600,Santa Inês,PR,Paraná,41,41006,Astorga,4103,Norte Central Paranaense,4,S,Sul,IBGE_API
4123709,Santa Isabel do Ivaí,PR,Paraná,41,41001,Paranavaí,4101,Noroeste Paranaense,4,S,Sul,IBGE_API
4123808,Santa Izabel do Oeste,PR,Paraná,41,41025,Capanema,4107,Sudoeste Paranaense,4,S,Sul,IBGE_API
4123824,Santa Lúcia,PR,Paraná,41,41023,Cascavel,4106,Oeste Paranaense,4,S,Sul,IBGE_API
4123857,Santa Maria do Oeste,PR,Paraná,41,41028,Pitanga,4108,Centro-Sul Paranaense,4,S,Sul,IBGE_API
4123907,Santa Mariana,PR,Paraná,41,41015,Cornélio Procópio,4104,Norte Pioneiro Paranaense,4,S,Sul,IBGE_API
4123956,Santa Mônica,PR,Paraná,41,41001,Paranavaí,4101,Noroeste Paranaense,4,S,Sul,IBGE_API
4124004,Santana do Itararé,PR,Paraná,41,41018,Wenceslau Braz,4104,Norte Pioneiro Paranaense,4,S,Sul,IBGE_API
4124020,Santa Tereza do Oeste,PR,Paraná,41,41023,Cascavel,4106,Oeste Paranaense,4,S,Sul,IBGE_API
4124053,Santa Terezinha de Itaipu,PR,Paraná,41,41024,Foz do Iguaçu,4106,Oeste Paranaense,4,S,Sul,IBGE_API
4124103,Santo Antônio da Platina,PR,Paraná,41,41016,Jacarezinho,4104,Norte Pioneiro Paranaense,4,S,Sul,IBGE_API
4124202,Santo Antônio do Caiuá,PR,Paraná,41,41001,Paranavaí,4101,Noroeste Paranaense,4,S,Sul,IBGE_API
4124301,Santo Antônio do Paraíso,PR,Paraná,41,41015,Cornélio Procópio,4104,Norte Pioneiro Paranaense,4,S,Sul,IBGE_API
4124400,Santo Antônio do Sudoeste,PR,Paraná,41,41026,Francisco Beltrão,4107,Sudoeste Paranaense,4,S,Sul,IBGE_API
4124509,Santo Inácio,PR,Paraná,41,41006,Astorga,4103,Norte Central Paranaense,4,S,Sul,IBGE_API
4124608,São Carlos do Ivaí,PR,Paraná,41,41001,Paranavaí,4101,Noroeste Paranaense,4,S,Sul,IBGE_API
4124707,São Jerônimo da Serra,PR,Paraná,41,41014,Assaí,4104,Norte Pioneiro Paranaense,4,S,Sul,IBGE_API
4124806,São João,PR,Paraná,41,41027,Pato Branco,4107,Sudoeste Paranaense,4,S,Sul,IBGE_API
4124905,São João do Caiuá,PR,Paraná,41,41001,Paranavaí,4101,Noroeste Paranaense,4,S,Sul,IBGE_API
4125001,São João do Ivaí,PR,Paraná,41,41013,Ivaiporã,4103,Norte Central Paranaense,4,S,Sul,IBGE_API
4125100,São João do Triunfo,PR,Paraná,41,41034,São Mateus do Sul,4109,Sudeste Paranaense,4,S,Sul,IBGE_API
4125209,São Jorge d'Oeste,PR,Paraná,41,41026,Francisco Beltrão,4107,Sudoeste Paranaense,4,S,Sul,IBGE_API
4125308,São Jorge do Ivaí,PR,Paraná,41,41008,Floraí,4103,Norte Central Paranaense,4,S,Sul,IBGE_API
4125357,São Jorge do Patrocínio,PR,Paraná,41,41002,Umuarama,4101,Noroeste Paranaense,4,S,Sul,IBGE_API
4125407,São José da Boa Vista,PR,Paraná,41,41018,Wenceslau Braz,4104,Norte Pioneiro Paranaense,4,S,Sul,IBGE_API
4125456,São José das Palmeiras,PR,Paraná,41,41022,Toledo,4106,Oeste Paranaense,4,S,Sul,IBGE_API
4125506,São José dos Pinhais,PR,Paraná,41,41037,Curitiba,4110,Metropolitana de Curitiba,4,S,Sul,IBGE_API
4125555,São Manoel do Paraná,PR,Paraná,41,41003,Cianorte,4101,Noroeste Paranaense,4,S,Sul,IBGE_API
4125605,São Mateus do Sul,PR,Paraná,41,41034,São Mateus do Sul,4109,Sudeste Paranaense,4,S,Sul,IBGE_API
4125704,São Miguel do Iguaçu,PR,Paraná,41,41024,Foz do Iguaçu,4106,Oeste Paranaense,4,S,Sul,IBGE_API
4125753,São Pedro do Iguaçu,PR,Paraná,41,41022,Toledo,4106,Oeste Paranaense,4,S,Sul,IBGE_API
4125803,São Pedro do Ivaí,PR,Paraná,41,41013,Ivaiporã,4103,Norte Central Paranaense,4,S,Sul,IBGE_API
4125902,São Pedro do Paraná,PR,Paraná,41,41001,Paranavaí,4101,Noroeste Paranaense,4,S,Sul,IBGE_API
4126009,São Sebastião da Amoreira,PR,Paraná,41,41014,Assaí,4104,Norte Pioneiro Paranaense,4,S,Sul,IBGE_API
4126108,São Tomé,PR,Paraná,41,41003,Cianorte,4101,Noroeste Paranaense,4,S,Sul,IBGE_API
4126207,Sapopema,PR,Paraná,41,41017,Ibaiti,4104,Norte Pioneiro Paranaense,4,S,Sul,IBGE_API
4126256,Sarandi,PR,Paraná,41,41009,Maringá,4103,Norte Central Paranaense,4,S,Sul,IBGE_API
4126272,Saudade do Iguaçu,PR,Paraná,41,41027,Pato Branco,4107,Sudoeste Paranaense,4,S,Sul,IBGE_API
4126306,Sengés,PR,Paraná,41,41020,Jaguariaíva,4105,Centro Oriental Paranaense,4,S,Sul,IBGE_API
4126355,Serranópolis do Iguaçu,PR,Paraná,41,41024,Foz do Iguaçu,4106,Oeste Paranaense,4,S,Sul,IBGE_API
4126405,Sertaneja,PR,Paraná,41,41015,Cornélio Procópio,4104,Norte Pioneiro Paranaense,4,S,Sul,IBGE_API
4126504,Sertanópolis,PR,Paraná,41,41007,Porecatu,4103,Norte Central Paranaense,4,S,Sul,IBGE_API
4126603,Siqueira Campos,PR,Paraná,41,41018,Wenceslau Braz,4104,Norte Pioneiro Paranaense,4,S,Sul,IBGE_API
4126652,Sulina,PR,Paraná,41,41027,Pato Branco,4107,Sudoeste Paranaense,4,S,Sul,IBGE_API
4126678,Tamarana,PR,Paraná,41,41011,Londrina,4103,Norte Central Paranaense,4,S,Sul,IBGE_API
4126702,Tamboara,PR,Paraná,41,41001,Paranavaí,4101,Noroeste Paranaense,4,S,Sul,IBGE_API
4126801,Tapejara,PR,Paraná,41,41003,Cianorte,4101,Noroeste Paranaense,4,S,Sul,IBGE_API
4126900,Tapira,PR,Paraná,41,41002,Umuarama,4101,Noroeste Paranaense,4,S,Sul,IBGE_API
4127007,Teixeira Soares,PR,Paraná,41,41031,Prudentópolis,4109,Sudeste Paranaense,4,S,Sul,IBGE_API
4127106,Telêmaco Borba,PR,Paraná,41,41019,Telêmaco Borba,4105,Centro Oriental Paranaense,4,S,Sul,IBGE_API
4127205,Terra Boa,PR,Paraná,41,41005,Campo Mourão,4102,Centro Ocidental Paranaense,4,S,Sul,IBGE_API
4127304,Terra Rica,PR,Paraná,41,41001,Paranavaí,4101,Noroeste Paranaense,4,S,Sul,IBGE_API
4127403,Terra Roxa,PR,Paraná,41,41022,Toledo,4106,Oeste Paranaense,4,S,Sul,IBGE_API
4127502,Tibagi,PR,Paraná,41,41019,Telêmaco Borba,4105,Centro Oriental Paranaense,4,S,Sul,IBGE_API
4127601,Tijucas do Sul,PR,Paraná,41,41039,Rio Negro,4110,Metropolitana de Curitiba,4,S,Sul,IBGE_API
4127700,Toledo,PR,Paraná,41,41022,Toledo,4106,Oeste Paranaense,4,S,Sul,IBGE_API
4127809,Tomazina,PR,Paraná,41,41018,Wenceslau Braz,4104,Norte Pioneiro Paranaense,4,S,Sul,IBGE_API
4127858,Três Barras do Paraná,PR,Paraná,41,41023,Cascavel,4106,Oeste Paranaense,4,S,Sul,IBGE_API
4127882,Tunas do Paraná,PR,Paraná,41,41037,Curitiba,4110,Metropolitana de Curitiba,4,S,Sul,IBGE_API
4127908,Tuneiras do Oeste,PR,Paraná,41,41003,Cianorte,4101,Noroeste Paranaense,4,S,Sul,IBGE_API
4127957,Tupãssi,PR,Paraná,41,41022,Toledo,4106,Oeste Paranaense,4,S,Sul,IBGE_API
4127965,Turvo,PR,Paraná,41,41029,Guarapuava,4108,Centro-Sul Paranaense,4,S,Sul,IBGE_API
4128005,Ubiratã,PR,Paraná,41,41004,Goioerê,4102,Centro Ocidental Paranaense,4,S,Sul,IBGE_API
4128104,Umuarama,PR,Paraná,41,41002,Umuarama,4101,Noroeste Paranaense,4,S,Sul,IBGE_API
4128203,União da Vitória,PR,Paraná,41,41033,União da Vitória,4109,Sudeste Paranaense,4,S,Sul,IBGE_API
4128302,Uniflor,PR,Paraná,41,41006,Astorga,4103,Norte Central Paranaense,4,S,Sul,IBGE_API
4128401,Uraí,PR,Paraná,41,41014,Assaí,4104,Norte Pioneiro Paranaense,4,S,Sul,IBGE_API
4128500,Wenceslau Braz,PR,Paraná,41,41018,Wenceslau Braz,4104,Norte Pioneiro Paranaense,4,S,Sul,IBGE_API
4128534,Ventania,PR,Paraná,41,41019,Telêmaco Borba,4105,Centro Oriental Paranaense,4,S,Sul,IBGE_API
4128559,Vera Cruz do Oeste,PR,Paraná,41,41024,Foz do Iguaçu,4106,Oeste Paranaense,4,S,Sul,IBGE_API
4128609,Verê,PR,Paraná,41,41026,Francisco Beltrão,4107,Sudoeste Paranaense,4,S,Sul,IBGE_API
4128625,Alto Paraíso,PR,Paraná,41,41002,Umuarama,4101,Noroeste Paranaense,4,S,Sul,IBGE_API
4128633,Doutor Ulysses,PR,Paraná,41,41035,Cerro Azul,4110,Metropolitana de Curitiba,4,S,Sul,IBGE_API
4128658,Virmond,PR,Paraná,41,41029,Guarapuava,4108,Centro-Sul Paranaense,4,S,Sul,IBGE_API
4128708,Vitorino,PR,Paraná,41,41027,Pato Branco,4107,Sudoeste Paranaense,4,S,Sul,IBGE_API
4128807,Xambrê,PR,Paraná,41,41002,Umuarama,4101,Noroeste Paranaense,4,S,Sul,IBGE_API
4200051,Abdon Batista,SC,Santa Catarina,42,42009,Curitibanos,4203,Serrana,4,S,Sul,IBGE_API
4200101,Abelardo Luz,SC,Santa Catarina,42,42003,Xanxerê,4201,Oeste Catarinense,4,S,Sul,IBGE_API
4200200,Agrolândia,SC,Santa Catarina,42,42014,Ituporanga,4204,Vale do Itajaí,4,S,Sul,IBGE_API
4200309,Agronômica,SC,Santa Catarina,42,42011,Rio do Sul,4204,Vale do Itajaí,4,S,Sul,IBGE_API
4200408,Água Doce,SC,Santa Catarina,42,42004,Joaçaba,4201,Oeste Catarinense,4,S,Sul,IBGE_API
4200507,Águas de Chapecó,SC,Santa Catarina,42,42002,Chapecó,4201,Oeste Catarinense,4,S,Sul,IBGE_API
4200556,Águas Frias,SC,Santa Catarina,42,42002,Chapecó,4201,Oeste Catarinense,4,S,Sul,IBGE_API
4200606,Águas Mornas,SC,Santa Catarina,42,42017,Tabuleiro,4205,Grande Florianópolis,4,S,Sul,IBGE_API
4200705,Alfredo Wagner,SC,Santa Catarina,42,42017,Tabuleiro,4205,Grande Florianópolis,4,S,Sul,IBGE_API
4200754,Alto Bela Vista,SC,Santa Catarina,42,42005,Concórdia,4201,Oeste Catarinense,4,S,Sul,IBGE_API
4200804,Anchieta,SC,Santa Catarina,42,42001,São Miguel do Oeste,4201,Oeste Catarinense,4,S,Sul,IBGE_API
4200903,Angelina,SC,Santa Catarina,42,42015,Tijucas,4205,Grande Florianópolis,4,S,Sul,IBGE_API
4201000,Anita Garibaldi,SC,Santa Catarina,42,42010,Campos de Lages,4203,Serrana,4,S,Sul,IBGE_API
4201109,Anitápolis,SC,Santa Catarina,42,42017,Tabuleiro,4205,Grande Florianópolis,4,S,Sul,IBGE_API
4201208,Antônio Carlos,SC,Santa Catarina,42,42016,Florianópolis,4205,Grande Florianópolis,4,S,Sul,IBGE_API
4201257,Apiúna,SC,Santa Catarina,42,42012,Blumenau,4204,Vale do Itajaí,4,S,Sul,IBGE_API
4201273,Arabutã,SC,Santa Catarina,42,42005,Concórdia,4201,Oeste Catarinense,4,S,Sul,IBGE_API
4201307,Araquari,SC,Santa Catarina,42,42008,Joinville,4202,Norte Catarinense,4,S,Sul,IBGE_API
4201406,Araranguá,SC,Santa Catarina,42,42020,Araranguá,4206,Sul Catarinense,4,S,Sul,IBGE_API
4201505,Armazém,SC,Santa Catarina,42,42018,Tubarão,4206,Sul Catarinense,4,S,Sul,IBGE_API
4201604,Arroio Trinta,SC,Santa Catarina,42,42004,Joaçaba,4201,Oeste Catarinense,4,S,Sul,IBGE_API
4201653,Arvoredo,SC,Santa Catarina,42,42005,Concórdia,4201,Oeste Catarinense,4,S,Sul,IBGE_API
4201703,Ascurra,SC,Santa Catarina,42,42012,Blumenau,4204,Vale do Itajaí,4,S,Sul,IBGE_API
4201802,Atalanta,SC,Santa Catarina,42,42014,Ituporanga,4204,Vale do Itajaí,4,S,Sul,IBGE_API
4201901,Aurora,SC,Santa Catarina,42,42011,Rio do Sul,4204,Vale do Itajaí,4,S,Sul,IBGE_API
4201950,Balneário Arroio do Silva,SC,Santa Catarina,42,42020,Araranguá,4206,Sul Catarinense,4,S,Sul,IBGE_API
4202008,Balneário Camboriú,SC,Santa Catarina,42,42013,Itajaí,4204,Vale do Itajaí,4,S,Sul,IBGE_API
4202057,Balneário Barra do Sul,SC,Santa Catarina,42,42008,Joinville,4202,Norte Catarinense,4,S,Sul,IBGE_API
4202073,Balneário Gaivota,SC,Santa Catarina,42,42020,Araranguá,4206,Sul Catarinense,4,S,Sul,IBGE_API
4202081,Bandeirante,SC,Santa Catarina,42,42001,São Miguel do Oeste,4201,Oeste Catarinense,4,S,Sul,IBGE_API
4202099,Barra Bonita,SC,Santa Catarina,42,42001,São Miguel do Oeste,4201,Oeste Catarinense,4,S,Sul,IBGE_API
4202107,Barra Velha,SC,Santa Catarina,42,42013,Itajaí,4204,Vale do Itajaí,4,S,Sul,IBGE_API
4202131,Bela Vista do Toldo,SC,Santa Catarina,42,42006,Canoinhas,4202,Norte Catarinense,4,S,Sul,IBGE_API
4202156,Belmonte,SC,Santa Catarina,42,42001,São Miguel do Oeste,4201,Oeste Catarinense,4,S,Sul,IBGE_API
4202206,Benedito Novo,SC,Santa Catarina,42,42012,Blumenau,4204,Vale do Itajaí,4,S,Sul,IBGE_API
4202305,Biguaçu,SC,Santa Catarina,42,42016,Florianópolis,4205,Grande Florianópolis,4,S,Sul,IBGE_API
4202404,Blumenau,SC,Santa Catarina,42,42012,Blumenau,4204,Vale do Itajaí,4,S,Sul,IBGE_API
4202438,Bocaina do Sul,SC,Santa Catarina,42,42010,Campos de Lages,4203,Serrana,4,S,Sul,IBGE_API
4202453,Bombinhas,SC,Santa Catarina,42,42013,Itajaí,4204,Vale do Itajaí,4,S,Sul,IBGE_API
4202503,Bom Jardim da Serra,SC,Santa Catarina,42,42010,Campos de Lages,4203,Serrana,4,S,Sul,IBGE_API
4202537,Bom Jesus,SC,Santa Catarina,42,42003,Xanxerê,4201,Oeste Catarinense,4,S,Sul,IBGE_API
4202578,Bom Jesus do Oeste,SC,Santa Catarina,42,42002,Chapecó,4201,Oeste Catarinense,4,S,Sul,IBGE_API
4202602,Bom Retiro,SC,Santa Catarina,42,42010,Campos de Lages,4203,Serrana,4,S,Sul,IBGE_API
4202701,Botuverá,SC,Santa Catarina,42,42012,Blumenau,4204,Vale do Itajaí,4,S,Sul,IBGE_API
4202800,Braço do Norte,SC,Santa Catarina,42,42018,Tubarão,4206,Sul Catarinense,4,S,Sul,IBGE_API
4202859,Braço do Trombudo,SC,Santa Catarina,42,42011,Rio do Sul,4204,Vale do Itajaí,4,S,Sul,IBGE_API
4202875,Brunópolis,SC,Santa Catarina,42,42009,Curitibanos,4203,Serrana,4,S,Sul,IBGE_API
4202909,Brusque,SC,Santa Catarina,42,42012,Blumenau,4204,Vale do Itajaí,4,S,Sul,IBGE_API
4203006,Caçador,SC,Santa Catarina,42,42004,Joaçaba,4201,Oeste Catarinense,4,S,Sul,IBGE_API
4203105,Caibi,SC,Santa Catarina,42,42002,Chapecó,4201,Oeste Catarinense,4,S,Sul,IBGE_API
4203154,Calmon,SC,Santa Catarina,42,42004,Joaçaba,4201,Oeste Catarinense,4,S,Sul,IBGE_API
4203204,Camboriú,SC,Santa Catarina,42,42013,Itajaí,4204,Vale do Itajaí,4,S,Sul,IBGE_API
4203253,Capão Alto,SC,Santa Catarina,42,42010,Campos de Lages,4203,Serrana,4,S,Sul,IBGE_API
4203303,Campo Alegre,SC,Santa Catarina,42,42007,São Bento do Sul,4202,Norte Catarinense,4,S,Sul,IBGE_API
4203402,Campo Belo do Sul,SC,Santa Catarina,42,42010,Campos de Lages,4203,Serrana,4,S,Sul,IBGE_API
4203501,Campo Erê,SC,Santa Catarina,42,42002,Chapecó,4201,Oeste Catarinense,4,S,Sul,IBGE_API
4203600,Campos Novos,SC,Santa Catarina,42,42009,Curitibanos,4203,Serrana,4,S,Sul,IBGE_API
4203709,Canelinha,SC,Santa Catarina,42,42015,Tijucas,4205,Grande Florianópolis,4,S,Sul,IBGE_API
4203808,Canoinhas,SC,Santa Catarina,42,42006,Canoinhas,4202,Norte Catarinense,4,S,Sul,IBGE_API
4203907,Capinzal,SC,Santa Catarina,42,42004,Joaçaba,4201,Oeste Catarinense,4,S,Sul,IBGE_API
4203956,Capivari de Baixo,SC,Santa Catarina,42,42018,Tubarão,4206,Sul Catarinense,4,S,Sul,IBGE_API
4204004,Catanduvas,SC,Santa Catarina,42,42004,Joaçaba,4201,Oeste Catarinense,4,S,Sul,IBGE_API
4204103,Caxambu do Sul,SC,Santa Catarina,42,42002,Chapecó,4201,Oeste Catarinense,4,S,Sul,IBGE_API
4204152,Celso Ramos,SC,Santa Catarina,42,42010,Campos de Lages,4203,Serrana,4,S,Sul,IBGE_API
4204178,Cerro Negro,SC,Santa Catarina,42,42010,Campos de Lages,4203,Serrana,4,S,Sul,IBGE_API
4204194,Chapadão do Lageado,SC,Santa Catarina,42,42014,Ituporanga,4204,Vale do Itajaí,4,S,Sul,IBGE_API
4204202,Chapecó,SC,Santa Catarina,42,42002,Chapecó,4201,Oeste Catarinense,4,S,Sul,IBGE_API
4204251,Cocal do Sul,SC,Santa Catarina,42,42019,Criciúma,4206,Sul Catarinense,4,S,Sul,IBGE_API
4204301,Concórdia,SC,Santa Catarina,42,42005,Concórdia,4201,Oeste Catarinense,4,S,Sul,IBGE_API
4204350,Cordilheira Alta,SC,Santa Catarina,42,42002,Chapecó,4201,Oeste Catarinense,4,S,Sul,IBGE_API
4204400,Coronel Freitas,SC,Santa Catarina,42,42002,Chapecó,4201,Oeste Catarinense,4,S,Sul,IBGE_API
4204459,Coronel Martins,SC,Santa Catarina,42,42003,Xanxerê,4201,Oeste Catarinense,4,S,Sul,IBGE_API
4204509,Corupá,SC,Santa Catarina,42,42008,Joinville,4202,Norte Catarinense,4,S,Sul,IBGE_API
4204558,Correia Pinto,SC,Santa Catarina,42,42010,Campos de Lages,4203,Serrana,4,S,Sul,IBGE_API
4204608,Criciúma,SC,Santa Catarina,42,42019,Criciúma,4206,Sul Catarinense,4,S,Sul,IBGE_API
4204707,Cunha Porã,SC,Santa Catarina,42,42002,Chapecó,4201,Oeste Catarinense,4,S,Sul,IBGE_API
4204756,Cunhataí,SC,Santa Catarina,42,42002,Chapecó,4201,Oeste Catarinense,4,S,Sul,IBGE_API
4204806,Curitibanos,SC,Santa Catarina,42,42009,Curitibanos,4203,Serrana,4,S,Sul,IBGE_API
4204905,Descanso,SC,Santa Catarina,42,42001,São Miguel do Oeste,4201,Oeste Catarinense,4,S,Sul,IBGE_API
4205001,Dionísio Cerqueira,SC,Santa Catarina,42,42001,São Miguel do Oeste,4201,Oeste Catarinense,4,S,Sul,IBGE_API
4205100,Dona Emma,SC,Santa Catarina,42,42011,Rio do Sul,4204,Vale do Itajaí,4,S,Sul,IBGE_API
4205159,Doutor Pedrinho,SC,Santa Catarina,42,42012,Blumenau,4204,Vale do Itajaí,4,S,Sul,IBGE_API
4205175,Entre Rios,SC,Santa Catarina,42,42003,Xanxerê,4201,Oeste Catarinense,4,S,Sul,IBGE_API
4205191,Ermo,SC,Santa Catarina,42,42020,Araranguá,4206,Sul Catarinense,4,S,Sul,IBGE_API
4205209,Erval Velho,SC,Santa Catarina,42,42004,Joaçaba,4201,Oeste Catarinense,4,S,Sul,IBGE_API
4205308,Faxinal dos Guedes,SC,Santa Catarina,42,42003,Xanxerê,4201,Oeste Catarinense,4,S,Sul,IBGE_API
4205357,Flor do Sertão,SC,Santa Catarina,42,42002,Chapecó,4201,Oeste Catarinense,4,S,Sul,IBGE_API
4205407,Florianópolis,SC,Santa Catarina,42,42016,Florianópolis,4205,Grande Florianópolis,4,S,Sul,IBGE_API
4205431,Formosa do Sul,SC,Santa Catarina,42,42002,Chapecó,4201,Oeste Catarinense,4,S,Sul,IBGE_API
4205456,Forquilhinha,SC,Santa Catarina,42,42019,Criciúma,4206,Sul Catarinense,4,S,Sul,IBGE_API
4205506,Fraiburgo,SC,Santa Catarina,42,42004,Joaçaba,4201,Oeste Catarinense,4,S,Sul,IBGE_API
4205555,Frei Rogério,SC,Santa Catarina,42,42009,Curitibanos,4203,Serrana,4,S,Sul,IBGE_API
4205605,Galvão,SC,Santa Catarina,42,42003,Xanxerê,4201,Oeste Catarinense,4,S,Sul,IBGE_API
4205704,Garopaba,SC,Santa Catarina,42,42018,Tubarão,4206,Sul Catarinense,4,S,Sul,IBGE_API
4205803,Garuva,SC,Santa Catarina,42,42008,Joinville,4202,Norte Catarinense,4,S,Sul,IBGE_API
4205902,Gaspar,SC,Santa Catarina,42,42012,Blumenau,4204,Vale do Itajaí,4,S,Sul,IBGE_API
4206009,Governador Celso Ramos,SC,Santa Catarina,42,42016,Florianópolis,4205,Grande Florianópolis,4,S,Sul,IBGE_API
4206108,Grão-Pará,SC,Santa Catarina,42,42018,Tubarão,4206,Sul Catarinense,4,S,Sul,IBGE_API
4206207,Gravatal,SC,Santa Catarina,42,42018,Tubarão,4206,Sul Catarinense,4,S,Sul,IBGE_API
4206306,Guabiruba,SC,Santa Catarina,42,42012,Blumenau,4204,Vale do Itajaí,4,S,Sul,IBGE_API
4206405,Guaraciaba,SC,Santa Catarina,42,42001,São Miguel do Oeste,4201,Oeste Catarinense,4,S,Sul,IBGE_API
4206504,Guaramirim,SC,Santa Catarina,42,42008,Joinville,4202,Norte Catarinense,4,S,Sul,IBGE_API
4206603,Guarujá do Sul,SC,Santa Catarina,42,42001,São Miguel do Oeste,4201,Oeste Catarinense,4,S,Sul,IBGE_API
4206652,Guatambú,SC,Santa Catarina,42,42002,Chapecó,4201,Oeste Catarinense,4,S,Sul,IBGE_API
4206702,Herval d'Oeste,SC,Santa Catarina,42,42004,Joaçaba,4201,Oeste Catarinense,4,S,Sul,IBGE_API
4206751,Ibiam,SC,Santa Catarina,42,42004,Joaçaba,4201,Oeste Catarinense,4,S,Sul,IBGE_API
4206801,Ibicaré,SC,Santa Catarina,42,42004,Joaçaba,4201,Oeste Catarinense,4,S,Sul,IBGE_API
4206900,Ibirama,SC,Santa Catarina,42,42011,Rio do Sul,4204,Vale do Itajaí,4,S,Sul,IBGE_API
4207007,Içara,SC,Santa Catarina,42,42019,Criciúma,4206,Sul Catarinense,4,S,Sul,IBGE_API
4207106,Ilhota,SC,Santa Catarina,42,42013,Itajaí,4204,Vale do Itajaí,4,S,Sul,IBGE_API
4207205,Imaruí,SC,Santa Catarina,42,42018,Tubarão,4206,Sul Catarinense,4,S,Sul,IBGE_API
4207304,Imbituba,SC,Santa Catarina,42,42018,Tubarão,4206,Sul Catarinense,4,S,Sul,IBGE_API
4207403,Imbuia,SC,Santa Catarina,42,42014,Ituporanga,4204,Vale do Itajaí,4,S,Sul,IBGE_API
4207502,Indaial,SC,Santa Catarina,42,42012,Blumenau,4204,Vale do Itajaí,4,S,Sul,IBGE_API
4207577,Iomerê,SC,Santa Catarina,42,42004,Joaçaba,4201,Oeste Catarinense,4,S,Sul,IBGE_API
4207601,Ipira,SC,Santa Catarina,42,42005,Concórdia,4201,Oeste Catarinense,4,S,Sul,IBGE_API
4207650,Iporã do Oeste,SC,Santa Catarina,42,42001,São Miguel do Oeste,4201,Oeste Catarinense,4,S,Sul,IBGE_API
4207684,Ipuaçu,SC,Santa Catarina,42,42003,Xanxerê,4201,Oeste Catarinense,4,S,Sul,IBGE_API
4207700,Ipumirim,SC,Santa Catarina,42,42005,Concórdia,4201,Oeste Catarinense,4,S,Sul,IBGE_API
4207759,Iraceminha,SC,Santa Catarina,42,42002,Chapecó,4201,Oeste Catarinense,4,S,Sul,IBGE_API
4207809,Irani,SC,Santa Catarina,42,42005,Concórdia,4201,Oeste Catarinense,4,S,Sul,IBGE_API
4207858,Irati,SC,Santa Catarina,42,42002,Chapecó,4201,Oeste Catarinense,4,S,Sul,IBGE_API
4207908,Irineópolis,SC,Santa Catarina,42,42006,Canoinhas,4202,Norte Catarinense,4,S,Sul,IBGE_API
4208005,Itá,SC,Santa Catarina,42,42005,Concórdia,4201,Oeste Catarinense,4,S,Sul,IBGE_API
4208104,Itaiópolis,SC,Santa Catarina,42,42006,Canoinhas,4202,Norte Catarinense,4,S,Sul,IBGE_API
4208203,Itajaí,SC,Santa Catarina,42,42013,Itajaí,4204,Vale do Itajaí,4,S,Sul,IBGE_API
4208302,Itapema,SC,Santa Catarina,42,42013,Itajaí,4204,Vale do Itajaí,4,S,Sul,IBGE_API
4208401,Itapiranga,SC,Santa Catarina,42,42001,São Miguel do Oeste,4201,Oeste Catarinense,4,S,Sul,IBGE_API
4208450,Itapoá,SC,Santa Catarina,42,42008,Joinville,4202,Norte Catarinense,4,S,Sul,IBGE_API
4208500,Ituporanga,SC,Santa Catarina,42,42014,Ituporanga,4204,Vale do Itajaí,4,S,Sul,IBGE_API
4208609,Jaborá,SC,Santa Catarina,42,42004,Joaçaba,4201,Oeste Catarinense,4,S,Sul,IBGE_API
4208708,Jacinto Machado,SC,Santa Catarina,42,42020,Araranguá,4206,Sul Catarinense,4,S,Sul,IBGE_API
4208807,Jaguaruna,SC,Santa Catarina,42,42018,Tubarão,4206,Sul Catarinense,4,S,Sul,IBGE_API
4208906,Jaraguá do Sul,SC,Santa Catarina,42,42008,Joinville,4202,Norte Catarinense,4,S,Sul,IBGE_API
4208955,Jardinópolis,SC,Santa Catarina,42,42002,Chapecó,4201,Oeste Catarinense,4,S,Sul,IBGE_API
4209003,Joaçaba,SC,Santa Catarina,42,42004,Joaçaba,4201,Oeste Catarinense,4,S,Sul,IBGE_API
4209102,Joinville,SC,Santa Catarina,42,42008,Joinville,4202,Norte Catarinense,4,S,Sul,IBGE_API
4209151,José Boiteux,SC,Santa Catarina,42,42011,Rio do Sul,4204,Vale do Itajaí,4,S,Sul,IBGE_API
4209177,Jupiá,SC,Santa Catarina,42,42003,Xanxerê,4201,Oeste Catarinense,4,S,Sul,IBGE_API
4209201,Lacerdópolis,SC,Santa Catarina,42,42004,Joaçaba,4201,Oeste Catarinense,4,S,Sul,IBGE_API
4209300,Lages,SC,Santa Catarina,42,42010,Campos de Lages,4203,Serrana,4,S,Sul,IBGE_API
4209409,Laguna,SC,Santa Catarina,42,42018,Tubarão,4206,Sul Catarinense,4,S,Sul,IBGE_API
4209458,Lajeado Grande,SC,Santa Catarina,42,42003,Xanxerê,4201,Oeste Catarinense,4,S,Sul,IBGE_API
4209508,Laurentino,SC,Santa Catarina,42,42011,Rio do Sul,4204,Vale do Itajaí,4,S,Sul,IBGE_API
4209607,Lauro Müller,SC,Santa Catarina,42,42019,Criciúma,4206,Sul Catarinense,4,S,Sul,IBGE_API
4209706,Lebon Régis,SC,Santa Catarina,42,42004,Joaçaba,4201,Oeste Catarinense,4,S,Sul,IBGE_API
4209805,Leoberto Leal,SC,Santa Catarina,42,42015,Tijucas,4205,Grande Florianópolis,4,S,Sul,IBGE_API
4209854,Lindóia do Sul,SC,Santa Catarina,42,42005,Concórdia,4201,Oeste Catarinense,4,S,Sul,IBGE_API
4209904,Lontras,SC,Santa Catarina,42,42011,Rio do Sul,4204,Vale do Itajaí,4,S,Sul,IBGE_API
4210001,Luiz Alves,SC,Santa Catarina,42,42012,Blumenau,4204,Vale do Itajaí,4,S,Sul,IBGE_API
4210035,Luzerna,SC,Santa Catarina,42,42004,Joaçaba,4201,Oeste Catarinense,4,S,Sul,IBGE_API
4210050,Macieira,SC,Santa Catarina,42,42004,Joaçaba,4201,Oeste Catarinense,4,S,Sul,IBGE_API
4210100,Mafra,SC,Santa Catarina,42,42006,Canoinhas,4202,Norte Catarinense,4,S,Sul,IBGE_API
4210209,Major Gercino,SC,Santa Catarina,42,42015,Tijucas,4205,Grande Florianópolis,4,S,Sul,IBGE_API
4210308,Major Vieira,SC,Santa Catarina,42,42006,Canoinhas,4202,Norte Catarinense,4,S,Sul,IBGE_API
4210407,Maracajá,SC,Santa Catarina,42,42020,Araranguá,4206,Sul Catarinense,4,S,Sul,IBGE_API
4210506,Maravilha,SC,Santa Catarina,42,42002,Chapecó,4201,Oeste Catarinense,4,S,Sul,IBGE_API
4210555,Marema,SC,Santa Catarina,42,42003,Xanxerê,4201,Oeste Catarinense,4,S,Sul,IBGE_API
4210605,Massaranduba,SC,Santa Catarina,42,42008,Joinville,4202,Norte Catarinense,4,S,Sul,IBGE_API
4210704,Matos Costa,SC,Santa Catarina,42,42004,Joaçaba,4201,Oeste Catarinense,4,S,Sul,IBGE_API
4210803,Meleiro,SC,Santa Catarina,42,42020,Araranguá,4206,Sul Catarinense,4,S,Sul,IBGE_API
4210852,Mirim Doce,SC,Santa Catarina,42,42011,Rio do Sul,4204,Vale do Itajaí,4,S,Sul,IBGE_API
4210902,Modelo,SC,Santa Catarina,42,42002,Chapecó,4201,Oeste Catarinense,4,S,Sul,IBGE_API
4211009,Mondaí,SC,Santa Catarina,42,42001,São Miguel do Oeste,4201,Oeste Catarinense,4,S,Sul,IBGE_API
4211058,Monte Carlo,SC,Santa Catarina,42,42009,Curitibanos,4203,Serrana,4,S,Sul,IBGE_API
4211108,Monte Castelo,SC,Santa Catarina,42,42006,Canoinhas,4202,Norte Catarinense,4,S,Sul,IBGE_API
4211207,Morro da Fumaça,SC,Santa Catarina,42,42019,Criciúma,4206,Sul Catarinense,4,S,Sul,IBGE_API
4211256,Morro Grande,SC,Santa Catarina,42,42020,Araranguá,4206,Sul Catarinense,4,S,Sul,IBGE_API
4211306,Navegantes,SC,Santa Catarina,42,42013,Itajaí,4204,Vale do Itajaí,4,S,Sul,IBGE_API
4211405,Nova Erechim,SC,Santa Catarina,42,42002,Chapecó,4201,Oeste Catarinense,4,S,Sul,IBGE_API
4211454,Nova Itaberaba,SC,Santa Catarina,42,42002,Chapecó,4201,Oeste Catarinense,4,S,Sul,IBGE_API
4211504,Nova Trento,SC,Santa Catarina,42,42015,Tijucas,4205,Grande Florianópolis,4,S,Sul,IBGE_API
4211603,Nova Veneza,SC,Santa Catarina,42,42019,Criciúma,4206,Sul Catarinense,4,S,Sul,IBGE_API
4211652,Novo Horizonte,SC,Santa Catarina,42,42002,Chapecó,4201,Oeste Catarinense,4,S,Sul,IBGE_API
4211702,Orleans,SC,Santa Catarina,42,42018,Tubarão,4206,Sul Catarinense,4,S,Sul,IBGE_API
4211751,Otacílio Costa,SC,Santa Catarina,42,42010,Campos de Lages,4203,Serrana,4,S,Sul,IBGE_API
4211801,Ouro,SC,Santa Catarina,42,42004,Joaçaba,4201,Oeste Catarinense,4,S,Sul,IBGE_API
4211850,Ouro Verde,SC,Santa Catarina,42,42003,Xanxerê,4201,Oeste Catarinense,4,S,Sul,IBGE_API
4211876,Paial,SC,Santa Catarina,42,42005,Concórdia,4201,Oeste Catarinense,4,S,Sul,IBGE_API
4211892,Painel,SC,Santa Catarina,42,42010,Campos de Lages,4203,Serrana,4,S,Sul,IBGE_API
4211900,Palhoça,SC,Santa Catarina,42,42016,Florianópolis,4205,Grande Florianópolis,4,S,Sul,IBGE_API
4212007,Palma Sola,SC,Santa Catarina,42,42001,São Miguel do Oeste,4201,Oeste Catarinense,4,S,Sul,IBGE_API
4212056,Palmeira,SC,Santa Catarina,42,42010,Campos de Lages,4203,Serrana,4,S,Sul,IBGE_API
4212106,Palmitos,SC,Santa Catarina,42,42002,Chapecó,4201,Oeste Catarinense,4,S,Sul,IBGE_API
4212205,Papanduva,SC,Santa Catarina,42,42006,Canoinhas,4202,Norte Catarinense,4,S,Sul,IBGE_API
4212239,Paraíso,SC,Santa Catarina,42,42001,São Miguel do Oeste,4201,Oeste Catarinense,4,S,Sul,IBGE_API
4212254,Passo de Torres,SC,Santa Catarina,42,42020,Araranguá,4206,Sul Catarinense,4,S,Sul,IBGE_API
4212270,Passos Maia,SC,Santa Catarina,42,42003,Xanxerê,4201,Oeste Catarinense,4,S,Sul,IBGE_API
4212304,Paulo Lopes,SC,Santa Catarina,42,42016,Florianópolis,4205,Grande Florianópolis,4,S,Sul,IBGE_API
4212403,Pedras Grandes,SC,Santa Catarina,42,42018,Tubarão,4206,Sul Catarinense,4,S,Sul,IBGE_API
4212502,Penha,SC,Santa Catarina,42,42013,Itajaí,4204,Vale do Itajaí,4,S,Sul,IBGE_API
4212601,Peritiba,SC,Santa Catarina,42,42005,Concórdia,4201,Oeste Catarinense,4,S,Sul,IBGE_API
4212650,Pescaria Brava,SC,Santa Catarina,42,42018,Tubarão,4206,Sul Catarinense,4,S,Sul,IBGE_API
4212700,Petrolândia,SC,Santa Catarina,42,42014,Ituporanga,4204,Vale do Itajaí,4,S,Sul,IBGE_API
4212809,Balneário Piçarras,SC,Santa Catarina,42,42013,Itajaí,4204,Vale do Itajaí,4,S,Sul,IBGE_API
4212908,Pinhalzinho,SC,Santa Catarina,42,42002,Chapecó,4201,Oeste Catarinense,4,S,Sul,IBGE_API
4213005,Pinheiro Preto,SC,Santa Catarina,42,42004,Joaçaba,4201,Oeste Catarinense,4,S,Sul,IBGE_API
4213104,Piratuba,SC,Santa Catarina,42,42005,Concórdia,4201,Oeste Catarinense,4,S,Sul,IBGE_API
4213153,Planalto Alegre,SC,Santa Catarina,42,42002,Chapecó,4201,Oeste Catarinense,4,S,Sul,IBGE_API
4213203,Pomerode,SC,Santa Catarina,42,42012,Blumenau,4204,Vale do Itajaí,4,S,Sul,IBGE_API
4213302,Ponte Alta,SC,Santa Catarina,42,42009,Curitibanos,4203,Serrana,4,S,Sul,IBGE_API
4213351,Ponte Alta do Norte,SC,Santa Catarina,42,42009,Curitibanos,4203,Serrana,4,S,Sul,IBGE_API
4213401,Ponte Serrada,SC,Santa Catarina,42,42003,Xanxerê,4201,Oeste Catarinense,4,S,Sul,IBGE_API
4213500,Porto Belo,SC,Santa Catarina,42,42013,Itajaí,4204,Vale do Itajaí,4,S,Sul,IBGE_API
4213609,Porto União,SC,Santa Catarina,42,42006,Canoinhas,4202,Norte Catarinense,4,S,Sul,IBGE_API
4213708,Pouso Redondo,SC,Santa Catarina,42,42011,Rio do Sul,4204,Vale do Itajaí,4,S,Sul,IBGE_API
4213807,Praia Grande,SC,Santa Catarina,42,42020,Araranguá,4206,Sul Catarinense,4,S,Sul,IBGE_API
4213906,Presidente Castello Branco,SC,Santa Catarina,42,42005,Concórdia,4201,Oeste Catarinense,4,S,Sul,IBGE_API
4214003,Presidente Getúlio,SC,Santa Catarina,42,42011,Rio do Sul,4204,Vale do Itajaí,4,S,Sul,IBGE_API
4214102,Presidente Nereu,SC,Santa Catarina,42,42011,Rio do Sul,4204,Vale do Itajaí,4,S,Sul,IBGE_API
4214151,Princesa,SC,Santa Catarina,42,42001,São Miguel do Oeste,4201,Oeste Catarinense,4,S,Sul,IBGE_API
4214201,Quilombo,SC,Santa Catarina,42,42002,Chapecó,4201,Oeste Catarinense,4,S,Sul,IBGE_API
4214300,Rancho Queimado,SC,Santa Catarina,42,42017,Tabuleiro,4205,Grande Florianópolis,4,S,Sul,IBGE_API
4214409,Rio das Antas,SC,Santa Catarina,42,42004,Joaçaba,4201,Oeste Catarinense,4,S,Sul,IBGE_API
4214508,Rio do Campo,SC,Santa Catarina,42,42011,Rio do Sul,4204,Vale do Itajaí,4,S,Sul,IBGE_API
4214607,Rio do Oeste,SC,Santa Catarina,42,42011,Rio do Sul,4204,Vale do Itajaí,4,S,Sul,IBGE_API
4214706,Rio dos Cedros,SC,Santa Catarina,42,42012,Blumenau,4204,Vale do Itajaí,4,S,Sul,IBGE_API
4214805,Rio do Sul,SC,Santa Catarina,42,42011,Rio do Sul,4204,Vale do Itajaí,4,S,Sul,IBGE_API
4214904,Rio Fortuna,SC,Santa Catarina,42,42018,Tubarão,4206,Sul Catarinense,4,S,Sul,IBGE_API
4215000,Rio Negrinho,SC,Santa Catarina,42,42007,São Bento do Sul,4202,Norte Catarinense,4,S,Sul,IBGE_API
4215059,Rio Rufino,SC,Santa Catarina,42,42010,Campos de Lages,4203,Serrana,4,S,Sul,IBGE_API
4215075,Riqueza,SC,Santa Catarina,42,42001,São Miguel do Oeste,4201,Oeste Catarinense,4,S,Sul,IBGE_API
4215109,Rodeio,SC,Santa Catarina,42,42012,Blumenau,4204,Vale do Itajaí,4,S,Sul,IBGE_API
4215208,Romelândia,SC,Santa Catarina,42,42001,São Miguel do Oeste,4201,Oeste Catarinense,4,S,Sul,IBGE_API
4215307,Salete,SC,Santa Catarina,42,42011,Rio do Sul,4204,Vale do Itajaí,4,S,Sul,IBGE_API
4215356,Saltinho,SC,Santa Catarina,42,42002,Chapecó,4201,Oeste Catarinense,4,S,Sul,IBGE_API
4215406,Salto Veloso,SC,Santa Catarina,42,42004,Joaçaba,4201,Oeste Catarinense,4,S,Sul,IBGE_API
4215455,Sangão,SC,Santa Catarina,42,42018,Tubarão,4206,Sul Catarinense,4,S,Sul,IBGE_API
4215505,Santa Cecília,SC,Santa Catarina,42,42009,Curitibanos,4203,Serrana,4,S,Sul,IBGE_API
4215554,Santa Helena,SC,Santa Catarina,42,42001,São Miguel do Oeste,4201,Oeste Catarinense,4,S,Sul,IBGE_API
4215604,Santa Rosa de Lima,SC,Santa Catarina,42,42018,Tubarão,4206,Sul Catarinense,4,S,Sul,IBGE_API
4215653,Santa Rosa do Sul,SC,Santa Catarina,42,42020,Araranguá,4206,Sul Catarinense,4,S,Sul,IBGE_API
4215679,Santa Terezinha,SC,Santa Catarina,42,42006,Canoinhas,4202,Norte Catarinense,4,S,Sul,IBGE_API
4215687,Santa Terezinha do Progresso,SC,Santa Catarina,42,42002,Chapecó,4201,Oeste Catarinense,4,S,Sul,IBGE_API
4215695,Santiago do Sul,SC,Santa Catarina,42,42002,Chapecó,4201,Oeste Catarinense,4,S,Sul,IBGE_API
4215703,Santo Amaro da Imperatriz,SC,Santa Catarina,42,42016,Florianópolis,4205,Grande Florianópolis,4,S,Sul,IBGE_API
4215752,São Bernardino,SC,Santa Catarina,42,42002,Chapecó,4201,Oeste Catarinense,4,S,Sul,IBGE_API
4215802,São Bento do Sul,SC,Santa Catarina,42,42007,São Bento do Sul,4202,Norte Catarinense,4,S,Sul,IBGE_API
4215901,São Bonifácio,SC,Santa Catarina,42,42017,Tabuleiro,4205,Grande Florianópolis,4,S,Sul,IBGE_API
4216008,São Carlos,SC,Santa Catarina,42,42002,Chapecó,4201,Oeste Catarinense,4,S,Sul,IBGE_API
4216057,São Cristóvão do Sul,SC,Santa Catarina,42,42009,Curitibanos,4203,Serrana,4,S,Sul,IBGE_API
4216107,São Domingos,SC,Santa Catarina,42,42003,Xanxerê,4201,Oeste Catarinense,4,S,Sul,IBGE_API
4216206,São Francisco do Sul,SC,Santa Catarina,42,42008,Joinville,4202,Norte Catarinense,4,S,Sul,IBGE_API
4216255,São João do Oeste,SC,Santa Catarina,42,42001,São Miguel do Oeste,4201,Oeste Catarinense,4,S,Sul,IBGE_API
4216305,São João Batista,SC,Santa Catarina,42,42015,Tijucas,4205,Grande Florianópolis,4,S,Sul,IBGE_API
4216354,São João do Itaperiú,SC,Santa Catarina,42,42013,Itajaí,4204,Vale do Itajaí,4,S,Sul,IBGE_API
4216404,São João do Sul,SC,Santa Catarina,42,42020,Araranguá,4206,Sul Catarinense,4,S,Sul,IBGE_API
4216503,São Joaquim,SC,Santa Catarina,42,42010,Campos de Lages,4203,Serrana,4,S,Sul,IBGE_API
4216602,São José,SC,Santa Catarina,42,42016,Florianópolis,4205,Grande Florianópolis,4,S,Sul,IBGE_API
4216701,São José do Cedro,SC,Santa Catarina,42,42001,São Miguel do Oeste,4201,Oeste Catarinense,4,S,Sul,IBGE_API
4216800,São José do Cerrito,SC,Santa Catarina,42,42010,Campos de Lages,4203,Serrana,4,S,Sul,IBGE_API
4216909,São Lourenço do Oeste,SC,Santa Catarina,42,42002,Chapecó,4201,Oeste Catarinense,4,S,Sul,IBGE_API
4217006,São Ludgero,SC,Santa Catarina,42,42018,Tubarão,4206,Sul Catarinense,4,S,Sul,IBGE_API
4217105,São Martinho,SC,Santa Catarina,42,42018,Tubarão,4206,Sul Catarinense,4,S,Sul,IBGE_API
4217154,São Miguel da Boa Vista,SC,Santa Catarina,42,42002,Chapecó,4201,Oeste Catarinense,4,S,Sul,IBGE_API
4217204,São Miguel do Oeste,SC,Santa Catarina,42,42001,São Miguel do Oeste,4201,Oeste Catarinense,4,S,Sul,IBGE_API
4217253,São Pedro de Alcântara,SC,Santa Catarina,42,42016,Florianópolis,4205,Grande Florianópolis,4,S,Sul,IBGE_API
4217303,Saudades,SC,Santa Catarina,42,42002,Chapecó,4201,Oeste Catarinense,4,S,Sul,IBGE_API
4217402,Schroeder,SC,Santa Catarina,42,42008,Joinville,4202,Norte Catarinense,4,S,Sul,IBGE_API
4217501,Seara,SC,Santa Catarina,42,42005,Concórdia,4201,Oeste Catarinense,4,S,Sul,IBGE_API
4217550,Serra Alta,SC,Santa Catarina,42,42002,Chapecó,4201,Oeste Catarinense,4,S,Sul,IBGE_API
4217600,Siderópolis,SC,Santa Catarina,42,42019,Criciúma,4206,Sul Catarinense,4,S,Sul,IBGE_API
4217709,Sombrio,SC,Santa Catarina,42,42020,Araranguá,4206,Sul Catarinense,4,S,Sul,IBGE_API
4217758,Sul Brasil,SC,Santa Catarina,42,42002,Chapecó,4201,Oeste Catarinense,4,S,Sul,IBGE_API
4217808,Taió,SC,Santa Catarina,42,42011,Rio do Sul,4204,Vale do Itajaí,4,S,Sul,IBGE_API
4217907,Tangará,SC,Santa Catarina,42,42004,Joaçaba,4201,Oeste Catarinense,4,S,Sul,IBGE_API
4217956,Tigrinhos,SC,Santa Catarina,42,42002,Chapecó,4201,Oeste Catarinense,4,S,Sul,IBGE_API
4218004,Tijucas,SC,Santa Catarina,42,42015,Tijucas,4205,Grande Florianópolis,4,S,Sul,IBGE_API
4218103,Timbé do Sul,SC,Santa Catarina,42,42020,Araranguá,4206,Sul Catarinense,4,S,Sul,IBGE_API
4218202,Timbó,SC,Santa Catarina,42,42012,Blumenau,4204,Vale do Itajaí,4,S,Sul,IBGE_API
4218251,Timbó Grande,SC,Santa Catarina,42,42006,Canoinhas,4202,Norte Catarinense,4,S,Sul,IBGE_API
4218301,Três Barras,SC,Santa Catarina,42,42006,Canoinhas,4202,Norte Catarinense,4,S,Sul,IBGE_API
4218350,Treviso,SC,Santa Catarina,42,42019,Criciúma,4206,Sul Catarinense,4,S,Sul,IBGE_API
4218400,Treze de Maio,SC,Santa Catarina,42,42018,Tubarão,4206,Sul Catarinense,4,S,Sul,IBGE_API
4218509,Treze Tílias,SC,Santa Catarina,42,42004,Joaçaba,4201,Oeste Catarinense,4,S,Sul,IBGE_API
4218608,Trombudo Central,SC,Santa Catarina,42,42011,Rio do Sul,4204,Vale do Itajaí,4,S,Sul,IBGE_API
4218707,Tubarão,SC,Santa Catarina,42,42018,Tubarão,4206,Sul Catarinense,4,S,Sul,IBGE_API
4218756,Tunápolis,SC,Santa Catarina,42,42001,São Miguel do Oeste,4201,Oeste Catarinense,4,S,Sul,IBGE_API
4218806,Turvo,SC,Santa Catarina,42,42020,Araranguá,4206,Sul Catarinense,4,S,Sul,IBGE_API
4218855,União do Oeste,SC,Santa Catarina,42,42002,Chapecó,4201,Oeste Catarinense,4,S,Sul,IBGE_API
4218905,Urubici,SC,Santa Catarina,42,42010,Campos de Lages,4203,Serrana,4,S,Sul,IBGE_API
4218954,Urupema,SC,Santa Catarina,42,42010,Campos de Lages,4203,Serrana,4,S,Sul,IBGE_API
4219002,Urussanga,SC,Santa Catarina,42,42019,Criciúma,4206,Sul Catarinense,4,S,Sul,IBGE_API
4219101,Vargeão,SC,Santa Catarina,42,42003,Xanxerê,4201,Oeste Catarinense,4,S,Sul,IBGE_API
4219150,Vargem,SC,Santa Catarina,42,42009,Curitibanos,4203,Serrana,4,S,Sul,IBGE_API
4219176,Vargem Bonita,SC,Santa Catarina,42,42004,Joaçaba,4201,Oeste Catarinense,4,S,Sul,IBGE_API
4219200,Vidal Ramos,SC,Santa Catarina,42,42014,Ituporanga,4204,Vale do Itajaí,4,S,Sul,IBGE_API
4219309,Videira,SC,Santa Catarina,42,42004,Joaçaba,4201,Oeste Catarinense,4,S,Sul,IBGE_API
4219358,Vitor Meireles,SC,Santa Catarina,42,42011,Rio do Sul,4204,Vale do Itajaí,4,S,Sul,IBGE_API
4219408,Witmarsum,SC,Santa Catarina,42,42011,Rio do Sul,4204,Vale do Itajaí,4,S,Sul,IBGE_API
4219507,Xanxerê,SC,Santa Catarina,42,42003,Xanxerê,4201,Oeste Catarinense,4,S,Sul,IBGE_API
4219606,Xavantina,SC,Santa Catarina,42,42005,Concórdia,4201,Oeste Catarinense,4,S,Sul,IBGE_API
4219705,Xaxim,SC,Santa Catarina,42,42003,Xanxerê,4201,Oeste Catarinense,4,S,Sul,IBGE_API
4219853,Zortéa,SC,Santa Catarina,42,42009,Curitibanos,4203,Serrana,4,S,Sul,IBGE_API
4220000,Balneário Rincão,SC,Santa Catarina,42,42019,Criciúma,4206,Sul Catarinense,4,S,Sul,IBGE_API
4300034,Aceguá,RS,Rio Grande do Sul,43,43031,Campanha Meridional,4306,Sudoeste Rio-grandense,4,S,Sul,IBGE_API
4300059,Água Santa,RS,Rio Grande do Sul,43,43010,Passo Fundo,4301,Noroeste Rio-grandense,4,S,Sul,IBGE_API
4300109,Agudo,RS,Rio Grande do Sul,43,43019,Restinga Seca,4303,Centro Ocidental Rio-grandense,4,S,Sul,IBGE_API
4300208,Ajuricaba,RS,Rio Grande do Sul,43,43008,Ijuí,4301,Noroeste Rio-grandense,4,S,Sul,IBGE_API
4300307,Alecrim,RS,Rio Grande do Sul,43,43001,Santa Rosa,4301,Noroeste Rio-grandense,4,S,Sul,IBGE_API
4300406,Alegrete,RS,Rio Grande do Sul,43,43029,Campanha Ocidental,4306,Sudoeste Rio-grandense,4,S,Sul,IBGE_API
4300455,Alegria,RS,Rio Grande do Sul,43,43008,Ijuí,4301,Noroeste Rio-grandense,4,S,Sul,IBGE_API
4300471,Almirante Tamandaré do Sul,RS,Rio Grande do Sul,43,43009,Carazinho,4301,Noroeste Rio-grandense,4,S,Sul,IBGE_API
4300505,Alpestre,RS,Rio Grande do Sul,43,43003,Frederico Westphalen,4301,Noroeste Rio-grandense,4,S,Sul,IBGE_API
4300554,Alto Alegre,RS,Rio Grande do Sul,43,43011,Cruz Alta,4301,Noroeste Rio-grandense,4,S,Sul,IBGE_API
4300570,Alto Feliz,RS,Rio Grande do Sul,43,43023,Montenegro,4305,Metropolitana de Porto Alegre,4,S,Sul,IBGE_API
4300604,Alvorada,RS,Rio Grande do Sul,43,43026,Porto Alegre,4305,Metropolitana de Porto Alegre,4,S,Sul,IBGE_API
4300638,Amaral Ferrador,RS,Rio Grande do Sul,43,43032,Serras de Sudeste,4307,Sudeste Rio-grandense,4,S,Sul,IBGE_API
4300646,Ametista do Sul,RS,Rio Grande do Sul,43,43003,Frederico Westphalen,4301,Noroeste Rio-grandense,4,S,Sul,IBGE_API
4300661,André da Rocha,RS,Rio Grande do Sul,43,43014,Guaporé,4302,Nordeste Rio-grandense,4,S,Sul,IBGE_API
4300703,Anta Gorda,RS,Rio Grande do Sul,43,43014,Guaporé,4302,Nordeste Rio-grandense,4,S,Sul,IBGE_API
4300802,Antônio Prado,RS,Rio Grande do Sul,43,43016,Caxias do Sul,4302,Nordeste Rio-grandense,4,S,Sul,IBGE_API
4300851,Arambaré,RS,Rio Grande do Sul,43,43028,Camaquã,4305,Metropolitana de Porto Alegre,4,S,Sul,IBGE_API
4300877,Araricá,RS,Rio Grande do Sul,43,43026,Porto Alegre,4305,Metropolitana de Porto Alegre,4,S,Sul,IBGE_API
4300901,Aratiba,RS,Rio Grande do Sul,43,43004,Erechim,4301,Noroeste Rio-grandense,4,S,Sul,IBGE_API
4301008,Arroio do Meio,RS,Rio Grande do Sul,43,43021,Lajeado-Estrela,4304,Centro Oriental Rio-grandense,4,S,Sul,IBGE_API
4301057,Arroio do Sal,RS,Rio Grande do Sul,43,43027,Osório,4305,Metropolitana de Porto Alegre,4,S,Sul,IBGE_API
4301073,Arroio do Padre,RS,Rio Grande do Sul,43,43033,Pelotas,4307,Sudeste Rio-grandense,4,S,Sul,IBGE_API
4301107,Arroio dos Ratos,RS,Rio Grande do Sul,43,43025,São Jerônimo,4305,Metropolitana de Porto Alegre,4,S,Sul,IBGE_API
4301206,Arroio do Tigre,RS,Rio Grande do Sul,43,43020,Santa Cruz do Sul,4304,Centro Oriental Rio-grandense,4,S,Sul,IBGE_API
4301305,Arroio Grande,RS,Rio Grande do Sul,43,43034,Jaguarão,4307,Sudeste Rio-grandense,4,S,Sul,IBGE_API
4301404,Arvorezinha,RS,Rio Grande do Sul,43,43014,Guaporé,4302,Nordeste Rio-grandense,4,S,Sul,IBGE_API
4301503,Augusto Pestana,RS,Rio Grande do Sul,43,43008,Ijuí,4301,Noroeste Rio-grandense,4,S,Sul,IBGE_API
4301552,Áurea,RS,Rio Grande do Sul,43,43004,Erechim,4301,Noroeste Rio-grandense,4,S,Sul,IBGE_API
4301602,Bagé,RS,Rio Grande do Sul,43,43031,Campanha Meridional,4306,Sudoeste Rio-grandense,4,S,Sul,IBGE_API
4301636,Balneário Pinhal,RS,Rio Grande do Sul,43,43027,Osório,4305,Metropolitana de Porto Alegre,4,S,Sul,IBGE_API
4301651,Barão,RS,Rio Grande do Sul,43,43023,Montenegro,4305,Metropolitana de Porto Alegre,4,S,Sul,IBGE_API
4301701,Barão de Cotegipe,RS,Rio Grande do Sul,43,43004,Erechim,4301,Noroeste Rio-grandense,4,S,Sul,IBGE_API
4301750,Barão do Triunfo,RS,Rio Grande do Sul,43,43025,São Jerônimo,4305,Metropolitana de Porto Alegre,4,S,Sul,IBGE_API
4301800,Barracão,RS,Rio Grande do Sul,43,43005,Sananduva,4301,Noroeste Rio-grandense,4,S,Sul,IBGE_API
4301859,Barra do Guarita,RS,Rio Grande do Sul,43,43002,Três Passos,4301,Noroeste Rio-grandense,4,S,Sul,IBGE_API
4301875,Barra do Quaraí,RS,Rio Grande do Sul,43,43029,Campanha Ocidental,4306,Sudoeste Rio-grandense,4,S,Sul,IBGE_API
4301909,Barra do Ribeiro,RS,Rio Grande do Sul,43,43028,Camaquã,4305,Metropolitana de Porto Alegre,4,S,Sul,IBGE_API
4301925,Barra do Rio Azul,RS,Rio Grande do Sul,43,43004,Erechim,4301,Noroeste Rio-grandense,4,S,Sul,IBGE_API
4301958,Barra Funda,RS,Rio Grande do Sul,43,43009,Carazinho,4301,Noroeste Rio-grandense,4,S,Sul,IBGE_API
4302006,Barros Cassal,RS,Rio Grande do Sul,43,43013,Soledade,4301,Noroeste Rio-grandense,4,S,Sul,IBGE_API
4302055,Benjamin Constant do Sul,RS,Rio Grande do Sul,43,43004,Erechim,4301,Noroeste Rio-grandense,4,S,Sul,IBGE_API
4302105,Bento Gonçalves,RS,Rio Grande do Sul,43,43016,Caxias do Sul,4302,Nordeste Rio-grandense,4,S,Sul,IBGE_API
4302154,Boa Vista das Missões,RS,Rio Grande do Sul,43,43009,Carazinho,4301,Noroeste Rio-grandense,4,S,Sul,IBGE_API
4302204,Boa Vista do Buricá,RS,Rio Grande do Sul,43,43002,Três Passos,4301,Noroeste Rio-grandense,4,S,Sul,IBGE_API
4302220,Boa Vista do Cadeado,RS,Rio Grande do Sul,43,43011,Cruz Alta,4301,Noroeste Rio-grandense,4,S,Sul,IBGE_API
4302238,Boa Vista do Incra,RS,Rio Grande do Sul,43,43011,Cruz Alta,4301,Noroeste Rio-grandense,4,S,Sul,IBGE_API
4302253,Boa Vista do Sul,RS,Rio Grande do Sul,43,43016,Caxias do Sul,4302,Nordeste Rio-grandense,4,S,Sul,IBGE_API
4302303,Bom Jesus,RS,Rio Grande do Sul,43,43015,Vacaria,4302,Nordeste Rio-grandense,4,S,Sul,IBGE_API
4302352,Bom Princípio,RS,Rio Grande do Sul,43,43023,Montenegro,4305,Metropolitana de Porto Alegre,4,S,Sul,IBGE_API
4302378,Bom Progresso,RS,Rio Grande do Sul,43,43002,Três Passos,4301,Noroeste Rio-grandense,4,S,Sul,IBGE_API
4302402,Bom Retiro do Sul,RS,Rio Grande do Sul,43,43021,Lajeado-Estrela,4304,Centro Oriental Rio-grandense,4,S,Sul,IBGE_API
4302451,Boqueirão do Leão,RS,Rio Grande do Sul,43,43021,Lajeado-Estrela,4304,Centro Oriental Rio-grandense,4,S,Sul,IBGE_API
4302501,Bossoroca,RS,Rio Grande do Sul,43,43007,Santo Ângelo,4301,Noroeste Rio-grandense,4,S,Sul,IBGE_API
4302584,Bozano,RS,Rio Grande do Sul,43,43008,Ijuí,4301,Noroeste Rio-grandense,4,S,Sul,IBGE_API
4302600,Braga,RS,Rio Grande do Sul,43,43002,Três Passos,4301,Noroeste Rio-grandense,4,S,Sul,IBGE_API
4302659,Brochier,RS,Rio Grande do Sul,43,43023,Montenegro,4305,Metropolitana de Porto Alegre,4,S,Sul,IBGE_API
4302709,Butiá,RS,Rio Grande do Sul,43,43025,São Jerônimo,4305,Metropolitana de Porto Alegre,4,S,Sul,IBGE_API
4302808,Caçapava do Sul,RS,Rio Grande do Sul,43,43032,Serras de Sudeste,4307,Sudeste Rio-grandense,4,S,Sul,IBGE_API
4302907,Cacequi,RS,Rio Grande do Sul,43,43018,Santa Maria,4303,Centro Ocidental Rio-grandense,4,S,Sul,IBGE_API
4303004,Cachoeira do Sul,RS,Rio Grande do Sul,43,43022,Cachoeira do Sul,4304,Centro Oriental Rio-grandense,4,S,Sul,IBGE_API
4303103,Cachoeirinha,RS,Rio Grande do Sul,43,43026,Porto Alegre,4305,Metropolitana de Porto Alegre,4,S,Sul,IBGE_API
4303202,Cacique Doble,RS,Rio Grande do Sul,43,43005,Sananduva,4301,Noroeste Rio-grandense,4,S,Sul,IBGE_API
4303301,Caibaté,RS,Rio Grande do Sul,43,43006,Cerro Largo,4301,Noroeste Rio-grandense,4,S,Sul,IBGE_API
4303400,Caiçara,RS,Rio Grande do Sul,43,43003,Frederico Westphalen,4301,Noroeste Rio-grandense,4,S,Sul,IBGE_API
4303509,Camaquã,RS,Rio Grande do Sul,43,43028,Camaquã,4305,Metropolitana de Porto Alegre,4,S,Sul,IBGE_API
4303558,Camargo,RS,Rio Grande do Sul,43,43010,Passo Fundo,4301,Noroeste Rio-grandense,4,S,Sul,IBGE_API
4303608,Cambará do Sul,RS,Rio Grande do Sul,43,43015,Vacaria,4302,Nordeste Rio-grandense,4,S,Sul,IBGE_API
4303673,Campestre da Serra,RS,Rio Grande do Sul,43,43015,Vacaria,4302,Nordeste Rio-grandense,4,S,Sul,IBGE_API
4303707,Campina das Missões,RS,Rio Grande do Sul,43,43006,Cerro Largo,4301,Noroeste Rio-grandense,4,S,Sul,IBGE_API
4303806,Campinas do Sul,RS,Rio Grande do Sul,43,43004,Erechim,4301,Noroeste Rio-grandense,4,S,Sul,IBGE_API
4303905,Campo Bom,RS,Rio Grande do Sul,43,43026,Porto Alegre,4305,Metropolitana de Porto Alegre,4,S,Sul,IBGE_API
4304002,Campo Novo,RS,Rio Grande do Sul,43,43002,Três Passos,4301,Noroeste Rio-grandense,4,S,Sul,IBGE_API
4304101,Campos Borges,RS,Rio Grande do Sul,43,43011,Cruz Alta,4301,Noroeste Rio-grandense,4,S,Sul,IBGE_API
4304200,Candelária,RS,Rio Grande do Sul,43,43020,Santa Cruz do Sul,4304,Centro Oriental Rio-grandense,4,S,Sul,IBGE_API
4304309,Cândido Godói,RS,Rio Grande do Sul,43,43001,Santa Rosa,4301,Noroeste Rio-grandense,4,S,Sul,IBGE_API
4304358,Candiota,RS,Rio Grande do Sul,43,43032,Serras de Sudeste,4307,Sudeste Rio-grandense,4,S,Sul,IBGE_API
4304408,Canela,RS,Rio Grande do Sul,43,43024,Gramado-Canela,4305,Metropolitana de Porto Alegre,4,S,Sul,IBGE_API
4304507,Canguçu,RS,Rio Grande do Sul,43,43033,Pelotas,4307,Sudeste Rio-grandense,4,S,Sul,IBGE_API
4304606,Canoas,RS,Rio Grande do Sul,43,43026,Porto Alegre,4305,Metropolitana de Porto Alegre,4,S,Sul,IBGE_API
4304614,Canudos do Vale,RS,Rio Grande do Sul,43,43021,Lajeado-Estrela,4304,Centro Oriental Rio-grandense,4,S,Sul,IBGE_API
4304622,Capão Bonito do Sul,RS,Rio Grande do Sul,43,43015,Vacaria,4302,Nordeste Rio-grandense,4,S,Sul,IBGE_API
4304630,Capão da Canoa,RS,Rio Grande do Sul,43,43027,Osório,4305,Metropolitana de Porto Alegre,4,S,Sul,IBGE_API
4304655,Capão do Cipó,RS,Rio Grande do Sul,43,43017,Santiago,4303,Centro Ocidental Rio-grandense,4,S,Sul,IBGE_API
4304663,Capão do Leão,RS,Rio Grande do Sul,43,43033,Pelotas,4307,Sudeste Rio-grandense,4,S,Sul,IBGE_API
4304671,Capivari do Sul,RS,Rio Grande do Sul,43,43027,Osório,4305,Metropolitana de Porto Alegre,4,S,Sul,IBGE_API
4304689,Capela de Santana,RS,Rio Grande do Sul,43,43023,Montenegro,4305,Metropolitana de Porto Alegre,4,S,Sul,IBGE_API
4304697,Capitão,RS,Rio Grande do Sul,43,43021,Lajeado-Estrela,4304,Centro Oriental Rio-grandense,4,S,Sul,IBGE_API
4304705,Carazinho,RS,Rio Grande do Sul,43,43009,Carazinho,4301,Noroeste Rio-grandense,4,S,Sul,IBGE_API
4304713,Caraá,RS,Rio Grande do Sul,43,43027,Osório,4305,Metropolitana de Porto Alegre,4,S,Sul,IBGE_API
4304804,Carlos Barbosa,RS,Rio Grande do Sul,43,43016,Caxias do Sul,4302,Nordeste Rio-grandense,4,S,Sul,IBGE_API
4304853,Carlos Gomes,RS,Rio Grande do Sul,43,43004,Erechim,4301,Noroeste Rio-grandense,4,S,Sul,IBGE_API
4304903,Casca,RS,Rio Grande do Sul,43,43010,Passo Fundo,4301,Noroeste Rio-grandense,4,S,Sul,IBGE_API
4304952,Caseiros,RS,Rio Grande do Sul,43,43010,Passo Fundo,4301,Noroeste Rio-grandense,4,S,Sul,IBGE_API
4305009,Catuípe,RS,Rio Grande do Sul,43,43007,Santo Ângelo,4301,Noroeste Rio-grandense,4,S,Sul,IBGE_API
4305108,Caxias do Sul,RS,Rio Grande do Sul,43,43016,Caxias do Sul,4302,Nordeste Rio-grandense,4,S,Sul,IBGE_API
4305116,Centenário,RS,Rio Grande do Sul,43,43004,Erechim,4301,Noroeste Rio-grandense,4,S,Sul,IBGE_API
4305124,Cerrito,RS,Rio Grande do Sul,43,43033,Pelotas,4307,Sudeste Rio-grandense,4,S,Sul,IBGE_API
4305132,Cerro Branco,RS,Rio Grande do Sul,43,43022,Cachoeira do Sul,4304,Centro Oriental Rio-grandense,4,S,Sul,IBGE_API
4305157,Cerro Grande,RS,Rio Grande do Sul,43,43009,Carazinho,4301,Noroeste Rio-grandense,4,S,Sul,IBGE_API
4305173,Cerro Grande do Sul,RS,Rio Grande do Sul,43,43028,Camaquã,4305,Metropolitana de Porto Alegre,4,S,Sul,IBGE_API
4305207,Cerro Largo,RS,Rio Grande do Sul,43,43006,Cerro Largo,4301,Noroeste Rio-grandense,4,S,Sul,IBGE_API
4305306,Chapada,RS,Rio Grande do Sul,43,43009,Carazinho,4301,Noroeste Rio-grandense,4,S,Sul,IBGE_API
4305355,Charqueadas,RS,Rio Grande do Sul,43,43025,São Jerônimo,4305,Metropolitana de Porto Alegre,4,S,Sul,IBGE_API
4305371,Charrua,RS,Rio Grande do Sul,43,43010,Passo Fundo,4301,Noroeste Rio-grandense,4,S,Sul,IBGE_API
4305405,Chiapetta,RS,Rio Grande do Sul,43,43008,Ijuí,4301,Noroeste Rio-grandense,4,S,Sul,IBGE_API
4305439,Chuí,RS,Rio Grande do Sul,43,43035,Litoral Lagunar,4307,Sudeste Rio-grandense,4,S,Sul,IBGE_API
4305447,Chuvisca,RS,Rio Grande do Sul,43,43028,Camaquã,4305,Metropolitana de Porto Alegre,4,S,Sul,IBGE_API
4305454,Cidreira,RS,Rio Grande do Sul,43,43027,Osório,4305,Metropolitana de Porto Alegre,4,S,Sul,IBGE_API
4305504,Ciríaco,RS,Rio Grande do Sul,43,43010,Passo Fundo,4301,Noroeste Rio-grandense,4,S,Sul,IBGE_API
4305587,Colinas,RS,Rio Grande do Sul,43,43021,Lajeado-Estrela,4304,Centro Oriental Rio-grandense,4,S,Sul,IBGE_API
4305603,Colorado,RS,Rio Grande do Sul,43,43012,Não-Me-Toque,4301,Noroeste Rio-grandense,4,S,Sul,IBGE_API
4305702,Condor,RS,Rio Grande do Sul,43,43008,Ijuí,4301,Noroeste Rio-grandense,4,S,Sul,IBGE_API
4305801,Constantina,RS,Rio Grande do Sul,43,43003,Frederico Westphalen,4301,Noroeste Rio-grandense,4,S,Sul,IBGE_API
4305835,Coqueiro Baixo,RS,Rio Grande do Sul,43,43021,Lajeado-Estrela,4304,Centro Oriental Rio-grandense,4,S,Sul,IBGE_API
4305850,Coqueiros do Sul,RS,Rio Grande do Sul,43,43009,Carazinho,4301,Noroeste Rio-grandense,4,S,Sul,IBGE_API
4305871,Coronel Barros,RS,Rio Grande do Sul,43,43008,Ijuí,4301,Noroeste Rio-grandense,4,S,Sul,IBGE_API
4305900,Coronel Bicaco,RS,Rio Grande do Sul,43,43008,Ijuí,4301,Noroeste Rio-grandense,4,S,Sul,IBGE_API
4305934,Coronel Pilar,RS,Rio Grande do Sul,43,43016,Caxias do Sul,4302,Nordeste Rio-grandense,4,S,Sul,IBGE_API
4305959,Cotiporã,RS,Rio Grande do Sul,43,43016,Caxias do Sul,4302,Nordeste Rio-grandense,4,S,Sul,IBGE_API
4305975,Coxilha,RS,Rio Grande do Sul,43,43010,Passo Fundo,4301,Noroeste Rio-grandense,4,S,Sul,IBGE_API
4306007,Crissiumal,RS,Rio Grande do Sul,43,43002,Três Passos,4301,Noroeste Rio-grandense,4,S,Sul,IBGE_API
4306056,Cristal,RS,Rio Grande do Sul,43,43033,Pelotas,4307,Sudeste Rio-grandense,4,S,Sul,IBGE_API
4306072,Cristal do Sul,RS,Rio Grande do Sul,43,43003,Frederico Westphalen,4301,Noroeste Rio-grandense,4,S,Sul,IBGE_API
4306106,Cruz Alta,RS,Rio Grande do Sul,43,43011,Cruz Alta,4301,Noroeste Rio-grandense,4,S,Sul,IBGE_API
4306130,Cruzaltense,RS,Rio Grande do Sul,43,43004,Erechim,4301,Noroeste Rio-grandense,4,S,Sul,IBGE_API
4306205,Cruzeiro do Sul,RS,Rio Grande do Sul,43,43021,Lajeado-Estrela,4304,Centro Oriental Rio-grandense,4,S,Sul,IBGE_API
4306304,David Canabarro,RS,Rio Grande do Sul,43,43010,Passo Fundo,4301,Noroeste Rio-grandense,4,S,Sul,IBGE_API
4306320,Derrubadas,RS,Rio Grande do Sul,43,43002,Três Passos,4301,Noroeste Rio-grandense,4,S,Sul,IBGE_API
4306353,Dezesseis de Novembro,RS,Rio Grande do Sul,43,43007,Santo Ângelo,4301,Noroeste Rio-grandense,4,S,Sul,IBGE_API
4306379,Dilermando de Aguiar,RS,Rio Grande do Sul,43,43018,Santa Maria,4303,Centro Ocidental Rio-grandense,4,S,Sul,IBGE_API
4306403,Dois Irmãos,RS,Rio Grande do Sul,43,43024,Gramado-Canela,4305,Metropolitana de Porto Alegre,4,S,Sul,IBGE_API
4306429,Dois Irmãos das Missões,RS,Rio Grande do Sul,43,43003,Frederico Westphalen,4301,Noroeste Rio-grandense,4,S,Sul,IBGE_API
4306452,Dois Lajeados,RS,Rio Grande do Sul,43,43014,Guaporé,4302,Nordeste Rio-grandense,4,S,Sul,IBGE_API
4306502,Dom Feliciano,RS,Rio Grande do Sul,43,43028,Camaquã,4305,Metropolitana de Porto Alegre,4,S,Sul,IBGE_API
4306551,Dom Pedro de Alcântara,RS,Rio Grande do Sul,43,43027,Osório,4305,Metropolitana de Porto Alegre,4,S,Sul,IBGE_API
4306601,Dom Pedrito,RS,Rio Grande do Sul,43,43031,Campanha Meridional,4306,Sudoeste Rio-grandense,4,S,Sul,IBGE_API
4306700,Dona Francisca,RS,Rio Grande do Sul,43,43019,Restinga Seca,4303,Centro Ocidental Rio-grandense,4,S,Sul,IBGE_API
4306734,Doutor Maurício Cardoso,RS,Rio Grande do Sul,43,43002,Três Passos,4301,Noroeste Rio-grandense,4,S,Sul,IBGE_API
4306759,Doutor Ricardo,RS,Rio Grande do Sul,43,43021,Lajeado-Estrela,4304,Centro Oriental Rio-grandense,4,S,Sul,IBGE_API
4306767,Eldorado do Sul,RS,Rio Grande do Sul,43,43026,Porto Alegre,4305,Metropolitana de Porto Alegre,4,S,Sul,IBGE_API
4306809,Encantado,RS,Rio Grande do Sul,43,43021,Lajeado-Estrela,4304,Centro Oriental Rio-grandense,4,S,Sul,IBGE_API
4306908,Encruzilhada do Sul,RS,Rio Grande do Sul,43,43032,Serras de Sudeste,4307,Sudeste Rio-grandense,4,S,Sul,IBGE_API
4306924,Engenho Velho,RS,Rio Grande do Sul,43,43003,Frederico Westphalen,4301,Noroeste Rio-grandense,4,S,Sul,IBGE_API
4306932,Entre-Ijuís,RS,Rio Grande do Sul,43,43007,Santo Ângelo,4301,Noroeste Rio-grandense,4,S,Sul,IBGE_API
4306957,Entre Rios do Sul,RS,Rio Grande do Sul,43,43004,Erechim,4301,Noroeste Rio-grandense,4,S,Sul,IBGE_API
4306973,Erebango,RS,Rio Grande do Sul,43,43004,Erechim,4301,Noroeste Rio-grandense,4,S,Sul,IBGE_API
4307005,Erechim,RS,Rio Grande do Sul,43,43004,Erechim,4301,Noroeste Rio-grandense,4,S,Sul,IBGE_API
4307054,Ernestina,RS,Rio Grande do Sul,43,43010,Passo Fundo,4301,Noroeste Rio-grandense,4,S,Sul,IBGE_API
4307104,Herval,RS,Rio Grande do Sul,43,43034,Jaguarão,4307,Sudeste Rio-grandense,4,S,Sul,IBGE_API
4307203,Erval Grande,RS,Rio Grande do Sul,43,43004,Erechim,4301,Noroeste Rio-grandense,4,S,Sul,IBGE_API
4307302,Erval Seco,RS,Rio Grande do Sul,43,43003,Frederico Westphalen,4301,Noroeste Rio-grandense,4,S,Sul,IBGE_API
4307401,Esmeralda,RS,Rio Grande do Sul,43,43015,Vacaria,4302,Nordeste Rio-grandense,4,S,Sul,IBGE_API
4307450,Esperança do Sul,RS,Rio Grande do Sul,43,43002,Três Passos,4301,Noroeste Rio-grandense,4,S,Sul,IBGE_API
4307500,Espumoso,RS,Rio Grande do Sul,43,43011,Cruz Alta,4301,Noroeste Rio-grandense,4,S,Sul,IBGE_API
4307559,Estação,RS,Rio Grande do Sul,43,43004,Erechim,4301,Noroeste Rio-grandense,4,S,Sul,IBGE_API
4307609,Estância Velha,RS,Rio Grande do Sul,43,43026,Porto Alegre,4305,Metropolitana de Porto Alegre,4,S,Sul,IBGE_API
4307708,Esteio,RS,Rio Grande do Sul,43,43026,Porto Alegre,4305,Metropolitana de Porto Alegre,4,S,Sul,IBGE_API
4307807,Estrela,RS,Rio Grande do Sul,43,43021,Lajeado-Estrela,4304,Centro Oriental Rio-grandense,4,S,Sul,IBGE_API
4307815,Estrela Velha,RS,Rio Grande do Sul,43,43020,Santa Cruz do Sul,4304,Centro Oriental Rio-grandense,4,S,Sul,IBGE_API
4307831,Eugênio de Castro,RS,Rio Grande do Sul,43,43007,Santo Ângelo,4301,Noroeste Rio-grandense,4,S,Sul,IBGE_API
4307864,Fagundes Varela,RS,Rio Grande do Sul,43,43016,Caxias do Sul,4302,Nordeste Rio-grandense,4,S,Sul,IBGE_API
4307906,Farroupilha,RS,Rio Grande do Sul,43,43016,Caxias do Sul,4302,Nordeste Rio-grandense,4,S,Sul,IBGE_API
4308003,Faxinal do Soturno,RS,Rio Grande do Sul,43,43019,Restinga Seca,4303,Centro Ocidental Rio-grandense,4,S,Sul,IBGE_API
4308052,Faxinalzinho,RS,Rio Grande do Sul,43,43004,Erechim,4301,Noroeste Rio-grandense,4,S,Sul,IBGE_API
4308078,Fazenda Vilanova,RS,Rio Grande do Sul,43,43021,Lajeado-Estrela,4304,Centro Oriental Rio-grandense,4,S,Sul,IBGE_API
4308102,Feliz,RS,Rio Grande do Sul,43,43023,Montenegro,4305,Metropolitana de Porto Alegre,4,S,Sul,IBGE_API
4308201,Flores da Cunha,RS,Rio Grande do Sul,43,43016,Caxias do Sul,4302,Nordeste Rio-grandense,4,S,Sul,IBGE_API
4308250,Floriano Peixoto,RS,Rio Grande do Sul,43,43004,Erechim,4301,Noroeste Rio-grandense,4,S,Sul,IBGE_API
4308300,Fontoura Xavier,RS,Rio Grande do Sul,43,43013,Soledade,4301,Noroeste Rio-grandense,4,S,Sul,IBGE_API
4308409,Formigueiro,RS,Rio Grande do Sul,43,43019,Restinga Seca,4303,Centro Ocidental Rio-grandense,4,S,Sul,IBGE_API
4308433,Forquetinha,RS,Rio Grande do Sul,43,43021,Lajeado-Estrela,4304,Centro Oriental Rio-grandense,4,S,Sul,IBGE_API
4308458,Fortaleza dos Valos,RS,Rio Grande do Sul,43,43011,Cruz Alta,4301,Noroeste Rio-grandense,4,S,Sul,IBGE_API
4308508,Frederico Westphalen,RS,Rio Grande do Sul,43,43003,Frederico Westphalen,4301,Noroeste Rio-grandense,4,S,Sul,IBGE_API
4308607,Garibaldi,RS,Rio Grande do Sul,43,43016,Caxias do Sul,4302,Nordeste Rio-grandense,4,S,Sul,IBGE_API
4308656,Garruchos,RS,Rio Grande do Sul,43,43029,Campanha Ocidental,4306,Sudoeste Rio-grandense,4,S,Sul,IBGE_API
4308706,Gaurama,RS,Rio Grande do Sul,43,43004,Erechim,4301,Noroeste Rio-grandense,4,S,Sul,IBGE_API
4308805,General Câmara,RS,Rio Grande do Sul,43,43025,São Jerônimo,4305,Metropolitana de Porto Alegre,4,S,Sul,IBGE_API
4308854,Gentil,RS,Rio Grande do Sul,43,43010,Passo Fundo,4301,Noroeste Rio-grandense,4,S,Sul,IBGE_API
4308904,Getúlio Vargas,RS,Rio Grande do Sul,43,43004,Erechim,4301,Noroeste Rio-grandense,4,S,Sul,IBGE_API
4309001,Giruá,RS,Rio Grande do Sul,43,43007,Santo Ângelo,4301,Noroeste Rio-grandense,4,S,Sul,IBGE_API
4309050,Glorinha,RS,Rio Grande do Sul,43,43026,Porto Alegre,4305,Metropolitana de Porto Alegre,4,S,Sul,IBGE_API
4309100,Gramado,RS,Rio Grande do Sul,43,43024,Gramado-Canela,4305,Metropolitana de Porto Alegre,4,S,Sul,IBGE_API
4309126,Gramado dos Loureiros,RS,Rio Grande do Sul,43,43003,Frederico Westphalen,4301,Noroeste Rio-grandense,4,S,Sul,IBGE_API
4309159,Gramado Xavier,RS,Rio Grande do Sul,43,43020,Santa Cruz do Sul,4304,Centro Oriental Rio-grandense,4,S,Sul,IBGE_API
4309209,Gravataí,RS,Rio Grande do Sul,43,43026,Porto Alegre,4305,Metropolitana de Porto Alegre,4,S,Sul,IBGE_API
4309258,Guabiju,RS,Rio Grande do Sul,43,43014,Guaporé,4302,Nordeste Rio-grandense,4,S,Sul,IBGE_API
4309308,Guaíba,RS,Rio Grande do Sul,43,43026,Porto Alegre,4305,Metropolitana de Porto Alegre,4,S,Sul,IBGE_API
4309407,Guaporé,RS,Rio Grande do Sul,43,43014,Guaporé,4302,Nordeste Rio-grandense,4,S,Sul,IBGE_API
4309506,Guarani das Missões,RS,Rio Grande do Sul,43,43006,Cerro Largo,4301,Noroeste Rio-grandense,4,S,Sul,IBGE_API
4309555,Harmonia,RS,Rio Grande do Sul,43,43023,Montenegro,4305,Metropolitana de Porto Alegre,4,S,Sul,IBGE_API
4309571,Herveiras,RS,Rio Grande do Sul,43,43020,Santa Cruz do Sul,4304,Centro Oriental Rio-grandense,4,S,Sul,IBGE_API
4309605,Horizontina,RS,Rio Grande do Sul,43,43002,Três Passos,4301,Noroeste Rio-grandense,4,S,Sul,IBGE_API
4309654,Hulha Negra,RS,Rio Grande do Sul,43,43031,Campanha Meridional,4306,Sudoeste Rio-grandense,4,S,Sul,IBGE_API
4309704,Humaitá,RS,Rio Grande do Sul,43,43002,Três Passos,4301,Noroeste Rio-grandense,4,S,Sul,IBGE_API
4309753,Ibarama,RS,Rio Grande do Sul,43,43020,Santa Cruz do Sul,4304,Centro Oriental Rio-grandense,4,S,Sul,IBGE_API
4309803,Ibiaçá,RS,Rio Grande do Sul,43,43005,Sananduva,4301,Noroeste Rio-grandense,4,S,Sul,IBGE_API
4309902,Ibiraiaras,RS,Rio Grande do Sul,43,43010,Passo Fundo,4301,Noroeste Rio-grandense,4,S,Sul,IBGE_API
4309951,Ibirapuitã,RS,Rio Grande do Sul,43,43013,Soledade,4301,Noroeste Rio-grandense,4,S,Sul,IBGE_API
4310009,Ibirubá,RS,Rio Grande do Sul,43,43011,Cruz Alta,4301,Noroeste Rio-grandense,4,S,Sul,IBGE_API
4310108,Igrejinha,RS,Rio Grande do Sul,43,43024,Gramado-Canela,4305,Metropolitana de Porto Alegre,4,S,Sul,IBGE_API
4310207,Ijuí,RS,Rio Grande do Sul,43,43008,Ijuí,4301,Noroeste Rio-grandense,4,S,Sul,IBGE_API
4310306,Ilópolis,RS,Rio Grande do Sul,43,43014,Guaporé,4302,Nordeste Rio-grandense,4,S,Sul,IBGE_API
4310330,Imbé,RS,Rio Grande do Sul,43,43027,Osório,4305,Metropolitana de Porto Alegre,4,S,Sul,IBGE_API
4310363,Imigrante,RS,Rio Grande do Sul,43,43021,Lajeado-Estrela,4304,Centro Oriental Rio-grandense,4,S,Sul,IBGE_API
4310405,Independência,RS,Rio Grande do Sul,43,43001,Santa Rosa,4301,Noroeste Rio-grandense,4,S,Sul,IBGE_API
4310413,Inhacorá,RS,Rio Grande do Sul,43,43008,Ijuí,4301,Noroeste Rio-grandense,4,S,Sul,IBGE_API
4310439,Ipê,RS,Rio Grande do Sul,43,43015,Vacaria,4302,Nordeste Rio-grandense,4,S,Sul,IBGE_API
4310462,Ipiranga do Sul,RS,Rio Grande do Sul,43,43004,Erechim,4301,Noroeste Rio-grandense,4,S,Sul,IBGE_API
4310504,Iraí,RS,Rio Grande do Sul,43,43003,Frederico Westphalen,4301,Noroeste Rio-grandense,4,S,Sul,IBGE_API
4310538,Itaara,RS,Rio Grande do Sul,43,43018,Santa Maria,4303,Centro Ocidental Rio-grandense,4,S,Sul,IBGE_API
4310553,Itacurubi,RS,Rio Grande do Sul,43,43017,Santiago,4303,Centro Ocidental Rio-grandense,4,S,Sul,IBGE_API
4310579,Itapuca,RS,Rio Grande do Sul,43,43014,Guaporé,4302,Nordeste Rio-grandense,4,S,Sul,IBGE_API
4310603,Itaqui,RS,Rio Grande do Sul,43,43029,Campanha Ocidental,4306,Sudoeste Rio-grandense,4,S,Sul,IBGE_API
4310652,Itati,RS,Rio Grande do Sul,43,43027,Osório,4305,Metropolitana de Porto Alegre,4,S,Sul,IBGE_API
4310702,Itatiba do Sul,RS,Rio Grande do Sul,43,43004,Erechim,4301,Noroeste Rio-grandense,4,S,Sul,IBGE_API
4310751,Ivorá,RS,Rio Grande do Sul,43,43019,Restinga Seca,4303,Centro Ocidental Rio-grandense,4,S,Sul,IBGE_API
4310801,Ivoti,RS,Rio Grande do Sul,43,43024,Gramado-Canela,4305,Metropolitana de Porto Alegre,4,S,Sul,IBGE_API
4310850,Jaboticaba,RS,Rio Grande do Sul,43,43009,Carazinho,4301,Noroeste Rio-grandense,4,S,Sul,IBGE_API
4310876,Jacuizinho,RS,Rio Grande do Sul,43,43011,Cruz Alta,4301,Noroeste Rio-grandense,4,S,Sul,IBGE_API
4310900,Jacutinga,RS,Rio Grande do Sul,43,43004,Erechim,4301,Noroeste Rio-grandense,4,S,Sul,IBGE_API
4311007,Jaguarão,RS,Rio Grande do Sul,43,43034,Jaguarão,4307,Sudeste Rio-grandense,4,S,Sul,IBGE_API
4311106,Jaguari,RS,Rio Grande do Sul,43,43018,Santa Maria,4303,Centro Ocidental Rio-grandense,4,S,Sul,IBGE_API
4311122,Jaquirana,RS,Rio Grande do Sul,43,43015,Vacaria,4302,Nordeste Rio-grandense,4,S,Sul,IBGE_API
4311130,Jari,RS,Rio Grande do Sul,43,43017,Santiago,4303,Centro Ocidental Rio-grandense,4,S,Sul,IBGE_API
4311155,Jóia,RS,Rio Grande do Sul,43,43011,Cruz Alta,4301,Noroeste Rio-grandense,4,S,Sul,IBGE_API
4311205,Júlio de Castilhos,RS,Rio Grande do Sul,43,43017,Santiago,4303,Centro Ocidental Rio-grandense,4,S,Sul,IBGE_API
4311239,Lagoa Bonita do Sul,RS,Rio Grande do Sul,43,43020,Santa Cruz do Sul,4304,Centro Oriental Rio-grandense,4,S,Sul,IBGE_API
4311254,Lagoão,RS,Rio Grande do Sul,43,43013,Soledade,4301,Noroeste Rio-grandense,4,S,Sul,IBGE_API
4311270,Lagoa dos Três Cantos,RS,Rio Grande do Sul,43,43012,Não-Me-Toque,4301,Noroeste Rio-grandense,4,S,Sul,IBGE_API
4311304,Lagoa Vermelha,RS,Rio Grande do Sul,43,43015,Vacaria,4302,Nordeste Rio-grandense,4,S,Sul,IBGE_API
4311403,Lajeado,RS,Rio Grande do Sul,43,43021,Lajeado-Estrela,4304,Centro Oriental Rio-grandense,4,S,Sul,IBGE_API
4311429,Lajeado do Bugre,RS,Rio Grande do Sul,43,43009,Carazinho,4301,Noroeste Rio-grandense,4,S,Sul,IBGE_API
4311502,Lavras do Sul,RS,Rio Grande do Sul,43,43031,Campanha Meridional,4306,Sudoeste Rio-grandense,4,S,Sul,IBGE_API
4311601,Liberato Salzano,RS,Rio Grande do Sul,43,43003,Frederico Westphalen,4301,Noroeste Rio-grandense,4,S,Sul,IBGE_API
4311627,Lindolfo Collor,RS,Rio Grande do Sul,43,43024,Gramado-Canela,4305,Metropolitana de Porto Alegre,4,S,Sul,IBGE_API
4311643,Linha Nova,RS,Rio Grande do Sul,43,43023,Montenegro,4305,Metropolitana de Porto Alegre,4,S,Sul,IBGE_API
4311700,Machadinho,RS,Rio Grande do Sul,43,43005,Sananduva,4301,Noroeste Rio-grandense,4,S,Sul,IBGE_API
4311718,Maçambará,RS,Rio Grande do Sul,43,43029,Campanha Ocidental,4306,Sudoeste Rio-grandense,4,S,Sul,IBGE_API
4311734,Mampituba,RS,Rio Grande do Sul,43,43027,Osório,4305,Metropolitana de Porto Alegre,4,S,Sul,IBGE_API
4311759,Manoel Viana,RS,Rio Grande do Sul,43,43029,Campanha Ocidental,4306,Sudoeste Rio-grandense,4,S,Sul,IBGE_API
4311775,Maquiné,RS,Rio Grande do Sul,43,43027,Osório,4305,Metropolitana de Porto Alegre,4,S,Sul,IBGE_API
4311791,Maratá,RS,Rio Grande do Sul,43,43023,Montenegro,4305,Metropolitana de Porto Alegre,4,S,Sul,IBGE_API
4311809,Marau,RS,Rio Grande do Sul,43,43010,Passo Fundo,4301,Noroeste Rio-grandense,4,S,Sul,IBGE_API
4311908,Marcelino Ramos,RS,Rio Grande do Sul,43,43004,Erechim,4301,Noroeste Rio-grandense,4,S,Sul,IBGE_API
4311981,Mariana Pimentel,RS,Rio Grande do Sul,43,43026,Porto Alegre,4305,Metropolitana de Porto Alegre,4,S,Sul,IBGE_API
4312005,Mariano Moro,RS,Rio Grande do Sul,43,43004,Erechim,4301,Noroeste Rio-grandense,4,S,Sul,IBGE_API
4312054,Marques de Souza,RS,Rio Grande do Sul,43,43021,Lajeado-Estrela,4304,Centro Oriental Rio-grandense,4,S,Sul,IBGE_API
4312104,Mata,RS,Rio Grande do Sul,43,43018,Santa Maria,4303,Centro Ocidental Rio-grandense,4,S,Sul,IBGE_API
4312138,Mato Castelhano,RS,Rio Grande do Sul,43,43010,Passo Fundo,4301,Noroeste Rio-grandense,4,S,Sul,IBGE_API
4312153,Mato Leitão,RS,Rio Grande do Sul,43,43020,Santa Cruz do Sul,4304,Centro Oriental Rio-grandense,4,S,Sul,IBGE_API
4312179,Mato Queimado,RS,Rio Grande do Sul,43,43006,Cerro Largo,4301,Noroeste Rio-grandense,4,S,Sul,IBGE_API
4312203,Maximiliano de Almeida,RS,Rio Grande do Sul,43,43005,Sananduva,4301,Noroeste Rio-grandense,4,S,Sul,IBGE_API
4312252,Minas do Leão,RS,Rio Grande do Sul,43,43025,São Jerônimo,4305,Metropolitana de Porto Alegre,4,S,Sul,IBGE_API
4312302,Miraguaí,RS,Rio Grande do Sul,43,43002,Três Passos,4301,Noroeste Rio-grandense,4,S,Sul,IBGE_API
4312351,Montauri,RS,Rio Grande do Sul,43,43014,Guaporé,4302,Nordeste Rio-grandense,4,S,Sul,IBGE_API
4312377,Monte Alegre dos Campos,RS,Rio Grande do Sul,43,43015,Vacaria,4302,Nordeste Rio-grandense,4,S,Sul,IBGE_API
4312385,Monte Belo do Sul,RS,Rio Grande do Sul,43,43016,Caxias do Sul,4302,Nordeste Rio-grandense,4,S,Sul,IBGE_API
4312401,Montenegro,RS,Rio Grande do Sul,43,43023,Montenegro,4305,Metropolitana de Porto Alegre,4,S,Sul,IBGE_API
4312427,Mormaço,RS,Rio Grande do Sul,43,43013,Soledade,4301,Noroeste Rio-grandense,4,S,Sul,IBGE_API
4312443,Morrinhos do Sul,RS,Rio Grande do Sul,43,43027,Osório,4305,Metropolitana de Porto Alegre,4,S,Sul,IBGE_API
4312450,Morro Redondo,RS,Rio Grande do Sul,43,43033,Pelotas,4307,Sudeste Rio-grandense,4,S,Sul,IBGE_API
4312476,Morro Reuter,RS,Rio Grande do Sul,43,43024,Gramado-Canela,4305,Metropolitana de Porto Alegre,4,S,Sul,IBGE_API
4312500,Mostardas,RS,Rio Grande do Sul,43,43027,Osório,4305,Metropolitana de Porto Alegre,4,S,Sul,IBGE_API
4312609,Muçum,RS,Rio Grande do Sul,43,43021,Lajeado-Estrela,4304,Centro Oriental Rio-grandense,4,S,Sul,IBGE_API
4312617,Muitos Capões,RS,Rio Grande do Sul,43,43015,Vacaria,4302,Nordeste Rio-grandense,4,S,Sul,IBGE_API
4312625,Muliterno,RS,Rio Grande do Sul,43,43010,Passo Fundo,4301,Noroeste Rio-grandense,4,S,Sul,IBGE_API
4312658,Não-Me-Toque,RS,Rio Grande do Sul,43,43012,Não-Me-Toque,4301,Noroeste Rio-grandense,4,S,Sul,IBGE_API
4312674,Nicolau Vergueiro,RS,Rio Grande do Sul,43,43010,Passo Fundo,4301,Noroeste Rio-grandense,4,S,Sul,IBGE_API
4312708,Nonoai,RS,Rio Grande do Sul,43,43003,Frederico Westphalen,4301,Noroeste Rio-grandense,4,S,Sul,IBGE_API
4312757,Nova Alvorada,RS,Rio Grande do Sul,43,43014,Guaporé,4302,Nordeste Rio-grandense,4,S,Sul,IBGE_API
4312807,Nova Araçá,RS,Rio Grande do Sul,43,43014,Guaporé,4302,Nordeste Rio-grandense,4,S,Sul,IBGE_API
4312906,Nova Bassano,RS,Rio Grande do Sul,43,43014,Guaporé,4302,Nordeste Rio-grandense,4,S,Sul,IBGE_API
4312955,Nova Boa Vista,RS,Rio Grande do Sul,43,43009,Carazinho,4301,Noroeste Rio-grandense,4,S,Sul,IBGE_API
4313003,Nova Bréscia,RS,Rio Grande do Sul,43,43021,Lajeado-Estrela,4304,Centro Oriental Rio-grandense,4,S,Sul,IBGE_API
4313011,Nova Candelária,RS,Rio Grande do Sul,43,43002,Três Passos,4301,Noroeste Rio-grandense,4,S,Sul,IBGE_API
4313037,Nova Esperança do Sul,RS,Rio Grande do Sul,43,43018,Santa Maria,4303,Centro Ocidental Rio-grandense,4,S,Sul,IBGE_API
4313060,Nova Hartz,RS,Rio Grande do Sul,43,43026,Porto Alegre,4305,Metropolitana de Porto Alegre,4,S,Sul,IBGE_API
4313086,Nova Pádua,RS,Rio Grande do Sul,43,43016,Caxias do Sul,4302,Nordeste Rio-grandense,4,S,Sul,IBGE_API
4313102,Nova Palma,RS,Rio Grande do Sul,43,43019,Restinga Seca,4303,Centro Ocidental Rio-grandense,4,S,Sul,IBGE_API
4313201,Nova Petrópolis,RS,Rio Grande do Sul,43,43024,Gramado-Canela,4305,Metropolitana de Porto Alegre,4,S,Sul,IBGE_API
4313300,Nova Prata,RS,Rio Grande do Sul,43,43014,Guaporé,4302,Nordeste Rio-grandense,4,S,Sul,IBGE_API
4313334,Nova Ramada,RS,Rio Grande do Sul,43,43008,Ijuí,4301,Noroeste Rio-grandense,4,S,Sul,IBGE_API
4313359,Nova Roma do Sul,RS,Rio Grande do Sul,43,43016,Caxias do Sul,4302,Nordeste Rio-grandense,4,S,Sul,IBGE_API
4313375,Nova Santa Rita,RS,Rio Grande do Sul,43,43026,Porto Alegre,4305,Metropolitana de Porto Alegre,4,S,Sul,IBGE_API
4313391,Novo Cabrais,RS,Rio Grande do Sul,43,43022,Cachoeira do Sul,4304,Centro Oriental Rio-grandense,4,S,Sul,IBGE_API
4313409,Novo Hamburgo,RS,Rio Grande do Sul,43,43026,Porto Alegre,4305,Metropolitana de Porto Alegre,4,S,Sul,IBGE_API
4313425,Novo Machado,RS,Rio Grande do Sul,43,43001,Santa Rosa,4301,Noroeste Rio-grandense,4,S,Sul,IBGE_API
4313441,Novo Tiradentes,RS,Rio Grande do Sul,43,43003,Frederico Westphalen,4301,Noroeste Rio-grandense,4,S,Sul,IBGE_API
4313466,Novo Xingu,RS,Rio Grande do Sul,43,43003,Frederico Westphalen,4301,Noroeste Rio-grandense,4,S,Sul,IBGE_API
4313490,Novo Barreiro,RS,Rio Grande do Sul,43,43009,Carazinho,4301,Noroeste Rio-grandense,4,S,Sul,IBGE_API
4313508,Osório,RS,Rio Grande do Sul,43,43027,Osório,4305,Metropolitana de Porto Alegre,4,S,Sul,IBGE_API
4313607,Paim Filho,RS,Rio Grande do Sul,43,43005,Sananduva,4301,Noroeste Rio-grandense,4,S,Sul,IBGE_API
4313656,Palmares do Sul,RS,Rio Grande do Sul,43,43027,Osório,4305,Metropolitana de Porto Alegre,4,S,Sul,IBGE_API
4313706,Palmeira das Missões,RS,Rio Grande do Sul,43,43009,Carazinho,4301,Noroeste Rio-grandense,4,S,Sul,IBGE_API
4313805,Palmitinho,RS,Rio Grande do Sul,43,43003,Frederico Westphalen,4301,Noroeste Rio-grandense,4,S,Sul,IBGE_API
4313904,Panambi,RS,Rio Grande do Sul,43,43008,Ijuí,4301,Noroeste Rio-grandense,4,S,Sul,IBGE_API
4313953,Pantano Grande,RS,Rio Grande do Sul,43,43022,Cachoeira do Sul,4304,Centro Oriental Rio-grandense,4,S,Sul,IBGE_API
4314001,Paraí,RS,Rio Grande do Sul,43,43014,Guaporé,4302,Nordeste Rio-grandense,4,S,Sul,IBGE_API
4314027,Paraíso do Sul,RS,Rio Grande do Sul,43,43022,Cachoeira do Sul,4304,Centro Oriental Rio-grandense,4,S,Sul,IBGE_API
4314035,Pareci Novo,RS,Rio Grande do Sul,43,43023,Montenegro,4305,Metropolitana de Porto Alegre,4,S,Sul,IBGE_API
4314050,Parobé,RS,Rio Grande do Sul,43,43026,Porto Alegre,4305,Metropolitana de Porto Alegre,4,S,Sul,IBGE_API
4314068,Passa Sete,RS,Rio Grande do Sul,43,43020,Santa Cruz do Sul,4304,Centro Oriental Rio-grandense,4,S,Sul,IBGE_API
4314076,Passo do Sobrado,RS,Rio Grande do Sul,43,43022,Cachoeira do Sul,4304,Centro Oriental Rio-grandense,4,S,Sul,IBGE_API
4314100,Passo Fundo,RS,Rio Grande do Sul,43,43010,Passo Fundo,4301,Noroeste Rio-grandense,4,S,Sul,IBGE_API
4314134,Paulo Bento,RS,Rio Grande do Sul,43,43004,Erechim,4301,Noroeste Rio-grandense,4,S,Sul,IBGE_API
4314159,Paverama,RS,Rio Grande do Sul,43,43021,Lajeado-Estrela,4304,Centro Oriental Rio-grandense,4,S,Sul,IBGE_API
4314175,Pedras Altas,RS,Rio Grande do Sul,43,43032,Serras de Sudeste,4307,Sudeste Rio-grandense,4,S,Sul,IBGE_API
4314209,Pedro Osório,RS,Rio Grande do Sul,43,43033,Pelotas,4307,Sudeste Rio-grandense,4,S,Sul,IBGE_API
4314308,Pejuçara,RS,Rio Grande do Sul,43,43008,Ijuí,4301,Noroeste Rio-grandense,4,S,Sul,IBGE_API
4314407,Pelotas,RS,Rio Grande do Sul,43,43033,Pelotas,4307,Sudeste Rio-grandense,4,S,Sul,IBGE_API
4314423,Picada Café,RS,Rio Grande do Sul,43,43024,Gramado-Canela,4305,Metropolitana de Porto Alegre,4,S,Sul,IBGE_API
4314456,Pinhal,RS,Rio Grande do Sul,43,43009,Carazinho,4301,Noroeste Rio-grandense,4,S,Sul,IBGE_API
4314464,Pinhal da Serra,RS,Rio Grande do Sul,43,43015,Vacaria,4302,Nordeste Rio-grandense,4,S,Sul,IBGE_API
4314472,Pinhal Grande,RS,Rio Grande do Sul,43,43017,Santiago,4303,Centro Ocidental Rio-grandense,4,S,Sul,IBGE_API
4314498,Pinheirinho do Vale,RS,Rio Grande do Sul,43,43003,Frederico Westphalen,4301,Noroeste Rio-grandense,4,S,Sul,IBGE_API
4314506,Pinheiro Machado,RS,Rio Grande do Sul,43,43032,Serras de Sudeste,4307,Sudeste Rio-grandense,4,S,Sul,IBGE_API
4314548,Pinto Bandeira,RS,Rio Grande do Sul,43,43016,Caxias do Sul,4302,Nordeste Rio-grandense,4,S,Sul,IBGE_API
4314555,Pirapó,RS,Rio Grande do Sul,43,43007,Santo Ângelo,4301,Noroeste Rio-grandense,4,S,Sul,IBGE_API
4314605,Piratini,RS,Rio Grande do Sul,43,43032,Serras de Sudeste,4307,Sudeste Rio-grandense,4,S,Sul,IBGE_API
4314704,Planalto,RS,Rio Grande do Sul,43,43003,Frederico Westphalen,4301,Noroeste Rio-grandense,4,S,Sul,IBGE_API
4314753,Poço das Antas,RS,Rio Grande do Sul,43,43023,Montenegro,4305,Metropolitana de Porto Alegre,4,S,Sul,IBGE_API
4314779,Pontão,RS,Rio Grande do Sul,43,43010,Passo Fundo,4301,Noroeste Rio-grandense,4,S,Sul,IBGE_API
4314787,Ponte Preta,RS,Rio Grande do Sul,43,43004,Erechim,4301,Noroeste Rio-grandense,4,S,Sul,IBGE_API
4314803,Portão,RS,Rio Grande do Sul,43,43023,Montenegro,4305,Metropolitana de Porto Alegre,4,S,Sul,IBGE_API
4314902,Porto Alegre,RS,Rio Grande do Sul,43,43026,Porto Alegre,4305,Metropolitana de Porto Alegre,4,S,Sul,IBGE_API
4315008,Porto Lucena,RS,Rio Grande do Sul,43,43001,Santa Rosa,4301,Noroeste Rio-grandense,4,S,Sul,IBGE_API
4315057,Porto Mauá,RS,Rio Grande do Sul,43,43001,Santa Rosa,4301,Noroeste Rio-grandense,4,S,Sul,IBGE_API
4315073,Porto Vera Cruz,RS,Rio Grande do Sul,43,43001,Santa Rosa,4301,Noroeste Rio-grandense,4,S,Sul,IBGE_API
4315107,Porto Xavier,RS,Rio Grande do Sul,43,43006,Cerro Largo,4301,Noroeste Rio-grandense,4,S,Sul,IBGE_API
4315131,Pouso Novo,RS,Rio Grande do Sul,43,43021,Lajeado-Estrela,4304,Centro Oriental Rio-grandense,4,S,Sul,IBGE_API
4315149,Presidente Lucena,RS,Rio Grande do Sul,43,43024,Gramado-Canela,4305,Metropolitana de Porto Alegre,4,S,Sul,IBGE_API
4315156,Progresso,RS,Rio Grande do Sul,43,43021,Lajeado-Estrela,4304,Centro Oriental Rio-grandense,4,S,Sul,IBGE_API
4315172,Protásio Alves,RS,Rio Grande do Sul,43,43014,Guaporé,4302,Nordeste Rio-grandense,4,S,Sul,IBGE_API
4315206,Putinga,RS,Rio Grande do Sul,43,43014,Guaporé,4302,Nordeste Rio-grandense,4,S,Sul,IBGE_API
4315305,Quaraí,RS,Rio Grande do Sul,43,43029,Campanha Ocidental,4306,Sudoeste Rio-grandense,4,S,Sul,IBGE_API
4315313,Quatro Irmãos,RS,Rio Grande do Sul,43,43004,Erechim,4301,Noroeste Rio-grandense,4,S,Sul,IBGE_API
4315321,Quevedos,RS,Rio Grande do Sul,43,43017,Santiago,4303,Centro Ocidental Rio-grandense,4,S,Sul,IBGE_API
4315354,Quinze de Novembro,RS,Rio Grande do Sul,43,43011,Cruz Alta,4301,Noroeste Rio-grandense,4,S,Sul,IBGE_API
4315404,Redentora,RS,Rio Grande do Sul,43,43002,Três Passos,4301,Noroeste Rio-grandense,4,S,Sul,IBGE_API
4315453,Relvado,RS,Rio Grande do Sul,43,43021,Lajeado-Estrela,4304,Centro Oriental Rio-grandense,4,S,Sul,IBGE_API
4315503,Restinga Sêca,RS,Rio Grande do Sul,43,43019,Restinga Seca,4303,Centro Ocidental Rio-grandense,4,S,Sul,IBGE_API
4315552,Rio dos Índios,RS,Rio Grande do Sul,43,43003,Frederico Westphalen,4301,Noroeste Rio-grandense,4,S,Sul,IBGE_API
4315602,Rio Grande,RS,Rio Grande do Sul,43,43035,Litoral Lagunar,4307,Sudeste Rio-grandense,4,S,Sul,IBGE_API
4315701,Rio Pardo,RS,Rio Grande do Sul,43,43022,Cachoeira do Sul,4304,Centro Oriental Rio-grandense,4,S,Sul,IBGE_API
4315750,Riozinho,RS,Rio Grande do Sul,43,43024,Gramado-Canela,4305,Metropolitana de Porto Alegre,4,S,Sul,IBGE_API
4315800,Roca Sales,RS,Rio Grande do Sul,43,43021,Lajeado-Estrela,4304,Centro Oriental Rio-grandense,4,S,Sul,IBGE_API
4315909,Rodeio Bonito,RS,Rio Grande do Sul,43,43003,Frederico Westphalen,4301,Noroeste Rio-grandense,4,S,Sul,IBGE_API
4315958,Rolador,RS,Rio Grande do Sul,43,43007,Santo Ângelo,4301,Noroeste Rio-grandense,4,S,Sul,IBGE_API
4316006,Rolante,RS,Rio Grande do Sul,43,43024,Gramado-Canela,4305,Metropolitana de Porto Alegre,4,S,Sul,IBGE_API
4316105,Ronda Alta,RS,Rio Grande do Sul,43,43010,Passo Fundo,4301,Noroeste Rio-grandense,4,S,Sul,IBGE_API
4316204,Rondinha,RS,Rio Grande do Sul,43,43003,Frederico Westphalen,4301,Noroeste Rio-grandense,4,S,Sul,IBGE_API
4316303,Roque Gonzales,RS,Rio Grande do Sul,43,43006,Cerro Largo,4301,Noroeste Rio-grandense,4,S,Sul,IBGE_API
4316402,Rosário do Sul,RS,Rio Grande do Sul,43,43030,Campanha Central,4306,Sudoeste Rio-grandense,4,S,Sul,IBGE_API
4316428,Sagrada Família,RS,Rio Grande do Sul,43,43009,Carazinho,4301,Noroeste Rio-grandense,4,S,Sul,IBGE_API
4316436,Saldanha Marinho,RS,Rio Grande do Sul,43,43011,Cruz Alta,4301,Noroeste Rio-grandense,4,S,Sul,IBGE_API
4316451,Salto do Jacuí,RS,Rio Grande do Sul,43,43011,Cruz Alta,4301,Noroeste Rio-grandense,4,S,Sul,IBGE_API
4316477,Salvador das Missões,RS,Rio Grande do Sul,43,43006,Cerro Largo,4301,Noroeste Rio-grandense,4,S,Sul,IBGE_API
4316501,Salvador do Sul,RS,Rio Grande do Sul,43,43023,Montenegro,4305,Metropolitana de Porto Alegre,4,S,Sul,IBGE_API
4316600,Sananduva,RS,Rio Grande do Sul,43,43005,Sananduva,4301,Noroeste Rio-grandense,4,S,Sul,IBGE_API
4316709,Santa Bárbara do Sul,RS,Rio Grande do Sul,43,43011,Cruz Alta,4301,Noroeste Rio-grandense,4,S,Sul,IBGE_API
4316733,Santa Cecília do Sul,RS,Rio Grande do Sul,43,43010,Passo Fundo,4301,Noroeste Rio-grandense,4,S,Sul,IBGE_API
4316758,Santa Clara do Sul,RS,Rio Grande do Sul,43,43021,Lajeado-Estrela,4304,Centro Oriental Rio-grandense,4,S,Sul,IBGE_API
4316808,Santa Cruz do Sul,RS,Rio Grande do Sul,43,43020,Santa Cruz do Sul,4304,Centro Oriental Rio-grandense,4,S,Sul,IBGE_API
4316907,Santa Maria,RS,Rio Grande do Sul,43,43018,Santa Maria,4303,Centro Ocidental Rio-grandense,4,S,Sul,IBGE_API
4316956,Santa Maria do Herval,RS,Rio Grande do Sul,43,43024,Gramado-Canela,4305,Metropolitana de Porto Alegre,4,S,Sul,IBGE_API
4316972,Santa Margarida do Sul,RS,Rio Grande do Sul,43,43030,Campanha Central,4306,Sudoeste Rio-grandense,4,S,Sul,IBGE_API
4317004,Santana da Boa Vista,RS,Rio Grande do Sul,43,43032,Serras de Sudeste,4307,Sudeste Rio-grandense,4,S,Sul,IBGE_API
4317103,Sant'Ana do Livramento,RS,Rio Grande do Sul,43,43030,Campanha Central,4306,Sudoeste Rio-grandense,4,S,Sul,IBGE_API
4317202,Santa Rosa,RS,Rio Grande do Sul,43,43001,Santa Rosa,4301,Noroeste Rio-grandense,4,S,Sul,IBGE_API
4317251,Santa Tereza,RS,Rio Grande do Sul,43,43016,Caxias do Sul,4302,Nordeste Rio-grandense,4,S,Sul,IBGE_API
4317301,Santa Vitória do Palmar,RS,Rio Grande do Sul,43,43035,Litoral Lagunar,4307,Sudeste Rio-grandense,4,S,Sul,IBGE_API
4317400,Santiago,RS,Rio Grande do Sul,43,43017,Santiago,4303,Centro Ocidental Rio-grandense,4,S,Sul,IBGE_API
4317509,Santo Ângelo,RS,Rio Grande do Sul,43,43007,Santo Ângelo,4301,Noroeste Rio-grandense,4,S,Sul,IBGE_API
4317558,Santo Antônio do Palma,RS,Rio Grande do Sul,43,43010,Passo Fundo,4301,Noroeste Rio-grandense,4,S,Sul,IBGE_API
4317608,Santo Antônio da Patrulha,RS,Rio Grande do Sul,43,43027,Osório,4305,Metropolitana de Porto Alegre,4,S,Sul,IBGE_API
4317707,Santo Antônio das Missões,RS,Rio Grande do Sul,43,43007,Santo Ângelo,4301,Noroeste Rio-grandense,4,S,Sul,IBGE_API
4317756,Santo Antônio do Planalto,RS,Rio Grande do Sul,43,43009,Carazinho,4301,Noroeste Rio-grandense,4,S,Sul,IBGE_API
4317806,Santo Augusto,RS,Rio Grande do Sul,43,43008,Ijuí,4301,Noroeste Rio-grandense,4,S,Sul,IBGE_API
4317905,Santo Cristo,RS,Rio Grande do Sul,43,43001,Santa Rosa,4301,Noroeste Rio-grandense,4,S,Sul,IBGE_API
4317954,Santo Expedito do Sul,RS,Rio Grande do Sul,43,43005,Sananduva,4301,Noroeste Rio-grandense,4,S,Sul,IBGE_API
4318002,São Borja,RS,Rio Grande do Sul,43,43029,Campanha Ocidental,4306,Sudoeste Rio-grandense,4,S,Sul,IBGE_API
4318051,São Domingos do Sul,RS,Rio Grande do Sul,43,43010,Passo Fundo,4301,Noroeste Rio-grandense,4,S,Sul,IBGE_API
4318101,São Francisco de Assis,RS,Rio Grande do Sul,43,43029,Campanha Ocidental,4306,Sudoeste Rio-grandense,4,S,Sul,IBGE_API
4318200,São Francisco de Paula,RS,Rio Grande do Sul,43,43015,Vacaria,4302,Nordeste Rio-grandense,4,S,Sul,IBGE_API
4318309,São Gabriel,RS,Rio Grande do Sul,43,43030,Campanha Central,4306,Sudoeste Rio-grandense,4,S,Sul,IBGE_API
4318408,São Jerônimo,RS,Rio Grande do Sul,43,43025,São Jerônimo,4305,Metropolitana de Porto Alegre,4,S,Sul,IBGE_API
4318424,São João da Urtiga,RS,Rio Grande do Sul,43,43005,Sananduva,4301,Noroeste Rio-grandense,4,S,Sul,IBGE_API
4318432,São João do Polêsine,RS,Rio Grande do Sul,43,43019,Restinga Seca,4303,Centro Ocidental Rio-grandense,4,S,Sul,IBGE_API
4318440,São Jorge,RS,Rio Grande do Sul,43,43014,Guaporé,4302,Nordeste Rio-grandense,4,S,Sul,IBGE_API
4318457,São José das Missões,RS,Rio Grande do Sul,43,43009,Carazinho,4301,Noroeste Rio-grandense,4,S,Sul,IBGE_API
4318465,São José do Herval,RS,Rio Grande do Sul,43,43013,Soledade,4301,Noroeste Rio-grandense,4,S,Sul,IBGE_API
4318481,São José do Hortêncio,RS,Rio Grande do Sul,43,43023,Montenegro,4305,Metropolitana de Porto Alegre,4,S,Sul,IBGE_API
4318499,São José do Inhacorá,RS,Rio Grande do Sul,43,43001,Santa Rosa,4301,Noroeste Rio-grandense,4,S,Sul,IBGE_API
4318507,São José do Norte,RS,Rio Grande do Sul,43,43035,Litoral Lagunar,4307,Sudeste Rio-grandense,4,S,Sul,IBGE_API
4318606,São José do Ouro,RS,Rio Grande do Sul,43,43005,Sananduva,4301,Noroeste Rio-grandense,4,S,Sul,IBGE_API
4318614,São José do Sul,RS,Rio Grande do Sul,43,43023,Montenegro,4305,Metropolitana de Porto Alegre,4,S,Sul,IBGE_API
4318622,São José dos Ausentes,RS,Rio Grande do Sul,43,43015,Vacaria,4302,Nordeste Rio-grandense,4,S,Sul,IBGE_API
4318705,São Leopoldo,RS,Rio Grande do Sul,43,43026,Porto Alegre,4305,Metropolitana de Porto Alegre,4,S,Sul,IBGE_API
4318804,São Lourenço do Sul,RS,Rio Grande do Sul,43,43033,Pelotas,4307,Sudeste Rio-grandense,4,S,Sul,IBGE_API
4318903,São Luiz Gonzaga,RS,Rio Grande do Sul,43,43007,Santo Ângelo,4301,Noroeste Rio-grandense,4,S,Sul,IBGE_API
4319000,São Marcos,RS,Rio Grande do Sul,43,43016,Caxias do Sul,4302,Nordeste Rio-grandense,4,S,Sul,IBGE_API
4319109,São Martinho,RS,Rio Grande do Sul,43,43002,Três Passos,4301,Noroeste Rio-grandense,4,S,Sul,IBGE_API
4319125,São Martinho da Serra,RS,Rio Grande do Sul,43,43018,Santa Maria,4303,Centro Ocidental Rio-grandense,4,S,Sul,IBGE_API
4319158,São Miguel das Missões,RS,Rio Grande do Sul,43,43007,Santo Ângelo,4301,Noroeste Rio-grandense,4,S,Sul,IBGE_API
4319208,São Nicolau,RS,Rio Grande do Sul,43,43007,Santo Ângelo,4301,Noroeste Rio-grandense,4,S,Sul,IBGE_API
4319307,São Paulo das Missões,RS,Rio Grande do Sul,43,43006,Cerro Largo,4301,Noroeste Rio-grandense,4,S,Sul,IBGE_API
4319356,São Pedro da Serra,RS,Rio Grande do Sul,43,43023,Montenegro,4305,Metropolitana de Porto Alegre,4,S,Sul,IBGE_API
4319364,São Pedro das Missões,RS,Rio Grande do Sul,43,43009,Carazinho,4301,Noroeste Rio-grandense,4,S,Sul,IBGE_API
4319372,São Pedro do Butiá,RS,Rio Grande do Sul,43,43006,Cerro Largo,4301,Noroeste Rio-grandense,4,S,Sul,IBGE_API
4319406,São Pedro do Sul,RS,Rio Grande do Sul,43,43018,Santa Maria,4303,Centro Ocidental Rio-grandense,4,S,Sul,IBGE_API
4319505,São Sebastião do Caí,RS,Rio Grande do Sul,43,43023,Montenegro,4305,Metropolitana de Porto Alegre,4,S,Sul,IBGE_API
4319604,São Sepé,RS,Rio Grande do Sul,43,43018,Santa Maria,4303,Centro Ocidental Rio-grandense,4,S,Sul,IBGE_API
4319703,São Valentim,RS,Rio Grande do Sul,43,43004,Erechim,4301,Noroeste Rio-grandense,4,S,Sul,IBGE_API
4319711,São Valentim do Sul,RS,Rio Grande do Sul,43,43014,Guaporé,4302,Nordeste Rio-grandense,4,S,Sul,IBGE_API
4319737,São Valério do Sul,RS,Rio Grande do Sul,43,43008,Ijuí,4301,Noroeste Rio-grandense,4,S,Sul,IBGE_API
4319752,São Vendelino,RS,Rio Grande do Sul,43,43023,Montenegro,4305,Metropolitana de Porto Alegre,4,S,Sul,IBGE_API
4319802,São Vicente do Sul,RS,Rio Grande do Sul,43,43018,Santa Maria,4303,Centro Ocidental Rio-grandense,4,S,Sul,IBGE_API
4319901,Sapiranga,RS,Rio Grande do Sul,43,43026,Porto Alegre,4305,Metropolitana de Porto Alegre,4,S,Sul,IBGE_API
4320008,Sapucaia do Sul,RS,Rio Grande do Sul,43,43026,Porto Alegre,4305,Metropolitana de Porto Alegre,4,S,Sul,IBGE_API
4320107,Sarandi,RS,Rio Grande do Sul,43,43009,Carazinho,4301,Noroeste Rio-grandense,4,S,Sul,IBGE_API
4320206,Seberi,RS,Rio Grande do Sul,43,43003,Frederico Westphalen,4301,Noroeste Rio-grandense,4,S,Sul,IBGE_API
4320230,Sede Nova,RS,Rio Grande do Sul,43,43002,Três Passos,4301,Noroeste Rio-grandense,4,S,Sul,IBGE_API
4320263,Segredo,RS,Rio Grande do Sul,43,43020,Santa Cruz do Sul,4304,Centro Oriental Rio-grandense,4,S,Sul,IBGE_API
4320305,Selbach,RS,Rio Grande do Sul,43,43012,Não-Me-Toque,4301,Noroeste Rio-grandense,4,S,Sul,IBGE_API
4320321,Senador Salgado Filho,RS,Rio Grande do Sul,43,43007,Santo Ângelo,4301,Noroeste Rio-grandense,4,S,Sul,IBGE_API
4320354,Sentinela do Sul,RS,Rio Grande do Sul,43,43028,Camaquã,4305,Metropolitana de Porto Alegre,4,S,Sul,IBGE_API
4320404,Serafina Corrêa,RS,Rio Grande do Sul,43,43014,Guaporé,4302,Nordeste Rio-grandense,4,S,Sul,IBGE_API
4320453,Sério,RS,Rio Grande do Sul,43,43021,Lajeado-Estrela,4304,Centro Oriental Rio-grandense,4,S,Sul,IBGE_API
4320503,Sertão,RS,Rio Grande do Sul,43,43010,Passo Fundo,4301,Noroeste Rio-grandense,4,S,Sul,IBGE_API
4320552,Sertão Santana,RS,Rio Grande do Sul,43,43026,Porto Alegre,4305,Metropolitana de Porto Alegre,4,S,Sul,IBGE_API
4320578,Sete de Setembro,RS,Rio Grande do Sul,43,43006,Cerro Largo,4301,Noroeste Rio-grandense,4,S,Sul,IBGE_API
4320602,Severiano de Almeida,RS,Rio Grande do Sul,43,43004,Erechim,4301,Noroeste Rio-grandense,4,S,Sul,IBGE_API
4320651,Silveira Martins,RS,Rio Grande do Sul,43,43019,Restinga Seca,4303,Centro Ocidental Rio-grandense,4,S,Sul,IBGE_API
4320677,Sinimbu,RS,Rio Grande do Sul,43,43020,Santa Cruz do Sul,4304,Centro Oriental Rio-grandense,4,S,Sul,IBGE_API
4320701,Sobradinho,RS,Rio Grande do Sul,43,43020,Santa Cruz do Sul,4304,Centro Oriental Rio-grandense,4,S,Sul,IBGE_API
4320800,Soledade,RS,Rio Grande do Sul,43,43013,Soledade,4301,Noroeste Rio-grandense,4,S,Sul,IBGE_API
4320859,Tabaí,RS,Rio Grande do Sul,43,43021,Lajeado-Estrela,4304,Centro Oriental Rio-grandense,4,S,Sul,IBGE_API
4320909,Tapejara,RS,Rio Grande do Sul,43,43010,Passo Fundo,4301,Noroeste Rio-grandense,4,S,Sul,IBGE_API
4321006,Tapera,RS,Rio Grande do Sul,43,43012,Não-Me-Toque,4301,Noroeste Rio-grandense,4,S,Sul,IBGE_API
4321105,Tapes,RS,Rio Grande do Sul,43,43028,Camaquã,4305,Metropolitana de Porto Alegre,4,S,Sul,IBGE_API
4321204,Taquara,RS,Rio Grande do Sul,43,43024,Gramado-Canela,4305,Metropolitana de Porto Alegre,4,S,Sul,IBGE_API
4321303,Taquari,RS,Rio Grande do Sul,43,43021,Lajeado-Estrela,4304,Centro Oriental Rio-grandense,4,S,Sul,IBGE_API
4321329,Taquaruçu do Sul,RS,Rio Grande do Sul,43,43003,Frederico Westphalen,4301,Noroeste Rio-grandense,4,S,Sul,IBGE_API
4321352,Tavares,RS,Rio Grande do Sul,43,43027,Osório,4305,Metropolitana de Porto Alegre,4,S,Sul,IBGE_API
4321402,Tenente Portela,RS,Rio Grande do Sul,43,43002,Três Passos,4301,Noroeste Rio-grandense,4,S,Sul,IBGE_API
4321436,Terra de Areia,RS,Rio Grande do Sul,43,43027,Osório,4305,Metropolitana de Porto Alegre,4,S,Sul,IBGE_API
4321451,Teutônia,RS,Rio Grande do Sul,43,43021,Lajeado-Estrela,4304,Centro Oriental Rio-grandense,4,S,Sul,IBGE_API
4321469,Tio Hugo,RS,Rio Grande do Sul,43,43012,Não-Me-Toque,4301,Noroeste Rio-grandense,4,S,Sul,IBGE_API
4321477,Tiradentes do Sul,RS,Rio Grande do Sul,43,43002,Três Passos,4301,Noroeste Rio-grandense,4,S,Sul,IBGE_API
4321493,Toropi,RS,Rio Grande do Sul,43,43018,Santa Maria,4303,Centro Ocidental Rio-grandense,4,S,Sul,IBGE_API
4321501,Torres,RS,Rio Grande do Sul,43,43027,Osório,4305,Metropolitana de Porto Alegre,4,S,Sul,IBGE_API
4321600,Tramandaí,RS,Rio Grande do Sul,43,43027,Osório,4305,Metropolitana de Porto Alegre,4,S,Sul,IBGE_API
4321626,Travesseiro,RS,Rio Grande do Sul,43,43021,Lajeado-Estrela,4304,Centro Oriental Rio-grandense,4,S,Sul,IBGE_API
4321634,Três Arroios,RS,Rio Grande do Sul,43,43004,Erechim,4301,Noroeste Rio-grandense,4,S,Sul,IBGE_API
4321667,Três Cachoeiras,RS,Rio Grande do Sul,43,43027,Osório,4305,Metropolitana de Porto Alegre,4,S,Sul,IBGE_API
4321709,Três Coroas,RS,Rio Grande do Sul,43,43024,Gramado-Canela,4305,Metropolitana de Porto Alegre,4,S,Sul,IBGE_API
4321808,Três de Maio,RS,Rio Grande do Sul,43,43001,Santa Rosa,4301,Noroeste Rio-grandense,4,S,Sul,IBGE_API
4321832,Três Forquilhas,RS,Rio Grande do Sul,43,43027,Osório,4305,Metropolitana de Porto Alegre,4,S,Sul,IBGE_API
4321857,Três Palmeiras,RS,Rio Grande do Sul,43,43003,Frederico Westphalen,4301,Noroeste Rio-grandense,4,S,Sul,IBGE_API
4321907,Três Passos,RS,Rio Grande do Sul,43,43002,Três Passos,4301,Noroeste Rio-grandense,4,S,Sul,IBGE_API
4321956,Trindade do Sul,RS,Rio Grande do Sul,43,43003,Frederico Westphalen,4301,Noroeste Rio-grandense,4,S,Sul,IBGE_API
4322004,Triunfo,RS,Rio Grande do Sul,43,43025,São Jerônimo,4305,Metropolitana de Porto Alegre,4,S,Sul,IBGE_API
4322103,Tucunduva,RS,Rio Grande do Sul,43,43001,Santa Rosa,4301,Noroeste Rio-grandense,4,S,Sul,IBGE_API
4322152,Tunas,RS,Rio Grande do Sul,43,43013,Soledade,4301,Noroeste Rio-grandense,4,S,Sul,IBGE_API
4322186,Tupanci do Sul,RS,Rio Grande do Sul,43,43005,Sananduva,4301,Noroeste Rio-grandense,4,S,Sul,IBGE_API
4322202,Tupanciretã,RS,Rio Grande do Sul,43,43017,Santiago,4303,Centro Ocidental Rio-grandense,4,S,Sul,IBGE_API
4322251,Tupandi,RS,Rio Grande do Sul,43,43023,Montenegro,4305,Metropolitana de Porto Alegre,4,S,Sul,IBGE_API
4322301,Tuparendi,RS,Rio Grande do Sul,43,43001,Santa Rosa,4301,Noroeste Rio-grandense,4,S,Sul,IBGE_API
4322327,Turuçu,RS,Rio Grande do Sul,43,43033,Pelotas,4307,Sudeste Rio-grandense,4,S,Sul,IBGE_API
4322343,Ubiretama,RS,Rio Grande do Sul,43,43007,Santo Ângelo,4301,Noroeste Rio-grandense,4,S,Sul,IBGE_API
4322350,União da Serra,RS,Rio Grande do Sul,43,43014,Guaporé,4302,Nordeste Rio-grandense,4,S,Sul,IBGE_API
4322376,Unistalda,RS,Rio Grande do Sul,43,43017,Santiago,4303,Centro Ocidental Rio-grandense,4,S,Sul,IBGE_API
4322400,Uruguaiana,RS,Rio Grande do Sul,43,43029,Campanha Ocidental,4306,Sudoeste Rio-grandense,4,S,Sul,IBGE_API
4322509,Vacaria,RS,Rio Grande do Sul,43,43015,Vacaria,4302,Nordeste Rio-grandense,4,S,Sul,IBGE_API
4322525,Vale Verde,RS,Rio Grande do Sul,43,43025,São Jerônimo,4305,Metropolitana de Porto Alegre,4,S,Sul,IBGE_API
4322533,Vale do Sol,RS,Rio Grande do Sul,43,43020,Santa Cruz do Sul,4304,Centro Oriental Rio-grandense,4,S,Sul,IBGE_API
4322541,Vale Real,RS,Rio Grande do Sul,43,43023,Montenegro,4305,Metropolitana de Porto Alegre,4,S,Sul,IBGE_API
4322558,Vanini,RS,Rio Grande do Sul,43,43010,Passo Fundo,4301,Noroeste Rio-grandense,4,S,Sul,IBGE_API
4322608,Venâncio Aires,RS,Rio Grande do Sul,43,43020,Santa Cruz do Sul,4304,Centro Oriental Rio-grandense,4,S,Sul,IBGE_API
4322707,Vera Cruz,RS,Rio Grande do Sul,43,43020,Santa Cruz do Sul,4304,Centro Oriental Rio-grandense,4,S,Sul,IBGE_API
4322806,Veranópolis,RS,Rio Grande do Sul,43,43016,Caxias do Sul,4302,Nordeste Rio-grandense,4,S,Sul,IBGE_API
4322855,Vespasiano Corrêa,RS,Rio Grande do Sul,43,43021,Lajeado-Estrela,4304,Centro Oriental Rio-grandense,4,S,Sul,IBGE_API
4322905,Viadutos,RS,Rio Grande do Sul,43,43004,Erechim,4301,Noroeste Rio-grandense,4,S,Sul,IBGE_API
4323002,Viamão,RS,Rio Grande do Sul,43,43026,Porto Alegre,4305,Metropolitana de Porto Alegre,4,S,Sul,IBGE_API
4323101,Vicente Dutra,RS,Rio Grande do Sul,43,43003,Frederico Westphalen,4301,Noroeste Rio-grandense,4,S,Sul,IBGE_API
4323200,Victor Graeff,RS,Rio Grande do Sul,43,43012,Não-Me-Toque,4301,Noroeste Rio-grandense,4,S,Sul,IBGE_API
4323309,Vila Flores,RS,Rio Grande do Sul,43,43016,Caxias do Sul,4302,Nordeste Rio-grandense,4,S,Sul,IBGE_API
4323358,Vila Lângaro,RS,Rio Grande do Sul,43,43010,Passo Fundo,4301,Noroeste Rio-grandense,4,S,Sul,IBGE_API
4323408,Vila Maria,RS,Rio Grande do Sul,43,43010,Passo Fundo,4301,Noroeste Rio-grandense,4,S,Sul,IBGE_API
4323457,Vila Nova do Sul,RS,Rio Grande do Sul,43,43018,Santa Maria,4303,Centro Ocidental Rio-grandense,4,S,Sul,IBGE_API
4323507,Vista Alegre,RS,Rio Grande do Sul,43,43003,Frederico Westphalen,4301,Noroeste Rio-grandense,4,S,Sul,IBGE_API
4323606,Vista Alegre do Prata,RS,Rio Grande do Sul,43,43014,Guaporé,4302,Nordeste Rio-grandense,4,S,Sul,IBGE_API
4323705,Vista Gaúcha,RS,Rio Grande do Sul,43,43002,Três Passos,4301,Noroeste Rio-grandense,4,S,Sul,IBGE_API
4323754,Vitória das Missões,RS,Rio Grande do Sul,43,43007,Santo Ângelo,4301,Noroeste Rio-grandense,4,S,Sul,IBGE_API
4323770,Westfália,RS,Rio Grande do Sul,43,43021,Lajeado-Estrela,4304,Centro Oriental Rio-grandense,4,S,Sul,IBGE_API
4323804,Xangri-lá,RS,Rio Grande do Sul,43,43027,Osório,4305,Metropolitana de Porto Alegre,4,S,Sul,IBGE_API
5000203,Água Clara,MS,Mato Grosso do Sul,50,50007,Três Lagoas,5003,Leste de Mato Grosso do Sul,5,CO,Centro-Oeste,IBGE_API
5000252,Alcinópolis,MS,Mato Grosso do Sul,50,50003,Alto Taquari,5002,Centro Norte de Mato Grosso do Sul,5,CO,Centro-Oeste,IBGE_API
5000609,Amambai,MS,Mato Grosso do Sul,50,50010,Dourados,5004,Sudoeste de Mato Grosso do Sul,5,CO,Centro-Oeste,IBGE_API
5000708,Anastácio,MS,Mato Grosso do Sul,50,50002,Aquidauana,5001,Pantanais Sul Mato-grossense,5,CO,Centro-Oeste,IBGE_API
5000807,Anaurilândia,MS,Mato Grosso do Sul,50,50008,Nova Andradina,5003,Leste de Mato Grosso do Sul,5,CO,Centro-Oeste,IBGE_API
5000856,Angélica,MS,Mato Grosso do Sul,50,50011,Iguatemi,5004,Sudoeste de Mato Grosso do Sul,5,CO,Centro-Oeste,IBGE_API
5000906,Antônio João,MS,Mato Grosso do Sul,50,50010,Dourados,5004,Sudoeste de Mato Grosso do Sul,5,CO,Centro-Oeste,IBGE_API
5001003,Aparecida do Taboado,MS,Mato Grosso do Sul,50,50006,Paranaíba,5003,Leste de Mato Grosso do Sul,5,CO,Centro-Oeste,IBGE_API
5001102,Aquidauana,MS,Mato Grosso do Sul,50,50002,Aquidauana,5001,Pantanais Sul Mato-grossense,5,CO,Centro-Oeste,IBGE_API
5001243,Aral Moreira,MS,Mato Grosso do Sul,50,50010,Dourados,5004,Sudoeste de Mato Grosso do Sul,5,CO,Centro-Oeste,IBGE_API
5001508,Bandeirantes,MS,Mato Grosso do Sul,50,50004,Campo Grande,5002,Centro Norte de Mato Grosso do Sul,5,CO,Centro-Oeste,IBGE_API
5001904,Bataguassu,MS,Mato Grosso do Sul,50,50008,Nova Andradina,5003,Leste de Mato Grosso do Sul,5,CO,Centro-Oeste,IBGE_API
5002001,Batayporã,MS,Mato Grosso do Sul,50,50008,Nova Andradina,5003,Leste de Mato Grosso do Sul,5,CO,Centro-Oeste,IBGE_API
5002100,Bela Vista,MS,Mato Grosso do Sul,50,50009,Bodoquena,5004,Sudoeste de Mato Grosso do Sul,5,CO,Centro-Oeste,IBGE_API
5002159,Bodoquena,MS,Mato Grosso do Sul,50,50009,Bodoquena,5004,Sudoeste de Mato Grosso do Sul,5,CO,Centro-Oeste,IBGE_API
5002209,Bonito,MS,Mato Grosso do Sul,50,50009,Bodoquena,5004,Sudoeste de Mato Grosso do Sul,5,CO,Centro-Oeste,IBGE_API
5002308,Brasilândia,MS,Mato Grosso do Sul,50,50007,Três Lagoas,5003,Leste de Mato Grosso do Sul,5,CO,Centro-Oeste,IBGE_API
5002407,Caarapó,MS,Mato Grosso do Sul,50,50010,Dourados,5004,Sudoeste de Mato Grosso do Sul,5,CO,Centro-Oeste,IBGE_API
5002605,Camapuã,MS,Mato Grosso do Sul,50,50003,Alto Taquari,5002,Centro Norte de Mato Grosso do Sul,5,CO,Centro-Oeste,IBGE_API
5002704,Campo Grande,MS,Mato Grosso do Sul,50,50004,Campo Grande,5002,Centro Norte de Mato Grosso do Sul,5,CO,Centro-Oeste,IBGE_API
5002803,Caracol,MS,Mato Grosso do Sul,50,50009,Bodoquena,5004,Sudoeste de Mato Grosso do Sul,5,CO,Centro-Oeste,IBGE_API
5002902,Cassilândia,MS,Mato Grosso do Sul,50,50005,Cassilândia,5003,Leste de Mato Grosso do Sul,5,CO,Centro-Oeste,IBGE_API
5002951,Chapadão do Sul,MS,Mato Grosso do Sul,50,50005,Cassilândia,5003,Leste de Mato Grosso do Sul,5,CO,Centro-Oeste,IBGE_API
5003108,Corguinho,MS,Mato Grosso do Sul,50,50004,Campo Grande,5002,Centro Norte de Mato Grosso do Sul,5,CO,Centro-Oeste,IBGE_API
5003157,Coronel Sapucaia,MS,Mato Grosso do Sul,50,50011,Iguatemi,5004,Sudoeste de Mato Grosso do Sul,5,CO,Centro-Oeste,IBGE_API
5003207,Corumbá,MS,Mato Grosso do Sul,50,50001,Baixo Pantanal,5001,Pantanais Sul Mato-grossense,5,CO,Centro-Oeste,IBGE_API
5003256,Costa Rica,MS,Mato Grosso do Sul,50,50005,Cassilândia,5003,Leste de Mato Grosso do Sul,5,CO,Centro-Oeste,IBGE_API
5003306,Coxim,MS,Mato Grosso do Sul,50,50003,Alto Taquari,5002,Centro Norte de Mato Grosso do Sul,5,CO,Centro-Oeste,IBGE_API
5003454,Deodápolis,MS,Mato Grosso do Sul,50,50011,Iguatemi,5004,Sudoeste de Mato Grosso do Sul,5,CO,Centro-Oeste,IBGE_API
5003488,Dois Irmãos do Buriti,MS,Mato Grosso do Sul,50,50002,Aquidauana,5001,Pantanais Sul Mato-grossense,5,CO,Centro-Oeste,IBGE_API
5003504,Douradina,MS,Mato Grosso do Sul,50,50010,Dourados,5004,Sudoeste de Mato Grosso do Sul,5,CO,Centro-Oeste,IBGE_API
5003702,Dourados,MS,Mato Grosso do Sul,50,50010,Dourados,5004,Sudoeste de Mato Grosso do Sul,5,CO,Centro-Oeste,IBGE_API
5003751,Eldorado,MS,Mato Grosso do Sul,50,50011,Iguatemi,5004,Sudoeste de Mato Grosso do Sul,5,CO,Centro-Oeste,IBGE_API
5003801,Fátima do Sul,MS,Mato Grosso do Sul,50,50010,Dourados,5004,Sudoeste de Mato Grosso do Sul,5,CO,Centro-Oeste,IBGE_API
5003900,Figueirão,MS,Mato Grosso do Sul,50,50003,Alto Taquari,5002,Centro Norte de Mato Grosso do Sul,5,CO,Centro-Oeste,IBGE_API
5004007,Glória de Dourados,MS,Mato Grosso do Sul,50,50011,Iguatemi,5004,Sudoeste de Mato Grosso do Sul,5,CO,Centro-Oeste,IBGE_API
5004106,Guia Lopes da Laguna,MS,Mato Grosso do Sul,50,50009,Bodoquena,5004,Sudoeste de Mato Grosso do Sul,5,CO,Centro-Oeste,IBGE_API
5004304,Iguatemi,MS,Mato Grosso do Sul,50,50011,Iguatemi,5004,Sudoeste de Mato Grosso do Sul,5,CO,Centro-Oeste,IBGE_API
5004403,Inocência,MS,Mato Grosso do Sul,50,50006,Paranaíba,5003,Leste de Mato Grosso do Sul,5,CO,Centro-Oeste,IBGE_API
5004502,Itaporã,MS,Mato Grosso do Sul,50,50010,Dourados,5004,Sudoeste de Mato Grosso do Sul,5,CO,Centro-Oeste,IBGE_API
5004601,Itaquiraí,MS,Mato Grosso do Sul,50,50011,Iguatemi,5004,Sudoeste de Mato Grosso do Sul,5,CO,Centro-Oeste,IBGE_API
5004700,Ivinhema,MS,Mato Grosso do Sul,50,50011,Iguatemi,5004,Sudoeste de Mato Grosso do Sul,5,CO,Centro-Oeste,IBGE_API
5004809,Japorã,MS,Mato Grosso do Sul,50,50011,Iguatemi,5004,Sudoeste de Mato Grosso do Sul,5,CO,Centro-Oeste,IBGE_API
5004908,Jaraguari,MS,Mato Grosso do Sul,50,50004,Campo Grande,5002,Centro Norte de Mato Grosso do Sul,5,CO,Centro-Oeste,IBGE_API
5005004,Jardim,MS,Mato Grosso do Sul,50,50009,Bodoquena,5004,Sudoeste de Mato Grosso do Sul,5,CO,Centro-Oeste,IBGE_API
5005103,Jateí,MS,Mato Grosso do Sul,50,50011,Iguatemi,5004,Sudoeste de Mato Grosso do Sul,5,CO,Centro-Oeste,IBGE_API
5005152,Juti,MS,Mato Grosso do Sul,50,50010,Dourados,5004,Sudoeste de Mato Grosso do Sul,5,CO,Centro-Oeste,IBGE_API
5005202,Ladário,MS,Mato Grosso do Sul,50,50001,Baixo Pantanal,5001,Pantanais Sul Mato-grossense,5,CO,Centro-Oeste,IBGE_API
5005251,Laguna Carapã,MS,Mato Grosso do Sul,50,50010,Dourados,5004,Sudoeste de Mato Grosso do Sul,5,CO,Centro-Oeste,IBGE_API
5005400,Maracaju,MS,Mato Grosso do Sul,50,50010,Dourados,5004,Sudoeste de Mato Grosso do Sul,5,CO,Centro-Oeste,IBGE_API
5005608,Miranda,MS,Mato Grosso do Sul,50,50002,Aquidauana,5001,Pantanais Sul Mato-grossense,5,CO,Centro-Oeste,IBGE_API
5005681,Mundo Novo,MS,Mato Grosso do Sul,50,50011,Iguatemi,5004,Sudoeste de Mato Grosso do Sul,5,CO,Centro-Oeste,IBGE_API
5005707,Naviraí,MS,Mato Grosso do Sul,50,50011,Iguatemi,5004,Sudoeste de Mato Grosso do Sul,5,CO,Centro-Oeste,IBGE_API
5005806,Nioaque,MS,Mato Grosso do Sul,50,50009,Bodoquena,5004,Sudoeste de Mato Grosso do Sul,5,CO,Centro-Oeste,IBGE_API
5006002,Nova Alvorada do Sul,MS,Mato Grosso do Sul,50,50010,Dourados,5004,Sudoeste de Mato Grosso do Sul,5,CO,Centro-Oeste,IBGE_API
5006200,Nova Andradina,MS,Mato Grosso do Sul,50,50008,Nova Andradina,5003,Leste de Mato Grosso do Sul,5,CO,Centro-Oeste,IBGE_API
5006259,Novo Horizonte do Sul,MS,Mato Grosso do Sul,50,50011,Iguatemi,5004,Sudoeste de Mato Grosso do Sul,5,CO,Centro-Oeste,IBGE_API
5006275,Paraíso das Águas,MS,Mato Grosso do Sul,50,50005,Cassilândia,5003,Leste de Mato Grosso do Sul,5,CO,Centro-Oeste,IBGE_API
5006309,Paranaíba,MS,Mato Grosso do Sul,50,50006,Paranaíba,5003,Leste de Mato Grosso do Sul,5,CO,Centro-Oeste,IBGE_API
5006358,Paranhos,MS,Mato Grosso do Sul,50,50011,Iguatemi,5004,Sudoeste de Mato Grosso do Sul,5,CO,Centro-Oeste,IBGE_API
5006408,Pedro Gomes,MS,Mato Grosso do Sul,50,50003,Alto Taquari,5002,Centro Norte de Mato Grosso do Sul,5,CO,Centro-Oeste,IBGE_API
5006606,Ponta Porã,MS,Mato Grosso do Sul,50,50010,Dourados,5004,Sudoeste de Mato Grosso do Sul,5,CO,Centro-Oeste,IBGE_API
5006903,Porto Murtinho,MS,Mato Grosso do Sul,50,50001,Baixo Pantanal,5001,Pantanais Sul Mato-grossense,5,CO,Centro-Oeste,IBGE_API
5007109,Ribas do Rio Pardo,MS,Mato Grosso do Sul,50,50007,Três Lagoas,5003,Leste de Mato Grosso do Sul,5,CO,Centro-Oeste,IBGE_API
5007208,Rio Brilhante,MS,Mato Grosso do Sul,50,50010,Dourados,5004,Sudoeste de Mato Grosso do Sul,5,CO,Centro-Oeste,IBGE_API
5007307,Rio Negro,MS,Mato Grosso do Sul,50,50004,Campo Grande,5002,Centro Norte de Mato Grosso do Sul,5,CO,Centro-Oeste,IBGE_API
5007406,Rio Verde de Mato Grosso,MS,Mato Grosso do Sul,50,50003,Alto Taquari,5002,Centro Norte de Mato Grosso do Sul,5,CO,Centro-Oeste,IBGE_API
5007505,Rochedo,MS,Mato Grosso do Sul,50,50004,Campo Grande,5002,Centro Norte de Mato Grosso do Sul,5,CO,Centro-Oeste,IBGE_API
5007554,Santa Rita do Pardo,MS,Mato Grosso do Sul,50,50007,Três Lagoas,5003,Leste de Mato Grosso do Sul,5,CO,Centro-Oeste,IBGE_API
5007695,São Gabriel do Oeste,MS,Mato Grosso do Sul,50,50003,Alto Taquari,5002,Centro Norte de Mato Grosso do Sul,5,CO,Centro-Oeste,IBGE_API
5007703,Sete Quedas,MS,Mato Grosso do Sul,50,50011,Iguatemi,5004,Sudoeste de Mato Grosso do Sul,5,CO,Centro-Oeste,IBGE_API
5007802,Selvíria,MS,Mato Grosso do Sul,50,50006,Paranaíba,5003,Leste de Mato Grosso do Sul,5,CO,Centro-Oeste,IBGE_API
5007901,Sidrolândia,MS,Mato Grosso do Sul,50,50004,Campo Grande,5002,Centro Norte de Mato Grosso do Sul,5,CO,Centro-Oeste,IBGE_API
5007935,Sonora,MS,Mato Grosso do Sul,50,50003,Alto Taquari,5002,Centro Norte de Mato Grosso do Sul,5,CO,Centro-Oeste,IBGE_API
5007950,Tacuru,MS,Mato Grosso do Sul,50,50011,Iguatemi,5004,Sudoeste de Mato Grosso do Sul,5,CO,Centro-Oeste,IBGE_API
5007976,Taquarussu,MS,Mato Grosso do Sul,50,50008,Nova Andradina,5003,Leste de Mato Grosso do Sul,5,CO,Centro-Oeste,IBGE_API
5008008,Terenos,MS,Mato Grosso do Sul,50,50004,Campo Grande,5002,Centro Norte de Mato Grosso do Sul,5,CO,Centro-Oeste,IBGE_API
5008305,Três Lagoas,MS,Mato Grosso do Sul,50,50007,Três Lagoas,5003,Leste de Mato Grosso do Sul,5,CO,Centro-Oeste,IBGE_API
5008404,Vicentina,MS,Mato Grosso do Sul,50,50010,Dourados,5004,Sudoeste de Mato Grosso do Sul,5,CO,Centro-Oeste,IBGE_API
5100102,Acorizal,MT,Mato Grosso,51,51016,Rosário Oeste,5104,Centro-Sul Mato-grossense,5,CO,Centro-Oeste,IBGE_API
5100201,Água Boa,MT,Mato Grosso,51,51010,Canarana,5102,Nordeste Mato-grossense,5,CO,Centro-Oeste,IBGE_API
5100250,Alta Floresta,MT,Mato Grosso,51,51002,Alta Floresta,5101,Norte Mato-grossense,5,CO,Centro-Oeste,IBGE_API
5100300,Alto Araguaia,MT,Mato Grosso,51,51022,Alto Araguaia,5105,Sudeste Mato-grossense,5,CO,Centro-Oeste,IBGE_API
5100359,Alto Boa Vista,MT,Mato Grosso,51,51009,Norte Araguaia,5102,Nordeste Mato-grossense,5,CO,Centro-Oeste,IBGE_API
5100409,Alto Garças,MT,Mato Grosso,51,51022,Alto Araguaia,5105,Sudeste Mato-grossense,5,CO,Centro-Oeste,IBGE_API
5100508,Alto Paraguai,MT,Mato Grosso,51,51015,Alto Paraguai,5104,Centro-Sul Mato-grossense,5,CO,Centro-Oeste,IBGE_API
5100607,Alto Taquari,MT,Mato Grosso,51,51022,Alto Araguaia,5105,Sudeste Mato-grossense,5,CO,Centro-Oeste,IBGE_API
5100805,Apiacás,MT,Mato Grosso,51,51002,Alta Floresta,5101,Norte Mato-grossense,5,CO,Centro-Oeste,IBGE_API
5101001,Araguaiana,MT,Mato Grosso,51,51011,Médio Araguaia,5102,Nordeste Mato-grossense,5,CO,Centro-Oeste,IBGE_API
5101209,Araguainha,MT,Mato Grosso,51,51020,Tesouro,5105,Sudeste Mato-grossense,5,CO,Centro-Oeste,IBGE_API
5101258,Araputanga,MT,Mato Grosso,51,51014,Jauru,5103,Sudoeste Mato-grossense,5,CO,Centro-Oeste,IBGE_API
5101308,Arenápolis,MT,Mato Grosso,51,51015,Alto Paraguai,5104,Centro-Sul Mato-grossense,5,CO,Centro-Oeste,IBGE_API
5101407,Aripuanã,MT,Mato Grosso,51,51001,Aripuanã,5101,Norte Mato-grossense,5,CO,Centro-Oeste,IBGE_API
5101605,Barão de Melgaço,MT,Mato Grosso,51,51018,Alto Pantanal,5104,Centro-Sul Mato-grossense,5,CO,Centro-Oeste,IBGE_API
5101704,Barra do Bugres,MT,Mato Grosso,51,51013,Tangará da Serra,5103,Sudoeste Mato-grossense,5,CO,Centro-Oeste,IBGE_API
5101803,Barra do Garças,MT,Mato Grosso,51,51011,Médio Araguaia,5102,Nordeste Mato-grossense,5,CO,Centro-Oeste,IBGE_API
5101837,Boa Esperança do Norte,MT,Mato Grosso,51,,,,,5,CO,Centro-Oeste,IBGE_API
5101852,Bom Jesus do Araguaia,MT,Mato Grosso,51,51009,Norte Araguaia,5102,Nordeste Mato-grossense,5,CO,Centro-Oeste,IBGE_API
5101902,Brasnorte,MT,Mato Grosso,51,51001,Aripuanã,5101,Norte Mato-grossense,5,CO,Centro-Oeste,IBGE_API
5102504,Cáceres,MT,Mato Grosso,51,51018,Alto Pantanal,5104,Centro-Sul Mato-grossense,5,CO,Centro-Oeste,IBGE_API
5102603,Campinápolis,MT,Mato Grosso,51,51010,Canarana,5102,Nordeste Mato-grossense,5,CO,Centro-Oeste,IBGE_API
5102637,Campo Novo do Parecis,MT,Mato Grosso,51,51004,Parecis,5101,Norte Mato-grossense,5,CO,Centro-Oeste,IBGE_API
5102678,Campo Verde,MT,Mato Grosso,51,51019,Primavera do Leste,5105,Sudeste Mato-grossense,5,CO,Centro-Oeste,IBGE_API
5102686,Campos de Júlio,MT,Mato Grosso,51,51004,Parecis,5101,Norte Mato-grossense,5,CO,Centro-Oeste,IBGE_API
5102694,Canabrava do Norte,MT,Mato Grosso,51,51009,Norte Araguaia,5102,Nordeste Mato-grossense,5,CO,Centro-Oeste,IBGE_API
5102702,Canarana,MT,Mato Grosso,51,51010,Canarana,5102,Nordeste Mato-grossense,5,CO,Centro-Oeste,IBGE_API
5102793,Carlinda,MT,Mato Grosso,51,51002,Alta Floresta,5101,Norte Mato-grossense,5,CO,Centro-Oeste,IBGE_API
5102850,Castanheira,MT,Mato Grosso,51,51001,Aripuanã,5101,Norte Mato-grossense,5,CO,Centro-Oeste,IBGE_API
5103007,Chapada dos Guimarães,MT,Mato Grosso,51,51017,Cuiabá,5104,Centro-Sul Mato-grossense,5,CO,Centro-Oeste,IBGE_API
5103056,Cláudia,MT,Mato Grosso,51,51007,Sinop,5101,Norte Mato-grossense,5,CO,Centro-Oeste,IBGE_API
5103106,Cocalinho,MT,Mato Grosso,51,51011,Médio Araguaia,5102,Nordeste Mato-grossense,5,CO,Centro-Oeste,IBGE_API
5103205,Colíder,MT,Mato Grosso,51,51003,Colíder,5101,Norte Mato-grossense,5,CO,Centro-Oeste,IBGE_API
5103254,Colniza,MT,Mato Grosso,51,51001,Aripuanã,5101,Norte Mato-grossense,5,CO,Centro-Oeste,IBGE_API
5103304,Comodoro,MT,Mato Grosso,51,51004,Parecis,5101,Norte Mato-grossense,5,CO,Centro-Oeste,IBGE_API
5103353,Confresa,MT,Mato Grosso,51,51009,Norte Araguaia,5102,Nordeste Mato-grossense,5,CO,Centro-Oeste,IBGE_API
5103361,Conquista D'Oeste,MT,Mato Grosso,51,51012,Alto Guaporé,5103,Sudoeste Mato-grossense,5,CO,Centro-Oeste,IBGE_API
5103379,Cotriguaçu,MT,Mato Grosso,51,51001,Aripuanã,5101,Norte Mato-grossense,5,CO,Centro-Oeste,IBGE_API
5103403,Cuiabá,MT,Mato Grosso,51,51017,Cuiabá,5104,Centro-Sul Mato-grossense,5,CO,Centro-Oeste,IBGE_API
5103437,Curvelândia,MT,Mato Grosso,51,51018,Alto Pantanal,5104,Centro-Sul Mato-grossense,5,CO,Centro-Oeste,IBGE_API
5103452,Denise,MT,Mato Grosso,51,51013,Tangará da Serra,5103,Sudoeste Mato-grossense,5,CO,Centro-Oeste,IBGE_API
5103502,Diamantino,MT,Mato Grosso,51,51004,Parecis,5101,Norte Mato-grossense,5,CO,Centro-Oeste,IBGE_API
5103601,Dom Aquino,MT,Mato Grosso,51,51021,Rondonópolis,5105,Sudeste Mato-grossense,5,CO,Centro-Oeste,IBGE_API
5103700,Feliz Natal,MT,Mato Grosso,51,51007,Sinop,5101,Norte Mato-grossense,5,CO,Centro-Oeste,IBGE_API
5103809,Figueirópolis D'Oeste,MT,Mato Grosso,51,51014,Jauru,5103,Sudoeste Mato-grossense,5,CO,Centro-Oeste,IBGE_API
5103858,Gaúcha do Norte,MT,Mato Grosso,51,51008,Paranatinga,5101,Norte Mato-grossense,5,CO,Centro-Oeste,IBGE_API
5103908,General Carneiro,MT,Mato Grosso,51,51020,Tesouro,5105,Sudeste Mato-grossense,5,CO,Centro-Oeste,IBGE_API
5103957,Glória D'Oeste,MT,Mato Grosso,51,51014,Jauru,5103,Sudoeste Mato-grossense,5,CO,Centro-Oeste,IBGE_API
5104104,Guarantã do Norte,MT,Mato Grosso,51,51003,Colíder,5101,Norte Mato-grossense,5,CO,Centro-Oeste,IBGE_API
5104203,Guiratinga,MT,Mato Grosso,51,51020,Tesouro,5105,Sudeste Mato-grossense,5,CO,Centro-Oeste,IBGE_API
5104500,Indiavaí,MT,Mato Grosso,51,51014,Jauru,5103,Sudoeste Mato-grossense,5,CO,Centro-Oeste,IBGE_API
5104526,Ipiranga do Norte,MT,Mato Grosso,51,51006,Alto Teles Pires,5101,Norte Mato-grossense,5,CO,Centro-Oeste,IBGE_API
5104542,Itanhangá,MT,Mato Grosso,51,51006,Alto Teles Pires,5101,Norte Mato-grossense,5,CO,Centro-Oeste,IBGE_API
5104559,Itaúba,MT,Mato Grosso,51,51007,Sinop,5101,Norte Mato-grossense,5,CO,Centro-Oeste,IBGE_API
5104609,Itiquira,MT,Mato Grosso,51,51021,Rondonópolis,5105,Sudeste Mato-grossense,5,CO,Centro-Oeste,IBGE_API
5104807,Jaciara,MT,Mato Grosso,51,51021,Rondonópolis,5105,Sudeste Mato-grossense,5,CO,Centro-Oeste,IBGE_API
5104906,Jangada,MT,Mato Grosso,51,51016,Rosário Oeste,5104,Centro-Sul Mato-grossense,5,CO,Centro-Oeste,IBGE_API
5105002,Jauru,MT,Mato Grosso,51,51014,Jauru,5103,Sudoeste Mato-grossense,5,CO,Centro-Oeste,IBGE_API
5105101,Juara,MT,Mato Grosso,51,51005,Arinos,5101,Norte Mato-grossense,5,CO,Centro-Oeste,IBGE_API
5105150,Juína,MT,Mato Grosso,51,51001,Aripuanã,5101,Norte Mato-grossense,5,CO,Centro-Oeste,IBGE_API
5105176,Juruena,MT,Mato Grosso,51,51001,Aripuanã,5101,Norte Mato-grossense,5,CO,Centro-Oeste,IBGE_API
5105200,Juscimeira,MT,Mato Grosso,51,51021,Rondonópolis,5105,Sudeste Mato-grossense,5,CO,Centro-Oeste,IBGE_API
5105234,Lambari D'Oeste,MT,Mato Grosso,51,51014,Jauru,5103,Sudoeste Mato-grossense,5,CO,Centro-Oeste,IBGE_API
5105259,Lucas do Rio Verde,MT,Mato Grosso,51,51006,Alto Teles Pires,5101,Norte Mato-grossense,5,CO,Centro-Oeste,IBGE_API
5105309,Luciara,MT,Mato Grosso,51,51009,Norte Araguaia,5102,Nordeste Mato-grossense,5,CO,Centro-Oeste,IBGE_API
5105507,Vila Bela da Santíssima Trindade,MT,Mato Grosso,51,51012,Alto Guaporé,5103,Sudoeste Mato-grossense,5,CO,Centro-Oeste,IBGE_API
5105580,Marcelândia,MT,Mato Grosso,51,51007,Sinop,5101,Norte Mato-grossense,5,CO,Centro-Oeste,IBGE_API
5105606,Matupá,MT,Mato Grosso,51,51003,Colíder,5101,Norte Mato-grossense,5,CO,Centro-Oeste,IBGE_API
5105622,Mirassol d'Oeste,MT,Mato Grosso,51,51014,Jauru,5103,Sudoeste Mato-grossense,5,CO,Centro-Oeste,IBGE_API
5105903,Nobres,MT,Mato Grosso,51,51006,Alto Teles Pires,5101,Norte Mato-grossense,5,CO,Centro-Oeste,IBGE_API
5106000,Nortelândia,MT,Mato Grosso,51,51015,Alto Paraguai,5104,Centro-Sul Mato-grossense,5,CO,Centro-Oeste,IBGE_API
5106109,Nossa Senhora do Livramento,MT,Mato Grosso,51,51017,Cuiabá,5104,Centro-Sul Mato-grossense,5,CO,Centro-Oeste,IBGE_API
5106158,Nova Bandeirantes,MT,Mato Grosso,51,51002,Alta Floresta,5101,Norte Mato-grossense,5,CO,Centro-Oeste,IBGE_API
5106174,Nova Nazaré,MT,Mato Grosso,51,51010,Canarana,5102,Nordeste Mato-grossense,5,CO,Centro-Oeste,IBGE_API
5106182,Nova Lacerda,MT,Mato Grosso,51,51012,Alto Guaporé,5103,Sudoeste Mato-grossense,5,CO,Centro-Oeste,IBGE_API
5106190,Nova Santa Helena,MT,Mato Grosso,51,51007,Sinop,5101,Norte Mato-grossense,5,CO,Centro-Oeste,IBGE_API
5106208,Nova Brasilândia,MT,Mato Grosso,51,51008,Paranatinga,5101,Norte Mato-grossense,5,CO,Centro-Oeste,IBGE_API
5106216,Nova Canaã do Norte,MT,Mato Grosso,51,51003,Colíder,5101,Norte Mato-grossense,5,CO,Centro-Oeste,IBGE_API
5106224,Nova Mutum,MT,Mato Grosso,51,51006,Alto Teles Pires,5101,Norte Mato-grossense,5,CO,Centro-Oeste,IBGE_API
5106232,Nova Olímpia,MT,Mato Grosso,51,51013,Tangará da Serra,5103,Sudoeste Mato-grossense,5,CO,Centro-Oeste,IBGE_API
5106240,Nova Ubiratã,MT,Mato Grosso,51,51006,Alto Teles Pires,5101,Norte Mato-grossense,5,CO,Centro-Oeste,IBGE_API
5106257,Nova Xavantina,MT,Mato Grosso,51,51010,Canarana,5102,Nordeste Mato-grossense,5,CO,Centro-Oeste,IBGE_API
5106265,Novo Mundo,MT,Mato Grosso,51,51003,Colíder,5101,Norte Mato-grossense,5,CO,Centro-Oeste,IBGE_API
5106273,Novo Horizonte do Norte,MT,Mato Grosso,51,51005,Arinos,5101,Norte Mato-grossense,5,CO,Centro-Oeste,IBGE_API
5106281,Novo São Joaquim,MT,Mato Grosso,51,51010,Canarana,5102,Nordeste Mato-grossense,5,CO,Centro-Oeste,IBGE_API
5106299,Paranaíta,MT,Mato Grosso,51,51002,Alta Floresta,5101,Norte Mato-grossense,5,CO,Centro-Oeste,IBGE_API
5106307,Paranatinga,MT,Mato Grosso,51,51008,Paranatinga,5101,Norte Mato-grossense,5,CO,Centro-Oeste,IBGE_API
5106315,Novo Santo Antônio,MT,Mato Grosso,51,51009,Norte Araguaia,5102,Nordeste Mato-grossense,5,CO,Centro-Oeste,IBGE_API
5106372,Pedra Preta,MT,Mato Grosso,51,51021,Rondonópolis,5105,Sudeste Mato-grossense,5,CO,Centro-Oeste,IBGE_API
5106422,Peixoto de Azevedo,MT,Mato Grosso,51,51003,Colíder,5101,Norte Mato-grossense,5,CO,Centro-Oeste,IBGE_API
5106455,Planalto da Serra,MT,Mato Grosso,51,51008,Paranatinga,5101,Norte Mato-grossense,5,CO,Centro-Oeste,IBGE_API
5106505,Poconé,MT,Mato Grosso,51,51018,Alto Pantanal,5104,Centro-Sul Mato-grossense,5,CO,Centro-Oeste,IBGE_API
5106653,Pontal do Araguaia,MT,Mato Grosso,51,51020,Tesouro,5105,Sudeste Mato-grossense,5,CO,Centro-Oeste,IBGE_API
5106703,Ponte Branca,MT,Mato Grosso,51,51020,Tesouro,5105,Sudeste Mato-grossense,5,CO,Centro-Oeste,IBGE_API
5106752,Pontes e Lacerda,MT,Mato Grosso,51,51012,Alto Guaporé,5103,Sudoeste Mato-grossense,5,CO,Centro-Oeste,IBGE_API
5106778,Porto Alegre do Norte,MT,Mato Grosso,51,51009,Norte Araguaia,5102,Nordeste Mato-grossense,5,CO,Centro-Oeste,IBGE_API
5106802,Porto dos Gaúchos,MT,Mato Grosso,51,51005,Arinos,5101,Norte Mato-grossense,5,CO,Centro-Oeste,IBGE_API
5106828,Porto Esperidião,MT,Mato Grosso,51,51014,Jauru,5103,Sudoeste Mato-grossense,5,CO,Centro-Oeste,IBGE_API
5106851,Porto Estrela,MT,Mato Grosso,51,51013,Tangará da Serra,5103,Sudoeste Mato-grossense,5,CO,Centro-Oeste,IBGE_API
5107008,Poxoréu,MT,Mato Grosso,51,51020,Tesouro,5105,Sudeste Mato-grossense,5,CO,Centro-Oeste,IBGE_API
5107040,Primavera do Leste,MT,Mato Grosso,51,51019,Primavera do Leste,5105,Sudeste Mato-grossense,5,CO,Centro-Oeste,IBGE_API
5107065,Querência,MT,Mato Grosso,51,51010,Canarana,5102,Nordeste Mato-grossense,5,CO,Centro-Oeste,IBGE_API
5107107,São José dos Quatro Marcos,MT,Mato Grosso,51,51014,Jauru,5103,Sudoeste Mato-grossense,5,CO,Centro-Oeste,IBGE_API
5107156,Reserva do Cabaçal,MT,Mato Grosso,51,51014,Jauru,5103,Sudoeste Mato-grossense,5,CO,Centro-Oeste,IBGE_API
5107180,Ribeirão Cascalheira,MT,Mato Grosso,51,51009,Norte Araguaia,5102,Nordeste Mato-grossense,5,CO,Centro-Oeste,IBGE_API
5107198,Ribeirãozinho,MT,Mato Grosso,51,51020,Tesouro,5105,Sudeste Mato-grossense,5,CO,Centro-Oeste,IBGE_API
5107206,Rio Branco,MT,Mato Grosso,51,51014,Jauru,5103,Sudoeste Mato-grossense,5,CO,Centro-Oeste,IBGE_API
5107248,Santa Carmem,MT,Mato Grosso,51,51007,Sinop,5101,Norte Mato-grossense,5,CO,Centro-Oeste,IBGE_API
5107263,Santo Afonso,MT,Mato Grosso,51,51015,Alto Paraguai,5104,Centro-Sul Mato-grossense,5,CO,Centro-Oeste,IBGE_API
5107297,São José do Povo,MT,Mato Grosso,51,51021,Rondonópolis,5105,Sudeste Mato-grossense,5,CO,Centro-Oeste,IBGE_API
5107305,São José do Rio Claro,MT,Mato Grosso,51,51005,Arinos,5101,Norte Mato-grossense,5,CO,Centro-Oeste,IBGE_API
5107354,São José do Xingu,MT,Mato Grosso,51,51009,Norte Araguaia,5102,Nordeste Mato-grossense,5,CO,Centro-Oeste,IBGE_API
5107404,São Pedro da Cipa,MT,Mato Grosso,51,51021,Rondonópolis,5105,Sudeste Mato-grossense,5,CO,Centro-Oeste,IBGE_API
5107578,Rondolândia,MT,Mato Grosso,51,51001,Aripuanã,5101,Norte Mato-grossense,5,CO,Centro-Oeste,IBGE_API
5107602,Rondonópolis,MT,Mato Grosso,51,51021,Rondonópolis,5105,Sudeste Mato-grossense,5,CO,Centro-Oeste,IBGE_API
5107701,Rosário Oeste,MT,Mato Grosso,51,51016,Rosário Oeste,5104,Centro-Sul Mato-grossense,5,CO,Centro-Oeste,IBGE_API
5107743,Santa Cruz do Xingu,MT,Mato Grosso,51,51009,Norte Araguaia,5102,Nordeste Mato-grossense,5,CO,Centro-Oeste,IBGE_API
5107750,Salto do Céu,MT,Mato Grosso,51,51014,Jauru,5103,Sudoeste Mato-grossense,5,CO,Centro-Oeste,IBGE_API
5107768,Santa Rita do Trivelato,MT,Mato Grosso,51,51006,Alto Teles Pires,5101,Norte Mato-grossense,5,CO,Centro-Oeste,IBGE_API
5107776,Santa Terezinha,MT,Mato Grosso,51,51009,Norte Araguaia,5102,Nordeste Mato-grossense,5,CO,Centro-Oeste,IBGE_API
5107792,Santo Antônio do Leste,MT,Mato Grosso,51,51010,Canarana,5102,Nordeste Mato-grossense,5,CO,Centro-Oeste,IBGE_API
5107800,Santo Antônio de Leverger,MT,Mato Grosso,51,51017,Cuiabá,5104,Centro-Sul Mato-grossense,5,CO,Centro-Oeste,IBGE_API
5107859,São Félix do Araguaia,MT,Mato Grosso,51,51009,Norte Araguaia,5102,Nordeste Mato-grossense,5,CO,Centro-Oeste,IBGE_API
5107875,Sapezal,MT,Mato Grosso,51,51004,Parecis,5101,Norte Mato-grossense,5,CO,Centro-Oeste,IBGE_API
5107883,Serra Nova Dourada,MT,Mato Grosso,51,51009,Norte Araguaia,5102,Nordeste Mato-grossense,5,CO,Centro-Oeste,IBGE_API
5107909,Sinop,MT,Mato Grosso,51,51007,Sinop,5101,Norte Mato-grossense,5,CO,Centro-Oeste,IBGE_API
5107925,Sorriso,MT,Mato Grosso,51,51006,Alto Teles Pires,5101,Norte Mato-grossense,5,CO,Centro-Oeste,IBGE_API
5107941,Tabaporã,MT,Mato Grosso,51,51005,Arinos,5101,Norte Mato-grossense,5,CO,Centro-Oeste,IBGE_API
5107958,Tangará da Serra,MT,Mato Grosso,51,51013,Tangará da Serra,5103,Sudoeste Mato-grossense,5,CO,Centro-Oeste,IBGE_API
5108006,Tapurah,MT,Mato Grosso,51,51006,Alto Teles Pires,5101,Norte Mato-grossense,5,CO,Centro-Oeste,IBGE_API
5108055,Terra Nova do Norte,MT,Mato Grosso,51,51003,Colíder,5101,Norte Mato-grossense,5,CO,Centro-Oeste,IBGE_API
5108105,Tesouro,MT,Mato Grosso,51,51020,Tesouro,5105,Sudeste Mato-grossense,5,CO,Centro-Oeste,IBGE_API
5108204,Torixoréu,MT,Mato Grosso,51,51020,Tesouro,5105,Sudeste Mato-grossense,5,CO,Centro-Oeste,IBGE_API
5108303,União do Sul,MT,Mato Grosso,51,51007,Sinop,5101,Norte Mato-grossense,5,CO,Centro-Oeste,IBGE_API
5108352,Vale de São Domingos,MT,Mato Grosso,51,51012,Alto Guaporé,5103,Sudoeste Mato-grossense,5,CO,Centro-Oeste,IBGE_API
5108402,Várzea Grande,MT,Mato Grosso,51,51017,Cuiabá,5104,Centro-Sul Mato-grossense,5,CO,Centro-Oeste,IBGE_API
5108501,Vera,MT,Mato Grosso,51,51007,Sinop,5101,Norte Mato-grossense,5,CO,Centro-Oeste,IBGE_API
5108600,Vila Rica,MT,Mato Grosso,51,51009,Norte Araguaia,5102,Nordeste Mato-grossense,5,CO,Centro-Oeste,IBGE_API
5108808,Nova Guarita,MT,Mato Grosso,51,51003,Colíder,5101,Norte Mato-grossense,5,CO,Centro-Oeste,IBGE_API
5108857,Nova Marilândia,MT,Mato Grosso,51,51015,Alto Paraguai,5104,Centro-Sul Mato-grossense,5,CO,Centro-Oeste,IBGE_API
5108907,Nova Maringá,MT,Mato Grosso,51,51005,Arinos,5101,Norte Mato-grossense,5,CO,Centro-Oeste,IBGE_API
5108956,Nova Monte Verde,MT,Mato Grosso,51,51002,Alta Floresta,5101,Norte Mato-grossense,5,CO,Centro-Oeste,IBGE_API
5200050,Abadia de Goiás,GO,Goiás,52,52010,Goiânia,5203,Centro Goiano,5,CO,Centro-Oeste,IBGE_API
5200100,Abadiânia,GO,Goiás,52,52012,Entorno de Brasília,5204,Leste Goiano,5,CO,Centro-Oeste,IBGE_API
5200134,Acreúna,GO,Goiás,52,52014,Vale do Rio dos Bois,5205,Sul Goiano,5,CO,Centro-Oeste,IBGE_API
5200159,Adelândia,GO,Goiás,52,52009,Anicuns,5203,Centro Goiano,5,CO,Centro-Oeste,IBGE_API
5200175,Água Fria de Goiás,GO,Goiás,52,52012,Entorno de Brasília,5204,Leste Goiano,5,CO,Centro-Oeste,IBGE_API
5200209,Água Limpa,GO,Goiás,52,52015,Meia Ponte,5205,Sul Goiano,5,CO,Centro-Oeste,IBGE_API
5200258,Águas Lindas de Goiás,GO,Goiás,52,52012,Entorno de Brasília,5204,Leste Goiano,5,CO,Centro-Oeste,IBGE_API
5200308,Alexânia,GO,Goiás,52,52012,Entorno de Brasília,5204,Leste Goiano,5,CO,Centro-Oeste,IBGE_API
5200506,Aloândia,GO,Goiás,52,52015,Meia Ponte,5205,Sul Goiano,5,CO,Centro-Oeste,IBGE_API
5200555,Alto Horizonte,GO,Goiás,52,52004,Porangatu,5202,Norte Goiano,5,CO,Centro-Oeste,IBGE_API
5200605,Alto Paraíso de Goiás,GO,Goiás,52,52005,Chapada dos Veadeiros,5202,Norte Goiano,5,CO,Centro-Oeste,IBGE_API
5200803,Alvorada do Norte,GO,Goiás,52,52011,Vão do Paranã,5204,Leste Goiano,5,CO,Centro-Oeste,IBGE_API
5200829,Amaralina,GO,Goiás,52,52004,Porangatu,5202,Norte Goiano,5,CO,Centro-Oeste,IBGE_API
5200852,Americano do Brasil,GO,Goiás,52,52009,Anicuns,5203,Centro Goiano,5,CO,Centro-Oeste,IBGE_API
5200902,Amorinópolis,GO,Goiás,52,52008,Iporá,5203,Centro Goiano,5,CO,Centro-Oeste,IBGE_API
5201108,Anápolis,GO,Goiás,52,52007,Anápolis,5203,Centro Goiano,5,CO,Centro-Oeste,IBGE_API
5201207,Anhanguera,GO,Goiás,52,52017,Catalão,5205,Sul Goiano,5,CO,Centro-Oeste,IBGE_API
5201306,Anicuns,GO,Goiás,52,52009,Anicuns,5203,Centro Goiano,5,CO,Centro-Oeste,IBGE_API
5201405,Aparecida de Goiânia,GO,Goiás,52,52010,Goiânia,5203,Centro Goiano,5,CO,Centro-Oeste,IBGE_API
5201454,Aparecida do Rio Doce,GO,Goiás,52,52013,Sudoeste de Goiás,5205,Sul Goiano,5,CO,Centro-Oeste,IBGE_API
5201504,Aporé,GO,Goiás,52,52013,Sudoeste de Goiás,5205,Sul Goiano,5,CO,Centro-Oeste,IBGE_API
5201603,Araçu,GO,Goiás,52,52007,Anápolis,5203,Centro Goiano,5,CO,Centro-Oeste,IBGE_API
5201702,Aragarças,GO,Goiás,52,52003,Aragarças,5201,Noroeste Goiano,5,CO,Centro-Oeste,IBGE_API
5201801,Aragoiânia,GO,Goiás,52,52010,Goiânia,5203,Centro Goiano,5,CO,Centro-Oeste,IBGE_API
5202155,Araguapaz,GO,Goiás,52,52002,Rio Vermelho,5201,Noroeste Goiano,5,CO,Centro-Oeste,IBGE_API
5202353,Arenópolis,GO,Goiás,52,52003,Aragarças,5201,Noroeste Goiano,5,CO,Centro-Oeste,IBGE_API
5202502,Aruanã,GO,Goiás,52,52002,Rio Vermelho,5201,Noroeste Goiano,5,CO,Centro-Oeste,IBGE_API
5202601,Aurilândia,GO,Goiás,52,52009,Anicuns,5203,Centro Goiano,5,CO,Centro-Oeste,IBGE_API
5202809,Avelinópolis,GO,Goiás,52,52009,Anicuns,5203,Centro Goiano,5,CO,Centro-Oeste,IBGE_API
5203104,Baliza,GO,Goiás,52,52003,Aragarças,5201,Noroeste Goiano,5,CO,Centro-Oeste,IBGE_API
5203203,Barro Alto,GO,Goiás,52,52006,Ceres,5203,Centro Goiano,5,CO,Centro-Oeste,IBGE_API
5203302,Bela Vista de Goiás,GO,Goiás,52,52010,Goiânia,5203,Centro Goiano,5,CO,Centro-Oeste,IBGE_API
5203401,Bom Jardim de Goiás,GO,Goiás,52,52003,Aragarças,5201,Noroeste Goiano,5,CO,Centro-Oeste,IBGE_API
5203500,Bom Jesus de Goiás,GO,Goiás,52,52015,Meia Ponte,5205,Sul Goiano,5,CO,Centro-Oeste,IBGE_API
5203559,Bonfinópolis,GO,Goiás,52,52010,Goiânia,5203,Centro Goiano,5,CO,Centro-Oeste,IBGE_API
5203575,Bonópolis,GO,Goiás,52,52004,Porangatu,5202,Norte Goiano,5,CO,Centro-Oeste,IBGE_API
5203609,Brazabrantes,GO,Goiás,52,52007,Anápolis,5203,Centro Goiano,5,CO,Centro-Oeste,IBGE_API
5203807,Britânia,GO,Goiás,52,52002,Rio Vermelho,5201,Noroeste Goiano,5,CO,Centro-Oeste,IBGE_API
5203906,Buriti Alegre,GO,Goiás,52,52015,Meia Ponte,5205,Sul Goiano,5,CO,Centro-Oeste,IBGE_API
5203939,Buriti de Goiás,GO,Goiás,52,52009,Anicuns,5203,Centro Goiano,5,CO,Centro-Oeste,IBGE_API
5203962,Buritinópolis,GO,Goiás,52,52011,Vão do Paranã,5204,Leste Goiano,5,CO,Centro-Oeste,IBGE_API
5204003,Cabeceiras,GO,Goiás,52,52012,Entorno de Brasília,5204,Leste Goiano,5,CO,Centro-Oeste,IBGE_API
5204102,Cachoeira Alta,GO,Goiás,52,52018,Quirinópolis,5205,Sul Goiano,5,CO,Centro-Oeste,IBGE_API
5204201,Cachoeira de Goiás,GO,Goiás,52,52008,Iporá,5203,Centro Goiano,5,CO,Centro-Oeste,IBGE_API
5204250,Cachoeira Dourada,GO,Goiás,52,52015,Meia Ponte,5205,Sul Goiano,5,CO,Centro-Oeste,IBGE_API
5204300,Caçu,GO,Goiás,52,52018,Quirinópolis,5205,Sul Goiano,5,CO,Centro-Oeste,IBGE_API
5204409,Caiapônia,GO,Goiás,52,52013,Sudoeste de Goiás,5205,Sul Goiano,5,CO,Centro-Oeste,IBGE_API
5204508,Caldas Novas,GO,Goiás,52,52015,Meia Ponte,5205,Sul Goiano,5,CO,Centro-Oeste,IBGE_API
5204557,Caldazinha,GO,Goiás,52,52010,Goiânia,5203,Centro Goiano,5,CO,Centro-Oeste,IBGE_API
5204607,Campestre de Goiás,GO,Goiás,52,52014,Vale do Rio dos Bois,5205,Sul Goiano,5,CO,Centro-Oeste,IBGE_API
5204656,Campinaçu,GO,Goiás,52,52004,Porangatu,5202,Norte Goiano,5,CO,Centro-Oeste,IBGE_API
5204706,Campinorte,GO,Goiás,52,52004,Porangatu,5202,Norte Goiano,5,CO,Centro-Oeste,IBGE_API
5204805,Campo Alegre de Goiás,GO,Goiás,52,52017,Catalão,5205,Sul Goiano,5,CO,Centro-Oeste,IBGE_API
5204854,Campo Limpo de Goiás,GO,Goiás,52,52007,Anápolis,5203,Centro Goiano,5,CO,Centro-Oeste,IBGE_API
5204904,Campos Belos,GO,Goiás,52,52005,Chapada dos Veadeiros,5202,Norte Goiano,5,CO,Centro-Oeste,IBGE_API
5204953,Campos Verdes,GO,Goiás,52,52004,Porangatu,5202,Norte Goiano,5,CO,Centro-Oeste,IBGE_API
5205000,Carmo do Rio Verde,GO,Goiás,52,52006,Ceres,5203,Centro Goiano,5,CO,Centro-Oeste,IBGE_API
5205059,Castelândia,GO,Goiás,52,52013,Sudoeste de Goiás,5205,Sul Goiano,5,CO,Centro-Oeste,IBGE_API
5205109,Catalão,GO,Goiás,52,52017,Catalão,5205,Sul Goiano,5,CO,Centro-Oeste,IBGE_API
5205208,Caturaí,GO,Goiás,52,52007,Anápolis,5203,Centro Goiano,5,CO,Centro-Oeste,IBGE_API
5205307,Cavalcante,GO,Goiás,52,52005,Chapada dos Veadeiros,5202,Norte Goiano,5,CO,Centro-Oeste,IBGE_API
5205406,Ceres,GO,Goiás,52,52006,Ceres,5203,Centro Goiano,5,CO,Centro-Oeste,IBGE_API
5205455,Cezarina,GO,Goiás,52,52014,Vale do Rio dos Bois,5205,Sul Goiano,5,CO,Centro-Oeste,IBGE_API
5205471,Chapadão do Céu,GO,Goiás,52,52013,Sudoeste de Goiás,5205,Sul Goiano,5,CO,Centro-Oeste,IBGE_API
5205497,Cidade Ocidental,GO,Goiás,52,52012,Entorno de Brasília,5204,Leste Goiano,5,CO,Centro-Oeste,IBGE_API
5205513,Cocalzinho de Goiás,GO,Goiás,52,52012,Entorno de Brasília,5204,Leste Goiano,5,CO,Centro-Oeste,IBGE_API
5205521,Colinas do Sul,GO,Goiás,52,52005,Chapada dos Veadeiros,5202,Norte Goiano,5,CO,Centro-Oeste,IBGE_API
5205703,Córrego do Ouro,GO,Goiás,52,52008,Iporá,5203,Centro Goiano,5,CO,Centro-Oeste,IBGE_API
5205802,Corumbá de Goiás,GO,Goiás,52,52012,Entorno de Brasília,5204,Leste Goiano,5,CO,Centro-Oeste,IBGE_API
5205901,Corumbaíba,GO,Goiás,52,52017,Catalão,5205,Sul Goiano,5,CO,Centro-Oeste,IBGE_API
5206206,Cristalina,GO,Goiás,52,52012,Entorno de Brasília,5204,Leste Goiano,5,CO,Centro-Oeste,IBGE_API
5206305,Cristianópolis,GO,Goiás,52,52016,Pires do Rio,5205,Sul Goiano,5,CO,Centro-Oeste,IBGE_API
5206404,Crixás,GO,Goiás,52,52001,São Miguel do Araguaia,5201,Noroeste Goiano,5,CO,Centro-Oeste,IBGE_API
5206503,Cromínia,GO,Goiás,52,52015,Meia Ponte,5205,Sul Goiano,5,CO,Centro-Oeste,IBGE_API
5206602,Cumari,GO,Goiás,52,52017,Catalão,5205,Sul Goiano,5,CO,Centro-Oeste,IBGE_API
5206701,Damianópolis,GO,Goiás,52,52011,Vão do Paranã,5204,Leste Goiano,5,CO,Centro-Oeste,IBGE_API
5206800,Damolândia,GO,Goiás,52,52007,Anápolis,5203,Centro Goiano,5,CO,Centro-Oeste,IBGE_API
5206909,Davinópolis,GO,Goiás,52,52017,Catalão,5205,Sul Goiano,5,CO,Centro-Oeste,IBGE_API
5207105,Diorama,GO,Goiás,52,52003,Aragarças,5201,Noroeste Goiano,5,CO,Centro-Oeste,IBGE_API
5207253,Doverlândia,GO,Goiás,52,52013,Sudoeste de Goiás,5205,Sul Goiano,5,CO,Centro-Oeste,IBGE_API
5207352,Edealina,GO,Goiás,52,52014,Vale do Rio dos Bois,5205,Sul Goiano,5,CO,Centro-Oeste,IBGE_API
5207402,Edéia,GO,Goiás,52,52014,Vale do Rio dos Bois,5205,Sul Goiano,5,CO,Centro-Oeste,IBGE_API
5207501,Estrela do Norte,GO,Goiás,52,52004,Porangatu,5202,Norte Goiano,5,CO,Centro-Oeste,IBGE_API
5207535,Faina,GO,Goiás,52,52002,Rio Vermelho,5201,Noroeste Goiano,5,CO,Centro-Oeste,IBGE_API
5207600,Fazenda Nova,GO,Goiás,52,52008,Iporá,5203,Centro Goiano,5,CO,Centro-Oeste,IBGE_API
5207808,Firminópolis,GO,Goiás,52,52009,Anicuns,5203,Centro Goiano,5,CO,Centro-Oeste,IBGE_API
5207907,Flores de Goiás,GO,Goiás,52,52011,Vão do Paranã,5204,Leste Goiano,5,CO,Centro-Oeste,IBGE_API
5208004,Formosa,GO,Goiás,52,52012,Entorno de Brasília,5204,Leste Goiano,5,CO,Centro-Oeste,IBGE_API
5208103,Formoso,GO,Goiás,52,52004,Porangatu,5202,Norte Goiano,5,CO,Centro-Oeste,IBGE_API
5208152,Gameleira de Goiás,GO,Goiás,52,52016,Pires do Rio,5205,Sul Goiano,5,CO,Centro-Oeste,IBGE_API
5208301,Divinópolis de Goiás,GO,Goiás,52,52011,Vão do Paranã,5204,Leste Goiano,5,CO,Centro-Oeste,IBGE_API
5208400,Goianápolis,GO,Goiás,52,52010,Goiânia,5203,Centro Goiano,5,CO,Centro-Oeste,IBGE_API
5208509,Goiandira,GO,Goiás,52,52017,Catalão,5205,Sul Goiano,5,CO,Centro-Oeste,IBGE_API
5208608,Goianésia,GO,Goiás,52,52006,Ceres,5203,Centro Goiano,5,CO,Centro-Oeste,IBGE_API
5208707,Goiânia,GO,Goiás,52,52010,Goiânia,5203,Centro Goiano,5,CO,Centro-Oeste,IBGE_API
5208806,Goianira,GO,Goiás,52,52010,Goiânia,5203,Centro Goiano,5,CO,Centro-Oeste,IBGE_API
5208905,Goiás,GO,Goiás,52,52002,Rio Vermelho,5201,Noroeste Goiano,5,CO,Centro-Oeste,IBGE_API
5209101,Goiatuba,GO,Goiás,52,52015,Meia Ponte,5205,Sul Goiano,5,CO,Centro-Oeste,IBGE_API
5209150,Gouvelândia,GO,Goiás,52,52018,Quirinópolis,5205,Sul Goiano,5,CO,Centro-Oeste,IBGE_API
5209200,Guapó,GO,Goiás,52,52010,Goiânia,5203,Centro Goiano,5,CO,Centro-Oeste,IBGE_API
5209291,Guaraíta,GO,Goiás,52,52006,Ceres,5203,Centro Goiano,5,CO,Centro-Oeste,IBGE_API
5209408,Guarani de Goiás,GO,Goiás,52,52011,Vão do Paranã,5204,Leste Goiano,5,CO,Centro-Oeste,IBGE_API
5209457,Guarinos,GO,Goiás,52,52006,Ceres,5203,Centro Goiano,5,CO,Centro-Oeste,IBGE_API
5209606,Heitoraí,GO,Goiás,52,52007,Anápolis,5203,Centro Goiano,5,CO,Centro-Oeste,IBGE_API
5209705,Hidrolândia,GO,Goiás,52,52010,Goiânia,5203,Centro Goiano,5,CO,Centro-Oeste,IBGE_API
5209804,Hidrolina,GO,Goiás,52,52006,Ceres,5203,Centro Goiano,5,CO,Centro-Oeste,IBGE_API
5209903,Iaciara,GO,Goiás,52,52011,Vão do Paranã,5204,Leste Goiano,5,CO,Centro-Oeste,IBGE_API
5209937,Inaciolândia,GO,Goiás,52,52015,Meia Ponte,5205,Sul Goiano,5,CO,Centro-Oeste,IBGE_API
5209952,Indiara,GO,Goiás,52,52014,Vale do Rio dos Bois,5205,Sul Goiano,5,CO,Centro-Oeste,IBGE_API
5210000,Inhumas,GO,Goiás,52,52007,Anápolis,5203,Centro Goiano,5,CO,Centro-Oeste,IBGE_API
5210109,Ipameri,GO,Goiás,52,52017,Catalão,5205,Sul Goiano,5,CO,Centro-Oeste,IBGE_API
5210158,Ipiranga de Goiás,GO,Goiás,52,52006,Ceres,5203,Centro Goiano,5,CO,Centro-Oeste,IBGE_API
5210208,Iporá,GO,Goiás,52,52008,Iporá,5203,Centro Goiano,5,CO,Centro-Oeste,IBGE_API
5210307,Israelândia,GO,Goiás,52,52008,Iporá,5203,Centro Goiano,5,CO,Centro-Oeste,IBGE_API
5210406,Itaberaí,GO,Goiás,52,52007,Anápolis,5203,Centro Goiano,5,CO,Centro-Oeste,IBGE_API
5210562,Itaguari,GO,Goiás,52,52007,Anápolis,5203,Centro Goiano,5,CO,Centro-Oeste,IBGE_API
5210604,Itaguaru,GO,Goiás,52,52007,Anápolis,5203,Centro Goiano,5,CO,Centro-Oeste,IBGE_API
5210802,Itajá,GO,Goiás,52,52018,Quirinópolis,5205,Sul Goiano,5,CO,Centro-Oeste,IBGE_API
5210901,Itapaci,GO,Goiás,52,52006,Ceres,5203,Centro Goiano,5,CO,Centro-Oeste,IBGE_API
5211008,Itapirapuã,GO,Goiás,52,52002,Rio Vermelho,5201,Noroeste Goiano,5,CO,Centro-Oeste,IBGE_API
5211206,Itapuranga,GO,Goiás,52,52006,Ceres,5203,Centro Goiano,5,CO,Centro-Oeste,IBGE_API
5211305,Itarumã,GO,Goiás,52,52018,Quirinópolis,5205,Sul Goiano,5,CO,Centro-Oeste,IBGE_API
5211404,Itauçu,GO,Goiás,52,52007,Anápolis,5203,Centro Goiano,5,CO,Centro-Oeste,IBGE_API
5211503,Itumbiara,GO,Goiás,52,52015,Meia Ponte,5205,Sul Goiano,5,CO,Centro-Oeste,IBGE_API
5211602,Ivolândia,GO,Goiás,52,52008,Iporá,5203,Centro Goiano,5,CO,Centro-Oeste,IBGE_API
5211701,Jandaia,GO,Goiás,52,52014,Vale do Rio dos Bois,5205,Sul Goiano,5,CO,Centro-Oeste,IBGE_API
5211800,Jaraguá,GO,Goiás,52,52007,Anápolis,5203,Centro Goiano,5,CO,Centro-Oeste,IBGE_API
5211909,Jataí,GO,Goiás,52,52013,Sudoeste de Goiás,5205,Sul Goiano,5,CO,Centro-Oeste,IBGE_API
5212006,Jaupaci,GO,Goiás,52,52008,Iporá,5203,Centro Goiano,5,CO,Centro-Oeste,IBGE_API
5212055,Jesúpolis,GO,Goiás,52,52007,Anápolis,5203,Centro Goiano,5,CO,Centro-Oeste,IBGE_API
5212105,Joviânia,GO,Goiás,52,52015,Meia Ponte,5205,Sul Goiano,5,CO,Centro-Oeste,IBGE_API
5212204,Jussara,GO,Goiás,52,52002,Rio Vermelho,5201,Noroeste Goiano,5,CO,Centro-Oeste,IBGE_API
5212253,Lagoa Santa,GO,Goiás,52,52018,Quirinópolis,5205,Sul Goiano,5,CO,Centro-Oeste,IBGE_API
5212303,Leopoldo de Bulhões,GO,Goiás,52,52010,Goiânia,5203,Centro Goiano,5,CO,Centro-Oeste,IBGE_API
5212501,Luziânia,GO,Goiás,52,52012,Entorno de Brasília,5204,Leste Goiano,5,CO,Centro-Oeste,IBGE_API
5212600,Mairipotaba,GO,Goiás,52,52015,Meia Ponte,5205,Sul Goiano,5,CO,Centro-Oeste,IBGE_API
5212709,Mambaí,GO,Goiás,52,52011,Vão do Paranã,5204,Leste Goiano,5,CO,Centro-Oeste,IBGE_API
5212808,Mara Rosa,GO,Goiás,52,52004,Porangatu,5202,Norte Goiano,5,CO,Centro-Oeste,IBGE_API
5212907,Marzagão,GO,Goiás,52,52015,Meia Ponte,5205,Sul Goiano,5,CO,Centro-Oeste,IBGE_API
5212956,Matrinchã,GO,Goiás,52,52002,Rio Vermelho,5201,Noroeste Goiano,5,CO,Centro-Oeste,IBGE_API
5213004,Maurilândia,GO,Goiás,52,52013,Sudoeste de Goiás,5205,Sul Goiano,5,CO,Centro-Oeste,IBGE_API
5213053,Mimoso de Goiás,GO,Goiás,52,52012,Entorno de Brasília,5204,Leste Goiano,5,CO,Centro-Oeste,IBGE_API
5213087,Minaçu,GO,Goiás,52,52004,Porangatu,5202,Norte Goiano,5,CO,Centro-Oeste,IBGE_API
5213103,Mineiros,GO,Goiás,52,52013,Sudoeste de Goiás,5205,Sul Goiano,5,CO,Centro-Oeste,IBGE_API
5213400,Moiporá,GO,Goiás,52,52008,Iporá,5203,Centro Goiano,5,CO,Centro-Oeste,IBGE_API
5213509,Monte Alegre de Goiás,GO,Goiás,52,52005,Chapada dos Veadeiros,5202,Norte Goiano,5,CO,Centro-Oeste,IBGE_API
5213707,Montes Claros de Goiás,GO,Goiás,52,52003,Aragarças,5201,Noroeste Goiano,5,CO,Centro-Oeste,IBGE_API
5213756,Montividiu,GO,Goiás,52,52013,Sudoeste de Goiás,5205,Sul Goiano,5,CO,Centro-Oeste,IBGE_API
5213772,Montividiu do Norte,GO,Goiás,52,52004,Porangatu,5202,Norte Goiano,5,CO,Centro-Oeste,IBGE_API
5213806,Morrinhos,GO,Goiás,52,52015,Meia Ponte,5205,Sul Goiano,5,CO,Centro-Oeste,IBGE_API
5213855,Morro Agudo de Goiás,GO,Goiás,52,52006,Ceres,5203,Centro Goiano,5,CO,Centro-Oeste,IBGE_API
5213905,Mossâmedes,GO,Goiás,52,52009,Anicuns,5203,Centro Goiano,5,CO,Centro-Oeste,IBGE_API
5214002,Mozarlândia,GO,Goiás,52,52001,São Miguel do Araguaia,5201,Noroeste Goiano,5,CO,Centro-Oeste,IBGE_API
5214051,Mundo Novo,GO,Goiás,52,52001,São Miguel do Araguaia,5201,Noroeste Goiano,5,CO,Centro-Oeste,IBGE_API
5214101,Mutunópolis,GO,Goiás,52,52004,Porangatu,5202,Norte Goiano,5,CO,Centro-Oeste,IBGE_API
5214408,Nazário,GO,Goiás,52,52009,Anicuns,5203,Centro Goiano,5,CO,Centro-Oeste,IBGE_API
5214507,Nerópolis,GO,Goiás,52,52010,Goiânia,5203,Centro Goiano,5,CO,Centro-Oeste,IBGE_API
5214606,Niquelândia,GO,Goiás,52,52004,Porangatu,5202,Norte Goiano,5,CO,Centro-Oeste,IBGE_API
5214705,Nova América,GO,Goiás,52,52006,Ceres,5203,Centro Goiano,5,CO,Centro-Oeste,IBGE_API
5214804,Nova Aurora,GO,Goiás,52,52017,Catalão,5205,Sul Goiano,5,CO,Centro-Oeste,IBGE_API
5214838,Nova Crixás,GO,Goiás,52,52001,São Miguel do Araguaia,5201,Noroeste Goiano,5,CO,Centro-Oeste,IBGE_API
5214861,Nova Glória,GO,Goiás,52,52006,Ceres,5203,Centro Goiano,5,CO,Centro-Oeste,IBGE_API
5214879,Nova Iguaçu de Goiás,GO,Goiás,52,52004,Porangatu,5202,Norte Goiano,5,CO,Centro-Oeste,IBGE_API
5214903,Nova Roma,GO,Goiás,52,52005,Chapada dos Veadeiros,5202,Norte Goiano,5,CO,Centro-Oeste,IBGE_API
5215009,Nova Veneza,GO,Goiás,52,52007,Anápolis,5203,Centro Goiano,5,CO,Centro-Oeste,IBGE_API
5215207,Novo Brasil,GO,Goiás,52,52008,Iporá,5203,Centro Goiano,5,CO,Centro-Oeste,IBGE_API
5215231,Novo Gama,GO,Goiás,52,52012,Entorno de Brasília,5204,Leste Goiano,5,CO,Centro-Oeste,IBGE_API
5215256,Novo Planalto,GO,Goiás,52,52001,São Miguel do Araguaia,5201,Noroeste Goiano,5,CO,Centro-Oeste,IBGE_API
5215306,Orizona,GO,Goiás,52,52016,Pires do Rio,5205,Sul Goiano,5,CO,Centro-Oeste,IBGE_API
5215405,Ouro Verde de Goiás,GO,Goiás,52,52007,Anápolis,5203,Centro Goiano,5,CO,Centro-Oeste,IBGE_API
5215504,Ouvidor,GO,Goiás,52,52017,Catalão,5205,Sul Goiano,5,CO,Centro-Oeste,IBGE_API
5215603,Padre Bernardo,GO,Goiás,52,52012,Entorno de Brasília,5204,Leste Goiano,5,CO,Centro-Oeste,IBGE_API
5215652,Palestina de Goiás,GO,Goiás,52,52013,Sudoeste de Goiás,5205,Sul Goiano,5,CO,Centro-Oeste,IBGE_API
5215702,Palmeiras de Goiás,GO,Goiás,52,52014,Vale do Rio dos Bois,5205,Sul Goiano,5,CO,Centro-Oeste,IBGE_API
5215801,Palmelo,GO,Goiás,52,52016,Pires do Rio,5205,Sul Goiano,5,CO,Centro-Oeste,IBGE_API
5215900,Palminópolis,GO,Goiás,52,52014,Vale do Rio dos Bois,5205,Sul Goiano,5,CO,Centro-Oeste,IBGE_API
5216007,Panamá,GO,Goiás,52,52015,Meia Ponte,5205,Sul Goiano,5,CO,Centro-Oeste,IBGE_API
5216304,Paranaiguara,GO,Goiás,52,52018,Quirinópolis,5205,Sul Goiano,5,CO,Centro-Oeste,IBGE_API
5216403,Paraúna,GO,Goiás,52,52014,Vale do Rio dos Bois,5205,Sul Goiano,5,CO,Centro-Oeste,IBGE_API
5216452,Perolândia,GO,Goiás,52,52013,Sudoeste de Goiás,5205,Sul Goiano,5,CO,Centro-Oeste,IBGE_API
5216809,Petrolina de Goiás,GO,Goiás,52,52007,Anápolis,5203,Centro Goiano,5,CO,Centro-Oeste,IBGE_API
5216908,Pilar de Goiás,GO,Goiás,52,52006,Ceres,5203,Centro Goiano,5,CO,Centro-Oeste,IBGE_API
5217104,Piracanjuba,GO,Goiás,52,52015,Meia Ponte,5205,Sul Goiano,5,CO,Centro-Oeste,IBGE_API
5217203,Piranhas,GO,Goiás,52,52003,Aragarças,5201,Noroeste Goiano,5,CO,Centro-Oeste,IBGE_API
5217302,Pirenópolis,GO,Goiás,52,52012,Entorno de Brasília,5204,Leste Goiano,5,CO,Centro-Oeste,IBGE_API
5217401,Pires do Rio,GO,Goiás,52,52016,Pires do Rio,5205,Sul Goiano,5,CO,Centro-Oeste,IBGE_API
5217609,Planaltina,GO,Goiás,52,52012,Entorno de Brasília,5204,Leste Goiano,5,CO,Centro-Oeste,IBGE_API
5217708,Pontalina,GO,Goiás,52,52015,Meia Ponte,5205,Sul Goiano,5,CO,Centro-Oeste,IBGE_API
5218003,Porangatu,GO,Goiás,52,52004,Porangatu,5202,Norte Goiano,5,CO,Centro-Oeste,IBGE_API
5218052,Porteirão,GO,Goiás,52,52015,Meia Ponte,5205,Sul Goiano,5,CO,Centro-Oeste,IBGE_API
5218102,Portelândia,GO,Goiás,52,52013,Sudoeste de Goiás,5205,Sul Goiano,5,CO,Centro-Oeste,IBGE_API
5218300,Posse,GO,Goiás,52,52011,Vão do Paranã,5204,Leste Goiano,5,CO,Centro-Oeste,IBGE_API
5218391,Professor Jamil,GO,Goiás,52,52015,Meia Ponte,5205,Sul Goiano,5,CO,Centro-Oeste,IBGE_API
5218508,Quirinópolis,GO,Goiás,52,52018,Quirinópolis,5205,Sul Goiano,5,CO,Centro-Oeste,IBGE_API
5218607,Rialma,GO,Goiás,52,52006,Ceres,5203,Centro Goiano,5,CO,Centro-Oeste,IBGE_API
5218706,Rianápolis,GO,Goiás,52,52006,Ceres,5203,Centro Goiano,5,CO,Centro-Oeste,IBGE_API
5218789,Rio Quente,GO,Goiás,52,52015,Meia Ponte,5205,Sul Goiano,5,CO,Centro-Oeste,IBGE_API
5218805,Rio Verde,GO,Goiás,52,52013,Sudoeste de Goiás,5205,Sul Goiano,5,CO,Centro-Oeste,IBGE_API
5218904,Rubiataba,GO,Goiás,52,52006,Ceres,5203,Centro Goiano,5,CO,Centro-Oeste,IBGE_API
5219001,Sanclerlândia,GO,Goiás,52,52009,Anicuns,5203,Centro Goiano,5,CO,Centro-Oeste,IBGE_API
5219100,Santa Bárbara de Goiás,GO,Goiás,52,52009,Anicuns,5203,Centro Goiano,5,CO,Centro-Oeste,IBGE_API
5219209,Santa Cruz de Goiás,GO,Goiás,52,52016,Pires do Rio,5205,Sul Goiano,5,CO,Centro-Oeste,IBGE_API
5219258,Santa Fé de Goiás,GO,Goiás,52,52002,Rio Vermelho,5201,Noroeste Goiano,5,CO,Centro-Oeste,IBGE_API
5219308,Santa Helena de Goiás,GO,Goiás,52,52013,Sudoeste de Goiás,5205,Sul Goiano,5,CO,Centro-Oeste,IBGE_API
5219357,Santa Isabel,GO,Goiás,52,52006,Ceres,5203,Centro Goiano,5,CO,Centro-Oeste,IBGE_API
5219407,Santa Rita do Araguaia,GO,Goiás,52,52013,Sudoeste de Goiás,5205,Sul Goiano,5,CO,Centro-Oeste,IBGE_API
5219456,Santa Rita do Novo Destino,GO,Goiás,52,52006,Ceres,5203,Centro Goiano,5,CO,Centro-Oeste,IBGE_API
5219506,Santa Rosa de Goiás,GO,Goiás,52,52007,Anápolis,5203,Centro Goiano,5,CO,Centro-Oeste,IBGE_API
5219605,Santa Tereza de Goiás,GO,Goiás,52,52004,Porangatu,5202,Norte Goiano,5,CO,Centro-Oeste,IBGE_API
5219704,Santa Terezinha de Goiás,GO,Goiás,52,52004,Porangatu,5202,Norte Goiano,5,CO,Centro-Oeste,IBGE_API
5219712,Santo Antônio da Barra,GO,Goiás,52,52013,Sudoeste de Goiás,5205,Sul Goiano,5,CO,Centro-Oeste,IBGE_API
5219738,Santo Antônio de Goiás,GO,Goiás,52,52010,Goiânia,5203,Centro Goiano,5,CO,Centro-Oeste,IBGE_API
5219753,Santo Antônio do Descoberto,GO,Goiás,52,52012,Entorno de Brasília,5204,Leste Goiano,5,CO,Centro-Oeste,IBGE_API
5219803,São Domingos,GO,Goiás,52,52011,Vão do Paranã,5204,Leste Goiano,5,CO,Centro-Oeste,IBGE_API
5219902,São Francisco de Goiás,GO,Goiás,52,52007,Anápolis,5203,Centro Goiano,5,CO,Centro-Oeste,IBGE_API
5220009,São João d'Aliança,GO,Goiás,52,52005,Chapada dos Veadeiros,5202,Norte Goiano,5,CO,Centro-Oeste,IBGE_API
5220058,São João da Paraúna,GO,Goiás,52,52014,Vale do Rio dos Bois,5205,Sul Goiano,5,CO,Centro-Oeste,IBGE_API
5220108,São Luís de Montes Belos,GO,Goiás,52,52009,Anicuns,5203,Centro Goiano,5,CO,Centro-Oeste,IBGE_API
5220157,São Luiz do Norte,GO,Goiás,52,52006,Ceres,5203,Centro Goiano,5,CO,Centro-Oeste,IBGE_API
5220207,São Miguel do Araguaia,GO,Goiás,52,52001,São Miguel do Araguaia,5201,Noroeste Goiano,5,CO,Centro-Oeste,IBGE_API
5220264,São Miguel do Passa Quatro,GO,Goiás,52,52016,Pires do Rio,5205,Sul Goiano,5,CO,Centro-Oeste,IBGE_API
5220280,São Patrício,GO,Goiás,52,52006,Ceres,5203,Centro Goiano,5,CO,Centro-Oeste,IBGE_API
5220405,São Simão,GO,Goiás,52,52018,Quirinópolis,5205,Sul Goiano,5,CO,Centro-Oeste,IBGE_API
5220454,Senador Canedo,GO,Goiás,52,52010,Goiânia,5203,Centro Goiano,5,CO,Centro-Oeste,IBGE_API
5220504,Serranópolis,GO,Goiás,52,52013,Sudoeste de Goiás,5205,Sul Goiano,5,CO,Centro-Oeste,IBGE_API
5220603,Silvânia,GO,Goiás,52,52016,Pires do Rio,5205,Sul Goiano,5,CO,Centro-Oeste,IBGE_API
5220686,Simolândia,GO,Goiás,52,52011,Vão do Paranã,5204,Leste Goiano,5,CO,Centro-Oeste,IBGE_API
5220702,Sítio d'Abadia,GO,Goiás,52,52011,Vão do Paranã,5204,Leste Goiano,5,CO,Centro-Oeste,IBGE_API
5221007,Taquaral de Goiás,GO,Goiás,52,52007,Anápolis,5203,Centro Goiano,5,CO,Centro-Oeste,IBGE_API
5221080,Teresina de Goiás,GO,Goiás,52,52005,Chapada dos Veadeiros,5202,Norte Goiano,5,CO,Centro-Oeste,IBGE_API
5221197,Terezópolis de Goiás,GO,Goiás,52,52010,Goiânia,5203,Centro Goiano,5,CO,Centro-Oeste,IBGE_API
5221304,Três Ranchos,GO,Goiás,52,52017,Catalão,5205,Sul Goiano,5,CO,Centro-Oeste,IBGE_API
5221403,Trindade,GO,Goiás,52,52010,Goiânia,5203,Centro Goiano,5,CO,Centro-Oeste,IBGE_API
5221452,Trombas,GO,Goiás,52,52004,Porangatu,5202,Norte Goiano,5,CO,Centro-Oeste,IBGE_API
5221502,Turvânia,GO,Goiás,52,52009,Anicuns,5203,Centro Goiano,5,CO,Centro-Oeste,IBGE_API
5221551,Turvelândia,GO,Goiás,52,52014,Vale do Rio dos Bois,5205,Sul Goiano,5,CO,Centro-Oeste,IBGE_API
5221577,Uirapuru,GO,Goiás,52,52001,São Miguel do Araguaia,5201,Noroeste Goiano,5,CO,Centro-Oeste,IBGE_API
5221601,Uruaçu,GO,Goiás,52,52004,Porangatu,5202,Norte Goiano,5,CO,Centro-Oeste,IBGE_API
5221700,Uruana,GO,Goiás,52,52006,Ceres,5203,Centro Goiano,5,CO,Centro-Oeste,IBGE_API
5221809,Urutaí,GO,Goiás,52,52016,Pires do Rio,5205,Sul Goiano,5,CO,Centro-Oeste,IBGE_API
5221858,Valparaíso de Goiás,GO,Goiás,52,52012,Entorno de Brasília,5204,Leste Goiano,5,CO,Centro-Oeste,IBGE_API
5221908,Varjão,GO,Goiás,52,52014,Vale do Rio dos Bois,5205,Sul Goiano,5,CO,Centro-Oeste,IBGE_API
5222005,Vianópolis,GO,Goiás,52,52016,Pires do Rio,5205,Sul Goiano,5,CO,Centro-Oeste,IBGE_API
5222054,Vicentinópolis,GO,Goiás,52,52015,Meia Ponte,5205,Sul Goiano,5,CO,Centro-Oeste,IBGE_API
5222203,Vila Boa,GO,Goiás,52,52012,Entorno de Brasília,5204,Leste Goiano,5,CO,Centro-Oeste,IBGE_API
5222302,Vila Propício,GO,Goiás,52,52012,Entorno de Brasília,5204,Leste Goiano,5,CO,Centro-Oeste,IBGE_API
5300108,Brasília,DF,Distrito Federal,53,53001,Brasília,5301,Distrito Federal,5,CO,Centro-Oeste,IBGE_API
